run_id,sample_index,capture_elapsed_sec,gameplay_elapsed_sec,state,scenario,included_in_summary,window_frames,avg_fps,avg_frame_ms,p95_frame_ms,p99_frame_ms,max_frame_ms,cpu_frame_ms,gpu_frame_ms,main_thread_ms,render_thread_ms,gc_alloc_bytes,gc_collections,total_allocated_mb,total_reserved_mb,mono_used_mb,mono_heap_mb,enemy_count,visible_enemy_count,active_projectile_count,active_gate_count,squad_size,pool_active_count,pool_inactive_count,pressure_phase,spawn_per_second,enemy_cap,minimum_visible,threat_budget,gate_phase,gate_cadence_sec,draw_calls,batches,setpass_calls,target_frame_rate,vsync_count,quality_level,battery_temperature_c,battery_level
oppo_full_02_20260809,0,2.588,N/A,MenuWarmup,Warm-up,0,1,0.386,2587.783,2587.783,2587.783,2587.783,N/A,N/A,0,N/A,0,0,131.037,274.793,4.625,5.758,0,0,0,0,1,0,272,N/A,3,12,8,2,early,15,N/A,N/A,0,-1,0,Very Low,N/A,1
oppo_full_02_20260809,1,3.614,N/A,MenuWarmup,Warm-up,0,7,6.824,146.538,569.387,747.411,791.917,222.843,39.192,32.754,N/A,3567225,9,139.437,276.793,7.652,11.242,0,0,0,0,1,0,272,N/A,3,12,8,2,early,15,N/A,N/A,29,-1,0,Very Low,N/A,1
oppo_full_02_20260809,2,4.647,N/A,MenuWarmup,Warm-up,0,31,30,33.333,33.373,33.391,33.399,33.759,24.377,33.401,N/A,2826,9,139.437,276.793,7.652,11.242,0,0,0,0,1,0,272,N/A,3,12,8,2,early,15,N/A,N/A,29,-1,0,Very Low,N/A,1
oppo_full_02_20260809,3,5.68,N/A,MenuWarmup,Warm-up,0,31,30,33.334,33.392,33.402,33.404,33.338,25.91,33.33,N/A,2530,9,139.437,276.793,7.652,11.242,0,0,0,0,1,0,272,N/A,3,12,8,2,early,15,N/A,N/A,29,-1,0,Very Low,N/A,1
oppo_full_02_20260809,4,6.714,N/A,MenuWarmup,Warm-up,0,31,29.999,33.334,33.365,33.381,33.386,33.33,25.878,33.273,N/A,2518,9,139.437,276.793,7.652,11.242,0,0,0,0,1,0,272,N/A,3,12,8,2,early,15,N/A,N/A,29,-1,0,Very Low,N/A,1
oppo_full_02_20260809,5,7.747,N/A,MenuWarmup,Warm-up,0,31,30,33.334,33.385,33.392,33.393,33.348,25.883,33.295,N/A,2542,9,139.437,276.793,7.656,11.242,0,0,0,0,1,0,272,N/A,3,12,8,2,early,15,N/A,N/A,29,-1,0,Very Low,N/A,1
oppo_full_02_20260809,6,8.78,N/A,MenuWarmup,Warm-up,0,30,29.031,34.445,33.581,57.09,66.664,34.294,25.833,34.229,N/A,2530,9,139.437,276.793,7.656,11.242,0,0,0,0,1,0,272,N/A,3,12,8,2,early,15,N/A,N/A,29,-1,0,Very Low,N/A,1
oppo_full_02_20260809,7,9.814,N/A,MenuWarmup,Warm-up,0,31,30.003,33.33,33.407,33.735,33.871,33.298,25.852,33.277,N/A,2534,9,141.5,276.793,7.656,11.242,0,0,0,0,1,0,272,N/A,3,12,8,2,early,15,N/A,N/A,29,-1,0,Very Low,N/A,1
oppo_full_02_20260809,8,10.847,N/A,MenuMeasurement,Main Menu Idle,1,25,30.003,33.33,33.449,33.497,33.51,33.319,25.978,33.265,N/A,0,9,141.5,276.793,7.656,11.242,0,0,0,0,1,0,272,N/A,3,12,8,2,early,15,N/A,N/A,29,-1,0,Very Low,N/A,1
oppo_full_02_20260809,9,11.847,N/A,MenuMeasurement,Main Menu Idle,1,30,29.996,33.338,33.479,33.487,33.487,33.335,25.852,33.286,N/A,2522,9,141.5,276.793,7.656,11.242,0,0,0,0,1,0,272,N/A,3,12,8,2,early,15,N/A,N/A,29,-1,0,Very Low,N/A,1
oppo_full_02_20260809,10,12.88,N/A,MenuMeasurement,Main Menu Idle,1,31,30.001,33.332,33.369,33.412,33.43,33.331,25.828,33.277,N/A,2594,9,141.439,276.793,7.66,11.242,0,0,0,0,1,0,272,N/A,3,12,8,2,early,15,N/A,N/A,29,-1,0,Very Low,N/A,1
oppo_full_02_20260809,11,13.913,N/A,MenuMeasurement,Main Menu Idle,1,31,30.002,33.331,33.382,33.526,33.585,33.334,25.703,33.271,N/A,2566,9,141.436,276.793,7.66,11.242,0,0,0,0,1,0,272,N/A,3,12,8,2,early,15,N/A,N/A,29,-1,0,Very Low,N/A,1
oppo_full_02_20260809,12,14.914,N/A,MenuMeasurement,Main Menu Idle,1,30,29.996,33.338,33.484,33.585,33.625,33.335,25.857,33.293,N/A,2574,9,141.436,276.793,7.664,11.242,0,0,0,0,1,0,272,N/A,3,12,8,2,early,15,N/A,N/A,29,-1,0,Very Low,N/A,1
oppo_full_02_20260809,13,15.947,N/A,MenuMeasurement,Main Menu Idle,1,31,30.003,33.33,33.413,33.459,33.477,33.332,25.848,33.272,N/A,2574,9,141.436,276.793,7.664,11.242,0,0,0,0,1,0,272,N/A,3,12,8,2,early,15,N/A,N/A,29,-1,0,Very Low,N/A,1
oppo_full_02_20260809,14,16.947,N/A,MenuMeasurement,Main Menu Idle,1,30,29.998,33.335,33.39,33.413,33.421,33.328,25.804,33.273,N/A,2574,9,141.436,276.793,7.664,11.242,0,0,0,0,1,0,272,N/A,3,12,8,2,early,15,N/A,N/A,29,-1,0,Very Low,N/A,1
oppo_full_02_20260809,15,17.98,N/A,MenuMeasurement,Main Menu Idle,1,31,30.003,33.33,33.388,33.42,33.434,33.369,25.842,33.285,N/A,2570,9,141.436,276.793,7.664,11.242,0,0,0,0,1,0,272,N/A,3,12,8,2,early,15,N/A,N/A,29,-1,0,Very Low,N/A,1
oppo_full_02_20260809,16,18.98,N/A,MenuMeasurement,Main Menu Idle,1,30,29.999,33.335,33.429,33.442,33.442,33.31,25.868,33.276,N/A,2566,9,141.436,276.793,7.664,11.242,0,0,0,0,1,0,272,N/A,3,12,8,2,early,15,N/A,N/A,29,-1,0,Very Low,N/A,1
oppo_full_02_20260809,17,19.98,N/A,MenuMeasurement,Main Menu Idle,1,30,30,33.334,33.479,33.519,33.527,33.321,25.891,33.274,N/A,2566,9,141.436,276.793,7.664,11.242,0,0,0,0,1,0,272,N/A,3,12,8,2,early,15,N/A,N/A,29,-1,0,Very Low,N/A,1
oppo_full_02_20260809,18,21.014,N/A,MenuMeasurement,Main Menu Idle,1,31,30,33.334,33.412,33.439,33.449,33.33,25.873,33.262,N/A,2554,9,141.436,276.793,7.668,11.242,0,0,0,0,1,0,272,N/A,3,12,8,2,early,15,N/A,N/A,29,-1,0,Very Low,N/A,1
oppo_full_02_20260809,19,22.047,N/A,MenuMeasurement,Main Menu Idle,1,31,30.002,33.331,33.427,33.465,33.475,33.35,25.926,33.279,N/A,2558,9,141.436,276.793,7.676,11.242,0,0,0,0,1,0,272,N/A,3,12,8,2,early,15,N/A,N/A,29,-1,0,Very Low,N/A,1
oppo_full_02_20260809,20,23.047,N/A,MenuMeasurement,Main Menu Idle,1,30,29.998,33.336,33.464,33.508,33.517,33.324,25.836,33.288,N/A,2574,9,141.436,276.793,7.676,11.242,0,0,0,0,1,0,272,N/A,3,12,8,2,early,15,N/A,N/A,29,-1,0,Very Low,N/A,1
oppo_full_02_20260809,21,24.08,N/A,MenuMeasurement,Main Menu Idle,1,31,30.001,33.332,33.428,33.463,33.468,33.336,25.856,33.288,N/A,2574,9,141.436,276.793,7.676,11.242,0,0,0,0,1,0,272,N/A,3,12,8,2,early,15,N/A,N/A,29,-1,0,Very Low,N/A,1
oppo_full_02_20260809,22,25.114,N/A,MenuMeasurement,Main Menu Idle,1,31,29.993,33.341,33.443,33.565,33.604,33.364,25.828,33.259,N/A,2574,9,141.436,276.793,7.676,11.242,0,0,0,0,1,0,272,N/A,3,12,8,2,early,15,N/A,N/A,29,-1,0,Very Low,N/A,1
oppo_full_02_20260809,23,26.147,N/A,MenuMeasurement,Main Menu Idle,1,31,30.005,33.327,33.429,33.493,33.52,33.325,25.856,33.284,N/A,2578,9,141.436,276.793,7.68,11.242,0,0,0,0,1,0,272,N/A,3,12,8,2,early,15,N/A,N/A,29,-1,0,Very Low,N/A,1
oppo_full_02_20260809,24,27.18,N/A,MenuMeasurement,Main Menu Idle,1,31,30.003,33.33,33.417,33.451,33.463,33.315,25.817,33.268,N/A,2570,9,141.436,276.793,7.68,11.242,0,0,0,0,1,0,272,N/A,3,12,8,2,early,15,N/A,N/A,29,-1,0,Very Low,N/A,1
oppo_full_02_20260809,25,28.18,N/A,MenuMeasurement,Main Menu Idle,1,30,29.997,33.336,33.428,33.446,33.446,33.334,25.803,33.285,N/A,2566,9,141.436,276.793,7.68,11.242,0,0,0,0,1,0,272,N/A,3,12,8,2,early,15,N/A,N/A,29,-1,0,Very Low,N/A,1
oppo_full_02_20260809,26,29.213,N/A,MenuMeasurement,Main Menu Idle,1,31,30.008,33.324,33.424,33.466,33.481,33.33,25.833,33.27,N/A,2566,9,141.436,276.793,7.684,11.242,0,0,0,0,1,0,272,N/A,3,12,8,2,early,15,N/A,N/A,29,-1,0,Very Low,N/A,1
oppo_full_02_20260809,27,30.214,N/A,MenuMeasurement,Main Menu Idle,1,30,29.99,33.345,33.484,33.532,33.535,33.326,25.877,33.281,N/A,2570,9,141.436,276.793,7.688,11.242,0,0,0,0,1,0,272,N/A,3,12,8,2,early,15,N/A,N/A,29,-1,0,Very Low,N/A,1
oppo_full_02_20260809,28,31.247,N/A,MenuMeasurement,Main Menu Idle,1,31,30.006,33.326,33.432,33.476,33.483,33.331,25.853,33.281,N/A,2570,9,141.436,276.793,7.691,11.242,0,0,0,0,1,0,272,N/A,3,12,8,2,early,15,N/A,N/A,29,-1,0,Very Low,N/A,1
oppo_full_02_20260809,29,32.247,N/A,MenuMeasurement,Main Menu Idle,1,30,29.994,33.34,33.417,33.444,33.453,33.347,25.853,33.304,N/A,2578,9,141.436,276.793,7.691,11.242,0,0,0,0,1,0,272,N/A,3,12,8,2,early,15,N/A,N/A,29,-1,0,Very Low,N/A,1
oppo_full_02_20260809,30,33.28,N/A,MenuMeasurement,Main Menu Idle,1,31,30.002,33.331,33.418,33.431,33.437,33.328,25.851,33.253,N/A,2570,9,141.441,276.793,7.691,11.242,0,0,0,0,1,0,272,N/A,3,12,8,2,early,15,N/A,N/A,29,-1,0,Very Low,N/A,1
oppo_full_02_20260809,31,34.313,N/A,MenuMeasurement,Main Menu Idle,1,31,30,33.333,33.428,33.498,33.523,33.337,25.821,33.279,N/A,2574,9,141.441,276.793,7.699,11.242,0,0,0,0,1,0,272,N/A,3,12,8,2,early,15,N/A,N/A,29,-1,0,Very Low,N/A,1
oppo_full_02_20260809,32,35.347,N/A,MenuMeasurement,Main Menu Idle,1,31,30.006,33.327,33.427,33.546,33.596,33.324,25.875,33.263,N/A,2562,9,141.441,276.793,7.699,11.242,0,0,0,0,1,0,272,N/A,3,12,8,2,early,15,N/A,N/A,29,-1,0,Very Low,N/A,1
oppo_full_02_20260809,33,36.347,N/A,MenuMeasurement,Main Menu Idle,1,30,29.995,33.339,33.47,33.495,33.503,33.334,25.811,33.279,N/A,2578,9,141.441,276.793,7.703,11.242,0,0,0,0,1,0,272,N/A,3,12,8,2,early,15,N/A,N/A,29,-1,0,Very Low,N/A,1
oppo_full_02_20260809,34,37.38,N/A,MenuMeasurement,Main Menu Idle,1,31,30,33.334,33.441,33.476,33.485,33.345,25.789,33.302,N/A,2570,9,141.441,276.793,7.703,11.242,0,0,0,0,1,0,272,N/A,3,12,8,2,early,15,N/A,N/A,29,-1,0,Very Low,N/A,1
oppo_full_02_20260809,35,38.413,N/A,MenuMeasurement,Main Menu Idle,1,31,30,33.334,33.4,33.423,33.429,33.332,25.783,33.264,N/A,2558,9,141.441,276.793,7.707,11.242,0,0,0,0,1,0,272,N/A,3,12,8,2,early,15,N/A,N/A,29,-1,0,Very Low,N/A,1
oppo_full_02_20260809,36,39.447,N/A,MenuMeasurement,Main Menu Idle,1,31,30.001,33.332,33.522,33.546,33.547,33.326,25.797,33.266,N/A,2554,9,141.441,276.793,7.707,11.242,0,0,0,0,1,0,272,N/A,3,12,8,2,early,15,N/A,N/A,29,-1,0,Very Low,N/A,1
oppo_full_02_20260809,37,40.464,0.417,GameplayWarmup,Warm-up,0,12,28.783,34.743,40.942,48.185,49.996,34.774,18.761,34.555,N/A,199026,12,142.666,276.793,7.824,11.242,9,8,36,0,4,45,263,node_0_60,3.007,12,8,2.014,early,15,N/A,N/A,9,-1,0,Very Low,N/A,1
oppo_full_02_20260809,38,41.497,1.45,GameplayWarmup,Warm-up,0,31,30.01,33.323,33.485,33.65,33.72,33.313,21.623,33.257,N/A,1158892,12,143.539,276.793,9.031,11.242,9,8,51,0,4,60,268,node_0_60,3.024,12,8,2.048,early,15,N/A,N/A,11,-1,0,Very Low,N/A,1
oppo_full_02_20260809,39,42.497,2.45,GameplayWarmup,Warm-up,0,30,29.998,33.336,33.475,33.485,33.487,33.333,22.917,33.303,N/A,140124,15,143.985,276.793,9.098,11.242,9,8,56,0,4,65,270,node_0_60,3.041,12,8,2.082,early,15,N/A,N/A,11,-1,0,Very Low,N/A,1
oppo_full_02_20260809,40,43.53,3.483,GameplayWarmup,Warm-up,0,31,30.002,33.331,33.469,33.559,33.589,33.344,23.439,33.276,N/A,126822,15,144.218,276.793,9.203,11.242,9,8,50,0,4,59,278,node_0_60,3.058,12,8,2.116,early,15,N/A,N/A,11,-1,0,Very Low,N/A,1
oppo_full_02_20260809,41,44.563,4.517,GameplayWarmup,Warm-up,0,31,30.001,33.332,33.49,33.525,33.536,33.328,23.854,33.271,N/A,73790,15,144.231,276.793,9.266,11.242,9,8,52,0,4,61,276,node_0_60,3.075,12,8,2.151,early,15,N/A,N/A,11,-1,0,Very Low,N/A,1
oppo_full_02_20260809,42,45.597,5.55,GameplayWarmup,Warm-up,0,31,30,33.334,33.499,33.514,33.519,33.335,23.405,33.273,N/A,60968,15,144.226,276.793,9.332,11.242,9,8,48,0,4,57,280,node_0_60,3.092,13,8,2.185,early,15,N/A,N/A,11,-1,0,Very Low,N/A,1
oppo_full_02_20260809,43,46.63,6.583,GameplayWarmup,Warm-up,0,31,30.002,33.332,33.447,33.505,33.523,33.345,23.107,33.281,N/A,66286,15,144.266,276.793,9.402,11.242,10,8,64,0,4,74,265,node_0_60,3.11,13,8,2.219,early,15,N/A,N/A,11,-1,0,Very Low,N/A,1
oppo_full_02_20260809,44,47.647,7.6,GameplayWarmup,Warm-up,0,30,29.506,33.891,33.489,45.155,49.919,33.876,22.168,33.846,N/A,65446,15,144.297,276.793,9.457,11.242,11,10,64,0,4,75,266,node_0_60,3.127,13,9,2.253,early,15,N/A,N/A,11,-1,0,Very Low,N/A,1
oppo_full_02_20260809,45,48.68,8.633,GameplayWarmup,Warm-up,0,31,30,33.334,33.489,33.508,33.514,33.329,23.542,33.25,N/A,67074,15,144.263,276.793,9.531,11.242,10,9,49,0,4,59,282,node_0_60,3.144,13,9,2.288,early,15,N/A,N/A,11,-1,0,Very Low,N/A,1
oppo_full_02_20260809,46,49.68,9.633,GameplayWarmup,Warm-up,0,30,29.999,33.334,33.502,33.558,33.574,33.344,23.431,33.287,N/A,69758,15,144.273,276.793,9.605,11.242,10,9,51,0,4,61,280,node_0_60,3.161,13,9,2.321,early,15,N/A,N/A,11,-1,0,Very Low,N/A,1
oppo_full_02_20260809,47,50.713,10.667,GameplayMeasurement,Early Run,1,20,30.011,33.321,33.451,33.463,33.465,33.307,22.983,33.234,N/A,40088,15,144.282,276.793,9.664,11.242,10,9,59,0,4,69,272,node_0_60,3.178,13,9,2.356,early,15,N/A,N/A,11,-1,0,Very Low,N/A,1
oppo_full_02_20260809,48,51.713,11.667,GameplayMeasurement,Early Run,1,30,30,33.334,33.467,33.494,33.5,33.335,23.642,33.272,N/A,53212,15,144.354,276.793,9.723,11.242,11,9,70,0,4,81,272,node_0_60,3.194,13,9,2.389,early,15,N/A,N/A,11,-1,0,Very Low,N/A,1
oppo_full_02_20260809,49,52.73,12.683,GameplayMeasurement,Early Run,1,30,29.509,33.888,33.495,45.193,49.967,33.888,22.68,33.824,N/A,58444,15,144.354,276.793,9.789,11.242,11,10,63,0,4,74,279,node_0_60,3.211,13,9,2.423,early,15,N/A,N/A,11,-1,0,Very Low,N/A,1
oppo_full_02_20260809,50,53.73,13.683,GameplayMeasurement,Early Run,1,30,29.998,33.335,33.564,33.736,33.794,33.37,24.177,33.271,N/A,60200,15,144.334,276.793,9.855,11.242,10,9,56,0,4,66,287,node_0_60,3.228,13,9,2.456,early,15,N/A,N/A,11,-1,0,Very Low,N/A,1
oppo_full_02_20260809,51,54.763,14.716,GameplayMeasurement,Early Run,1,31,30.005,33.327,33.546,33.606,33.608,33.307,24.044,33.262,N/A,70504,15,144.319,276.793,9.941,11.242,10,9,51,0,4,61,292,node_0_60,3.245,13,9,2.491,early,15,N/A,N/A,11,-1,0,Very Low,N/A,1
oppo_full_02_20260809,52,55.763,15.717,GameplayMeasurement,Early Run,1,30,29.996,33.338,33.572,33.603,33.605,33.356,24.141,33.263,N/A,61442,15,144.327,276.793,10.012,11.242,10,9,57,0,4,67,286,node_0_60,3.262,14,9,2.524,early,15,N/A,N/A,11,-1,0,Very Low,N/A,1
oppo_full_02_20260809,53,56.797,16.75,GameplayMeasurement,Early Run,1,31,29.998,33.335,33.491,33.572,33.602,33.304,24.298,33.226,N/A,48516,15,144.339,276.793,10.066,11.242,10,9,73,0,4,83,271,node_0_60,3.279,14,9,2.558,early,15,N/A,N/A,11,-1,0,Very Low,N/A,1
oppo_full_02_20260809,54,57.813,17.767,GameplayMeasurement,Early Run,1,30,29.51,33.887,33.602,45.243,49.997,33.327,23.78,33.805,N/A,59252,15,144.36,276.793,10.129,11.242,10,9,65,0,4,75,282,node_0_60,3.296,14,9,2.592,early,15,N/A,N/A,11,-1,0,Very Low,N/A,1
oppo_full_02_20260809,55,58.847,18.8,GameplayMeasurement,Early Run,1,31,30.003,33.33,33.575,33.589,33.592,33.886,20.648,33.26,N/A,60464,15,144.365,276.793,10.195,11.242,10,9,72,0,4,82,275,node_0_60,3.313,14,9,2.627,early,15,N/A,N/A,11,-1,0,Very Low,N/A,1
oppo_full_02_20260809,56,59.847,19.8,GameplayMeasurement,Early Run,1,30,29.996,33.338,33.616,33.666,33.67,33.35,23.422,33.25,N/A,49992,15,144.357,276.793,10.254,11.242,10,9,79,0,4,89,268,node_0_60,3.33,14,9,2.66,early,15,N/A,N/A,11,-1,0,Very Low,N/A,1
oppo_full_02_20260809,57,60.88,20.833,GameplayMeasurement,Early Run,1,31,30.001,33.332,33.594,33.725,33.75,33.328,24.231,33.223,N/A,55944,15,144.397,276.793,10.316,11.242,11,9,78,0,4,89,271,node_0_60,3.347,14,9,2.694,early,15,N/A,N/A,11,-1,0,Very Low,N/A,1
oppo_full_02_20260809,58,61.88,21.833,GameplayMeasurement,Early Run,1,30,29.997,33.336,33.497,33.52,33.525,33.342,24.371,33.261,N/A,45032,15,144.376,276.793,10.371,11.242,10,9,72,0,4,82,278,node_0_60,3.364,14,9,2.728,early,15,N/A,N/A,11,-1,0,Very Low,N/A,1
oppo_full_02_20260809,59,62.913,22.867,GameplayMeasurement,Early Run,1,31,30.002,33.331,33.493,33.532,33.538,33.325,24.533,33.274,N/A,62512,15,144.405,276.793,10.438,11.242,11,10,68,0,4,79,281,node_0_60,3.381,14,10,2.762,early,15,N/A,N/A,11,-1,0,Very Low,N/A,1
oppo_full_02_20260809,60,63.93,23.883,GameplayMeasurement,Early Run,1,30,29.503,33.895,33.555,45.186,49.936,33.889,19.869,33.818,N/A,63224,15,144.422,276.793,10.512,11.242,11,10,51,0,4,62,298,node_0_60,3.398,14,10,2.796,early,15,N/A,N/A,11,-1,0,Very Low,N/A,1
oppo_full_02_20260809,61,64.963,24.917,GameplayMeasurement,Early Run,1,31,30.004,33.329,33.541,33.559,33.562,33.319,24.374,33.254,N/A,66792,18,144.423,276.793,9.316,11.242,11,10,46,0,4,57,303,node_0_60,3.415,14,10,2.831,early,15,N/A,N/A,11,-1,0,Very Low,N/A,1
oppo_full_02_20260809,62,65.997,25.95,GameplayMeasurement,Early Run,1,31,30.001,33.332,33.514,33.586,33.608,33.339,24.152,33.274,N/A,70936,18,144.448,276.793,9.32,11.242,12,11,40,0,4,52,308,node_0_60,3.432,15,10,2.865,early,15,N/A,N/A,11,-1,0,Very Low,N/A,1
oppo_full_02_20260809,63,67.03,26.983,GameplayMeasurement,Early Run,1,31,30.002,33.332,33.56,33.631,33.647,33.329,24.494,33.26,N/A,53472,18,144.435,276.793,9.344,11.242,12,10,65,0,4,77,283,node_0_60,3.45,15,10,2.899,early,15,N/A,N/A,11,-1,0,Very Low,N/A,1
oppo_full_02_20260809,64,68.03,27.983,GameplayMeasurement,Early Run,1,30,29.999,33.334,33.576,33.718,33.769,33.35,24.27,33.264,N/A,73096,18,144.429,276.793,9.398,11.242,11,10,60,0,4,71,289,node_0_60,3.466,15,10,2.933,early,15,N/A,N/A,11,-1,0,Very Low,N/A,1
oppo_full_02_20260809,65,69.03,28.983,GameplayMeasurement,Early Run,1,30,29.998,33.336,33.517,33.622,33.656,33.332,23.395,33.23,N/A,65708,18,144.429,276.793,9.457,11.242,11,10,54,0,4,65,295,node_0_60,3.483,15,10,2.966,early,15,N/A,N/A,11,-1,0,Very Low,N/A,1
oppo_full_02_20260809,66,70.03,29.983,GameplayMeasurement,Early Run,1,30,29.998,33.336,33.509,33.537,33.539,33.331,24.594,33.27,N/A,47652,18,144.422,276.793,9.508,11.242,11,10,69,0,4,80,280,node_0_60,3.5,15,10,2.999,early,15,N/A,N/A,11,-1,0,Very Low,N/A,1
oppo_full_02_20260809,67,71.063,31.016,GameplayMeasurement,Early Run,1,31,30.006,33.326,33.518,33.585,33.612,33.322,24.028,33.254,N/A,69698,18,144.441,276.793,9.566,11.242,12,10,59,0,4,71,289,node_0_60,3.517,15,10,3.034,early,15,N/A,N/A,11,-1,0,Very Low,N/A,1
oppo_full_02_20260809,68,72.064,32.017,GameplayMeasurement,Early Run,1,30,29.993,33.341,33.537,33.563,33.572,33.358,24.286,33.263,N/A,61954,18,144.473,276.793,9.621,11.242,11,10,52,0,4,64,296,node_0_60,3.534,15,10,3.067,early,15,N/A,N/A,11,-1,0,Very Low,N/A,1
oppo_full_02_20260809,69,73.097,33.05,GameplayMeasurement,Early Run,1,31,30.004,33.328,33.442,33.542,33.584,33.331,24.13,33.236,N/A,78478,18,144.518,276.793,9.684,11.242,12,10,54,0,4,67,293,node_0_60,3.551,15,10,3.102,early,15,N/A,N/A,11,-1,0,Very Low,N/A,1
oppo_full_02_20260809,70,74.097,34.05,GameplayMeasurement,Early Run,1,30,29.998,33.335,33.504,33.578,33.606,33.34,24.074,33.27,N/A,65536,18,144.523,276.793,9.762,11.242,11,10,54,0,4,67,293,node_0_60,3.567,15,10,3.135,early,15,N/A,N/A,11,-1,0,Very Low,N/A,1
oppo_full_02_20260809,71,75.113,35.067,GameplayMeasurement,Early Run,1,30,29.508,33.889,33.815,45.294,49.889,33.886,24.005,33.827,N/A,70846,18,144.533,276.793,9.832,11.242,11,10,54,0,4,67,293,node_0_60,3.584,16,10,3.169,early,15,N/A,N/A,11,-1,0,Very Low,N/A,1
oppo_full_02_20260809,72,76.147,36.1,GameplayMeasurement,Early Run,1,31,30.001,33.332,33.453,33.48,33.489,33.325,24.193,33.257,N/A,66850,18,144.587,276.793,9.898,11.242,12,10,53,0,4,68,292,node_0_60,3.602,16,10,3.203,early,15,N/A,N/A,11,-1,0,Very Low,N/A,1
oppo_full_02_20260809,73,77.18,37.133,GameplayMeasurement,Early Run,1,31,30.004,33.329,33.44,33.466,33.476,33.332,24.357,33.258,N/A,78598,18,144.545,276.793,9.996,11.242,11,10,47,0,4,60,300,node_0_60,3.619,16,10,3.238,early,15,N/A,N/A,11,-1,0,Very Low,N/A,1
oppo_full_02_20260809,74,78.18,38.133,GameplayMeasurement,Early Run,1,30,29.999,33.335,33.502,33.547,33.55,33.315,24.091,33.28,N/A,75682,18,144.604,276.793,10.082,11.242,12,11,41,0,4,56,304,node_0_60,3.636,16,11,3.271,early,15,N/A,N/A,11,-1,0,Very Low,N/A,1
oppo_full_02_20260809,75,79.18,39.133,GameplayMeasurement,Early Run,1,30,29.998,33.335,33.537,33.561,33.565,33.319,23.36,33.255,N/A,83780,18,144.639,276.793,10.168,11.242,13,11,38,0,4,53,307,node_0_60,3.652,16,11,3.304,early,15,N/A,N/A,11,-1,0,Very Low,N/A,1
oppo_full_02_20260809,76,80.197,40.15,GameplayMeasurement,Early Run,1,30,29.511,33.886,33.469,45.125,49.886,33.899,22.98,33.83,N/A,75758,18,144.65,276.793,10.25,11.242,12,11,42,0,4,58,302,node_0_60,3.669,16,11,3.338,early,15,N/A,N/A,11,-1,0,Very Low,N/A,1
oppo_full_02_20260809,77,81.197,41.15,GameplayMeasurement,Early Run,1,30,29.996,33.338,33.569,33.623,33.643,33.371,23.59,33.257,N/A,59874,18,144.656,276.793,10.313,11.242,12,11,57,0,4,72,288,node_0_60,3.686,16,11,3.372,early,15,N/A,N/A,11,-1,0,Very Low,N/A,1
oppo_full_02_20260809,78,82.197,42.15,GameplayMeasurement,Early Run,1,30,29.999,33.335,33.436,33.452,33.458,33.32,24.619,33.267,N/A,59896,18,144.656,276.793,10.383,11.242,13,11,55,0,4,71,289,node_0_60,3.702,16,11,3.405,early,15,N/A,N/A,11,-1,0,Very Low,N/A,1
oppo_full_02_20260809,79,83.23,43.183,GameplayMeasurement,Early Run,1,31,30.003,33.33,33.475,33.482,33.485,33.323,24.651,33.246,N/A,73598,18,144.688,276.793,10.473,11.242,13,11,56,0,4,70,290,node_0_60,3.72,16,11,3.439,early,15,N/A,N/A,11,-1,0,Very Low,N/A,1
oppo_full_02_20260809,80,84.23,44.183,GameplayMeasurement,Early Run,1,30,29.994,33.34,33.476,33.527,33.543,33.332,24.084,33.277,N/A,77886,18,144.7,276.793,10.559,11.242,12,11,52,0,4,66,294,node_0_60,3.736,16,11,3.473,early,15,N/A,N/A,11,-1,0,Very Low,N/A,1
oppo_full_02_20260809,81,85.247,45.2,GameplayMeasurement,Early Run,1,30,29.513,33.883,33.729,45.221,49.883,33.87,23.773,33.818,N/A,77770,18,144.748,276.793,10.641,11.242,12,11,59,0,4,74,286,node_0_60,3.753,17,11,3.507,early,15,N/A,N/A,11,-1,0,Very Low,N/A,1
oppo_full_02_20260809,82,86.28,46.233,GameplayMeasurement,Early Run,1,31,30.001,33.332,33.632,33.678,33.692,33.342,24.53,33.265,N/A,68244,21,144.775,276.793,9.625,11.242,13,12,60,0,4,77,283,node_0_60,3.771,17,11,3.541,early,15,N/A,N/A,11,-1,0,Very Low,N/A,1
oppo_full_02_20260809,83,87.28,47.233,GameplayMeasurement,Early Run,1,30,29.994,33.34,33.468,33.486,33.491,33.377,24.527,33.248,N/A,60760,21,144.732,276.793,9.625,11.242,13,11,52,0,4,67,293,node_0_60,3.787,17,11,3.574,early,15,N/A,N/A,11,-1,0,Very Low,N/A,1
oppo_full_02_20260809,84,88.313,48.267,GameplayMeasurement,Early Run,1,31,30.006,33.327,33.577,33.699,33.724,33.325,24.303,33.268,N/A,70442,21,144.694,276.793,9.625,11.242,13,11,44,0,4,57,303,node_0_60,3.804,17,11,3.609,early,15,N/A,N/A,11,-1,0,Very Low,N/A,1
oppo_full_02_20260809,85,89.347,49.3,GameplayMeasurement,Early Run,1,31,29.999,33.334,33.495,33.647,33.697,33.319,23.161,33.272,N/A,70992,21,144.71,276.793,9.625,11.242,13,11,39,0,4,52,308,node_0_60,3.822,17,11,3.643,early,15,N/A,N/A,11,-1,0,Very Low,N/A,1
oppo_full_02_20260809,86,90.38,50.333,GameplayMeasurement,Early Run,1,31,30,33.333,33.463,33.494,33.505,33.336,24.208,33.244,N/A,69130,21,144.739,276.793,9.664,11.242,13,11,42,0,4,56,304,node_0_60,3.839,17,11,3.678,early,15,N/A,N/A,11,-1,0,Very Low,N/A,1
oppo_full_02_20260809,87,91.397,51.35,GameplayMeasurement,Early Run,1,30,29.509,33.888,33.679,45.31,50.017,33.876,23.692,33.828,N/A,67434,21,144.748,276.793,9.719,11.242,13,11,42,0,4,57,303,node_0_60,3.856,17,11,3.712,early,15,N/A,N/A,11,-1,0,Very Low,N/A,1
oppo_full_02_20260809,88,92.397,52.35,GameplayMeasurement,Early Run,1,30,29.997,33.337,33.482,33.529,33.536,33.341,24.297,33.27,N/A,74294,21,144.739,276.793,9.766,11.242,12,11,45,0,4,58,302,node_0_60,3.872,17,11,3.745,early,15,N/A,N/A,11,-1,0,Very Low,N/A,1
oppo_full_02_20260809,89,93.397,53.35,GameplayMeasurement,Early Run,1,30,30,33.333,33.479,33.506,33.517,33.319,24.02,33.288,N/A,73008,21,144.778,276.793,9.82,11.242,13,12,38,0,4,53,307,node_0_60,3.889,17,12,3.778,early,15,N/A,N/A,11,-1,0,Very Low,N/A,1
oppo_full_02_20260809,90,94.43,54.383,GameplayMeasurement,Early Run,1,31,29.999,33.335,33.5,33.564,33.577,33.334,24.201,33.259,N/A,65680,21,144.757,276.793,9.871,11.242,13,12,54,0,4,68,292,node_0_60,3.906,17,12,3.813,early,15,N/A,N/A,11,-1,0,Very Low,N/A,1
oppo_full_02_20260809,91,95.464,55.417,GameplayMeasurement,Early Run,1,31,30.001,33.333,33.422,33.51,33.544,33.34,23.835,33.286,N/A,76590,21,144.788,276.793,9.934,11.242,13,12,47,0,4,62,298,node_0_60,3.924,18,12,3.847,early,15,N/A,N/A,11,-1,0,Very Low,N/A,1
oppo_full_02_20260809,92,96.464,56.417,GameplayMeasurement,Early Run,1,30,29.999,33.335,33.48,33.593,33.639,33.333,23.287,33.244,N/A,78334,21,144.807,276.793,10.004,11.242,13,12,46,0,4,61,299,node_0_60,3.94,18,12,3.881,early,15,N/A,N/A,11,-1,0,Very Low,N/A,1
oppo_full_02_20260809,93,97.497,57.45,GameplayMeasurement,Early Run,1,31,30.006,33.327,33.458,33.505,33.52,33.342,23.57,33.293,N/A,84422,21,144.82,276.793,10.086,11.242,13,12,43,0,4,59,301,node_0_60,3.957,18,12,3.915,early,15,N/A,N/A,11,-1,0,Very Low,N/A,1
oppo_full_02_20260809,94,98.53,58.483,GameplayMeasurement,Early Run,1,31,30,33.333,33.464,33.498,33.51,33.322,23.685,33.267,N/A,65988,21,144.854,276.793,10.145,11.242,13,12,59,0,4,75,285,node_0_60,3.975,18,12,3.949,early,15,N/A,N/A,11,-1,0,Very Low,N/A,1
oppo_full_02_20260809,95,99.53,59.483,GameplayMeasurement,Early Run,1,30,29.997,33.336,33.494,33.545,33.562,33.331,22.954,33.282,N/A,76162,21,144.868,276.793,10.211,11.242,13,12,50,0,4,66,294,node_0_60,3.991,18,12,3.983,early,15,N/A,N/A,11,-1,0,Very Low,N/A,1
oppo_full_02_20260809,96,100.53,60.483,GameplayMeasurement,60-180 Seconds,1,30,29.997,33.337,33.449,33.529,33.556,33.338,23.396,33.28,N/A,81832,21,144.858,276.793,10.293,11.242,13,12,48,0,4,63,297,node_60_180,4.008,18,12,4.012,early,15,N/A,N/A,11,-1,0,Very Low,N/A,1
oppo_full_02_20260809,97,101.547,61.5,GameplayMeasurement,60-180 Seconds,1,30,29.515,33.881,33.454,45.159,49.937,33.327,23.511,33.849,N/A,75420,21,144.883,276.793,10.371,11.242,14,12,42,0,4,59,301,node_60_180,4.025,18,12,4.037,early,15,N/A,N/A,11,-1,0,Very Low,N/A,1
oppo_full_02_20260809,98,102.547,62.5,GameplayMeasurement,60-180 Seconds,1,30,30,33.334,33.492,33.546,33.564,33.905,24.413,33.313,N/A,78596,21,144.894,276.793,10.441,11.242,14,12,42,0,4,58,302,node_60_180,4.042,18,12,4.062,early,15,N/A,N/A,11,-1,0,Very Low,N/A,1
oppo_full_02_20260809,99,103.58,63.533,GameplayMeasurement,60-180 Seconds,1,31,29.999,33.335,33.539,33.567,33.573,33.339,23.845,33.232,N/A,79402,21,144.923,276.793,10.539,11.242,14,12,42,0,4,59,301,node_60_180,4.059,18,12,4.088,early,15,N/A,N/A,11,-1,0,Very Low,N/A,1
oppo_full_02_20260809,100,104.58,64.533,GameplayMeasurement,60-180 Seconds,1,30,30,33.334,33.481,33.509,33.511,33.345,24.758,33.261,N/A,75700,21,144.967,276.793,10.621,11.242,14,12,41,0,4,59,301,node_60_180,4.076,18,12,4.113,early,15,N/A,N/A,11,-1,0,Very Low,N/A,1
oppo_full_02_20260809,101,105.58,65.533,GameplayMeasurement,60-180 Seconds,1,30,29.996,33.338,33.476,33.514,33.526,33.302,24.308,33.296,N/A,68914,21,144.924,276.793,10.707,11.242,14,12,42,0,4,59,301,node_60_180,4.092,18,12,4.138,early,15,N/A,N/A,11,-1,0,Very Low,N/A,1
oppo_full_02_20260809,102,106.613,66.567,GameplayMeasurement,60-180 Seconds,1,31,30.004,33.329,33.464,33.49,33.497,33.333,24.419,33.295,N/A,75552,24,144.879,276.793,9.891,11.242,13,12,47,0,4,61,299,node_60_180,4.109,19,12,4.164,early,15,N/A,N/A,11,-1,0,Very Low,N/A,1
oppo_full_02_20260809,103,107.647,67.6,GameplayMeasurement,60-180 Seconds,1,30,29.031,34.446,33.44,57.075,66.727,34.455,23.275,34.333,N/A,87598,24,144.997,276.793,9.895,11.242,14,13,45,0,4,61,299,node_60_180,4.127,19,13,4.19,early,15,N/A,N/A,11,-1,0,Very Low,N/A,1
oppo_full_02_20260809,104,108.647,68.6,GameplayMeasurement,60-180 Seconds,1,30,29.999,33.335,33.474,33.509,33.522,33.346,24.701,33.283,N/A,69650,24,145.018,276.793,9.895,11.242,15,13,47,0,4,64,296,node_60_180,4.143,19,13,4.215,early,15,N/A,N/A,11,-1,0,Very Low,N/A,1
oppo_full_02_20260809,105,109.68,69.633,GameplayMeasurement,60-180 Seconds,1,31,30.002,33.331,33.506,33.526,33.531,33.321,24.792,33.247,N/A,72020,24,145.01,276.793,9.895,11.242,15,13,44,0,4,61,299,node_60_180,4.161,19,13,4.241,early,15,N/A,N/A,11,-1,0,Very Low,N/A,1
oppo_full_02_20260809,106,110.68,70.633,GameplayMeasurement,60-180 Seconds,1,30,29.999,33.334,33.451,33.475,33.483,33.334,24.074,33.277,N/A,72564,24,144.993,276.793,9.895,11.242,15,13,46,0,4,61,299,node_60_180,4.177,19,13,4.266,early,15,N/A,N/A,11,-1,0,Very Low,N/A,1
oppo_full_02_20260809,107,111.713,71.667,GameplayMeasurement,60-180 Seconds,1,31,30.002,33.332,33.486,33.49,33.49,33.326,24.292,33.274,N/A,78818,24,144.995,276.793,9.91,11.242,14,13,43,0,4,58,302,node_60_180,4.194,19,13,4.292,early,15,N/A,N/A,11,-1,0,Very Low,N/A,1
oppo_full_02_20260809,108,112.747,72.7,GameplayMeasurement,60-180 Seconds,1,31,30,33.333,33.524,33.594,33.621,33.33,23.268,33.254,N/A,76880,24,145.038,276.793,9.965,11.242,15,13,35,0,4,52,308,node_60_180,4.212,19,13,4.317,early,15,N/A,N/A,11,-1,0,Very Low,N/A,1
oppo_full_02_20260809,109,113.747,73.7,GameplayMeasurement,60-180 Seconds,1,30,29.995,33.338,33.528,33.604,33.612,33.349,23.842,33.298,N/A,78620,24,145.054,276.793,10.016,11.242,15,13,36,0,4,53,307,node_60_180,4.228,19,13,4.343,early,15,N/A,N/A,11,-1,0,Very Low,N/A,1
oppo_full_02_20260809,110,114.78,74.733,GameplayMeasurement,60-180 Seconds,1,31,30.006,33.327,33.441,33.504,33.521,33.344,24.409,33.264,N/A,76004,24,145.028,276.793,10.074,11.242,14,13,51,0,4,67,293,node_60_180,4.246,19,13,4.368,early,15,N/A,N/A,11,-1,0,Very Low,N/A,1
oppo_full_02_20260809,111,115.814,75.767,GameplayMeasurement,60-180 Seconds,1,31,29.996,33.338,33.469,33.53,33.546,33.302,24.214,33.259,N/A,76394,24,145.064,276.793,10.129,11.242,15,13,51,0,4,69,291,node_60_180,4.263,19,13,4.394,early,15,N/A,N/A,11,-1,0,Very Low,N/A,1
oppo_full_02_20260809,112,116.814,76.767,GameplayMeasurement,60-180 Seconds,1,30,29.999,33.335,33.496,33.524,33.532,33.366,24.684,33.273,N/A,64006,24,145.036,276.793,10.188,11.242,15,13,56,0,4,73,287,node_60_180,4.279,19,13,4.419,early,15,N/A,N/A,11,-1,0,Very Low,N/A,1
oppo_full_02_20260809,113,117.847,77.8,GameplayMeasurement,60-180 Seconds,1,31,30.003,33.33,33.523,33.548,33.556,33.305,24.397,33.271,N/A,73464,24,145.015,276.793,10.238,11.242,14,13,49,0,4,64,296,node_60_180,4.297,19,13,4.445,early,15,N/A,N/A,11,-1,0,Very Low,N/A,1
oppo_full_02_20260809,114,118.864,78.817,GameplayMeasurement,60-180 Seconds,1,30,29.506,33.891,33.617,45.211,49.924,33.91,23.865,33.836,N/A,64110,24,145.029,276.793,10.289,11.242,15,13,58,0,4,74,286,node_60_180,4.314,20,13,4.47,early,15,N/A,N/A,11,-1,0,Very Low,N/A,1
oppo_full_02_20260809,115,119.897,79.85,GameplayMeasurement,60-180 Seconds,1,31,30.003,33.33,33.436,33.496,33.52,33.312,24.071,33.266,N/A,67404,24,144.994,276.793,10.348,11.242,14,13,50,0,4,64,296,node_60_180,4.331,20,13,4.496,early,15,N/A,N/A,11,-1,0,Very Low,N/A,1
oppo_full_02_20260809,116,120.93,80.883,GameplayMeasurement,60-180 Seconds,1,31,30.002,33.332,33.501,33.527,33.532,33.353,23.374,33.266,N/A,62788,24,145.016,276.793,10.402,11.242,15,13,52,0,4,68,292,node_60_180,4.348,20,13,4.522,early,15,N/A,N/A,11,-1,0,Very Low,N/A,1
oppo_full_02_20260809,117,121.963,81.917,GameplayMeasurement,60-180 Seconds,1,31,29.999,33.335,33.481,33.513,33.524,33.319,23.929,33.274,N/A,66952,24,145.03,276.793,10.453,11.242,14,13,62,0,4,78,282,node_60_180,4.365,20,13,4.548,early,15,N/A,N/A,11,-1,0,Very Low,N/A,1
oppo_full_02_20260809,118,122.997,82.95,GameplayMeasurement,60-180 Seconds,1,31,30.003,33.33,33.448,33.468,33.472,33.362,24.559,33.248,N/A,73032,24,145.083,276.793,10.516,11.242,16,14,48,0,4,66,294,node_60_180,4.382,20,14,4.574,early,15,N/A,N/A,11,-1,0,Very Low,N/A,1
oppo_full_02_20260809,119,124.013,83.966,GameplayMeasurement,60-180 Seconds,1,30,29.509,33.887,33.701,45.241,49.903,33.867,23.577,33.822,N/A,77550,24,145.077,276.793,10.59,11.242,15,14,46,0,4,64,296,node_60_180,4.399,20,14,4.599,early,15,N/A,N/A,11,-1,0,Very Low,N/A,1
oppo_full_02_20260809,120,125.013,84.967,GameplayMeasurement,60-180 Seconds,1,30,29.997,33.337,33.481,33.523,33.539,33.317,24.505,33.316,N/A,75458,24,145.107,276.793,10.672,11.242,16,14,40,0,4,60,300,node_60_180,4.416,20,14,4.624,early,15,N/A,N/A,11,-1,0,Very Low,N/A,1
oppo_full_02_20260809,121,126.014,85.967,GameplayMeasurement,60-180 Seconds,1,30,29.996,33.338,33.48,33.505,33.514,33.353,24.268,33.259,N/A,87958,24,145.121,276.793,10.77,11.242,16,14,38,0,4,58,302,node_60_180,4.433,20,14,4.649,early,15,N/A,N/A,11,-1,0,Very Low,N/A,1
oppo_full_02_20260809,122,127.047,87,GameplayMeasurement,60-180 Seconds,1,31,30.005,33.328,33.487,33.53,33.54,33.345,24.364,33.271,N/A,82392,27,145.086,276.793,10.035,11.242,16,14,39,0,4,57,303,node_60_180,4.45,20,14,4.675,early,15,N/A,N/A,11,-1,0,Very Low,N/A,1
oppo_full_02_20260809,123,128.047,88,GameplayMeasurement,60-180 Seconds,1,30,29.998,33.335,33.492,33.523,33.534,33.3,24.486,33.275,N/A,74706,27,145.108,276.793,10.035,11.242,16,14,47,0,4,66,294,node_60_180,4.467,20,14,4.7,early,15,N/A,N/A,11,-1,0,Very Low,N/A,1
oppo_full_02_20260809,124,129.047,89,GameplayMeasurement,60-180 Seconds,1,29,28.996,34.487,33.645,57.474,66.69,34.536,23.483,34.424,N/A,81360,27,145.132,276.793,10.035,11.242,16,14,48,0,4,69,291,node_60_180,4.483,20,14,4.725,early,15,N/A,N/A,11,-1,0,Very Low,N/A,1
oppo_full_02_20260809,125,130.08,90.033,GameplayMeasurement,60-180 Seconds,1,31,30.004,33.329,33.533,33.64,33.648,33.296,24.801,33.301,N/A,75620,27,145.119,276.793,10.039,11.242,16,15,37,0,4,56,304,node_60_180,4.501,21,14,4.751,early,15,N/A,N/A,11,-1,0,Very Low,N/A,1
oppo_full_02_20260809,126,131.113,91.066,GameplayMeasurement,60-180 Seconds,1,31,30.001,33.332,33.495,33.507,33.511,33.351,24.536,33.248,N/A,84188,27,145.081,276.793,10.039,11.242,16,14,33,0,4,52,308,node_60_180,4.518,21,14,4.777,early,15,N/A,N/A,11,-1,0,Very Low,N/A,1
oppo_full_02_20260809,127,132.147,92.1,GameplayMeasurement,60-180 Seconds,1,31,30.003,33.33,33.437,33.463,33.472,33.299,24.649,33.287,N/A,78126,27,145.052,276.793,10.043,11.242,16,14,43,0,4,59,301,node_60_180,4.535,21,14,4.802,early,15,N/A,N/A,11,-1,0,Very Low,N/A,1
oppo_full_02_20260809,128,133.18,93.133,GameplayMeasurement,60-180 Seconds,1,31,30.004,33.329,33.452,33.512,33.535,33.336,24.518,33.251,N/A,71760,27,145.086,276.793,10.063,11.242,15,14,40,0,4,56,304,node_60_180,4.552,21,14,4.828,early,15,N/A,N/A,11,-1,0,Very Low,N/A,1
oppo_full_02_20260809,129,134.18,94.133,GameplayMeasurement,60-180 Seconds,1,30,29.994,33.339,33.478,33.487,33.489,33.365,24.487,33.272,N/A,71056,27,145.096,276.793,10.105,11.242,16,14,50,0,4,66,294,node_60_180,4.569,21,14,4.853,early,15,N/A,N/A,11,-1,0,Very Low,N/A,1
oppo_full_02_20260809,130,135.213,95.166,GameplayMeasurement,60-180 Seconds,1,31,29.999,33.334,33.405,33.477,33.506,33.313,23.212,33.279,N/A,64032,27,145.101,276.793,10.145,11.242,15,14,48,0,4,64,296,node_60_180,4.586,21,14,4.879,early,15,N/A,N/A,11,-1,0,Very Low,N/A,1
oppo_full_02_20260809,131,136.247,96.2,GameplayMeasurement,60-180 Seconds,1,31,30.002,33.331,33.4,33.409,33.412,33.327,23.469,33.272,N/A,75468,27,145.154,276.793,10.207,11.242,15,14,45,0,4,62,298,node_60_180,4.603,21,14,4.905,early,15,N/A,N/A,11,-1,0,Very Low,N/A,1
oppo_full_02_20260809,132,137.28,97.233,GameplayMeasurement,60-180 Seconds,1,31,30.001,33.332,33.416,33.439,33.443,33.342,23.609,33.255,N/A,71356,27,145.141,276.793,10.258,11.242,16,14,32,0,4,49,311,node_60_180,4.621,21,14,4.931,early,15,N/A,N/A,11,-1,0,Very Low,N/A,1
oppo_full_02_20260809,133,138.313,98.266,GameplayMeasurement,60-180 Seconds,1,31,30,33.334,33.457,33.522,33.536,33.332,23.668,33.271,N/A,78716,27,145.18,276.793,10.309,11.242,17,15,47,0,4,65,295,node_60_180,4.638,21,15,4.957,early,15,N/A,N/A,11,-1,0,Very Low,N/A,1
oppo_full_02_20260809,134,139.313,99.266,GameplayMeasurement,60-180 Seconds,1,30,29.997,33.337,33.441,33.471,33.48,33.33,23.498,33.288,N/A,73372,27,145.161,276.793,10.367,11.242,16,15,53,0,4,70,290,node_60_180,4.654,21,15,4.982,early,15,N/A,N/A,11,-1,0,Very Low,N/A,1
oppo_full_02_20260809,135,140.33,100.283,GameplayMeasurement,60-180 Seconds,1,30,29.512,33.884,33.544,45.221,49.978,33.891,23.499,33.826,N/A,72872,27,145.237,276.793,10.414,11.242,17,15,50,0,4,70,290,node_60_180,4.671,21,15,5.007,early,15,N/A,N/A,11,-1,0,Very Low,N/A,1
oppo_full_02_20260809,136,141.33,101.283,GameplayMeasurement,60-180 Seconds,1,30,29.999,33.334,33.419,33.431,33.434,33.317,24.579,33.267,N/A,63390,27,145.264,276.793,10.453,11.242,17,15,52,0,4,72,288,node_60_180,4.688,21,15,5.032,early,15,N/A,N/A,11,-1,0,Very Low,N/A,1
oppo_full_02_20260809,137,142.33,102.283,GameplayMeasurement,60-180 Seconds,1,30,30,33.334,33.47,33.498,33.499,33.345,24.762,33.289,N/A,64472,27,145.225,276.793,10.508,11.242,17,15,51,0,4,69,291,node_60_180,4.705,22,15,5.057,early,15,N/A,N/A,11,-1,0,Very Low,N/A,1
oppo_full_02_20260809,138,143.363,103.316,GameplayMeasurement,60-180 Seconds,1,31,30,33.334,33.462,33.508,33.523,33.327,24.748,33.263,N/A,55524,27,145.197,276.793,10.547,11.242,16,15,39,0,4,56,304,node_60_180,4.722,22,15,5.083,early,15,N/A,N/A,11,-1,0,Very Low,N/A,1
oppo_full_02_20260809,139,144.363,104.316,GameplayMeasurement,60-180 Seconds,1,30,29.998,33.335,33.432,33.459,33.469,33.338,24.391,33.255,N/A,84556,27,145.242,276.793,10.629,11.242,17,15,41,0,4,59,301,node_60_180,4.739,22,15,5.108,early,15,N/A,N/A,11,-1,0,Very Low,N/A,1
oppo_full_02_20260809,140,145.397,105.35,GameplayMeasurement,60-180 Seconds,1,31,30.001,33.333,33.422,33.453,33.465,33.337,23.958,33.299,N/A,75746,27,145.265,276.793,10.699,11.242,17,15,39,0,4,58,302,node_60_180,4.756,22,15,5.134,early,15,N/A,N/A,11,-1,0,Very Low,N/A,1
oppo_full_02_20260809,141,146.397,106.35,GameplayMeasurement,60-180 Seconds,1,30,30,33.333,33.571,33.765,33.814,33.328,22.487,33.25,N/A,76976,27,145.308,276.793,10.785,11.242,17,15,38,0,4,59,301,node_60_180,4.772,22,15,5.159,early,15,N/A,N/A,11,-1,0,Very Low,N/A,1
oppo_full_02_20260809,142,147.397,107.35,GameplayMeasurement,60-180 Seconds,1,30,30,33.334,33.431,33.48,33.498,33.34,24.026,33.27,N/A,63846,27,145.307,276.793,10.855,11.242,17,15,42,0,4,62,298,node_60_180,4.789,22,15,5.184,early,15,N/A,N/A,11,-1,0,Very Low,N/A,1
oppo_full_02_20260809,143,148.43,108.383,GameplayMeasurement,60-180 Seconds,1,31,30.001,33.332,33.472,33.494,33.499,33.353,24.326,33.283,N/A,76954,30,145.309,276.793,10.254,11.242,17,15,36,0,4,55,305,node_60_180,4.806,22,15,5.21,early,15,N/A,N/A,11,-1,0,Very Low,N/A,1
oppo_full_02_20260809,144,149.463,109.416,GameplayMeasurement,60-180 Seconds,1,31,29.999,33.334,33.419,33.427,33.428,33.312,24.137,33.275,N/A,71720,30,145.301,276.793,10.254,11.242,17,15,36,0,4,54,306,node_60_180,4.824,22,15,5.235,early,15,N/A,N/A,11,-1,0,Very Low,N/A,1
oppo_full_02_20260809,145,150.497,110.45,GameplayMeasurement,60-180 Seconds,1,31,30.001,33.333,33.411,33.428,33.435,33.337,23.979,33.275,N/A,68804,30,145.311,276.793,10.254,11.242,18,16,58,0,4,76,284,node_60_180,4.841,22,15,5.261,early,15,N/A,N/A,11,-1,0,Very Low,N/A,1
oppo_full_02_20260809,146,151.513,111.466,GameplayMeasurement,60-180 Seconds,1,30,29.508,33.889,33.483,45.209,49.995,33.894,23.802,33.837,N/A,70812,30,145.341,276.793,10.254,11.242,16,15,56,0,4,75,285,node_60_180,4.858,22,15,5.287,early,15,N/A,N/A,11,-1,0,Very Low,N/A,1
oppo_full_02_20260809,147,152.547,112.5,GameplayMeasurement,60-180 Seconds,1,31,30.001,33.332,33.434,33.442,33.445,33.316,24.52,33.275,N/A,70000,30,145.334,276.793,10.254,11.242,16,15,56,0,4,75,285,node_60_180,4.875,22,15,5.312,early,15,N/A,N/A,11,-1,0,Very Low,N/A,1
oppo_full_02_20260809,148,153.547,113.5,GameplayMeasurement,60-180 Seconds,1,30,29.999,33.335,33.436,33.453,33.457,33.35,24.665,33.255,N/A,67974,30,145.337,276.793,10.258,11.242,17,16,54,0,4,73,287,node_60_180,4.892,22,16,5.337,early,15,N/A,N/A,11,-1,0,Very Low,N/A,1
oppo_full_02_20260809,149,154.58,114.533,GameplayMeasurement,60-180 Seconds,1,31,29.998,33.335,33.492,33.541,33.558,33.315,23.547,33.266,N/A,80896,30,145.369,276.793,10.258,11.242,18,17,46,0,4,66,294,node_60_180,4.909,23,16,5.363,early,15,N/A,N/A,11,-1,0,Very Low,N/A,1
oppo_full_02_20260809,150,155.613,115.566,GameplayMeasurement,60-180 Seconds,1,31,30.004,33.329,33.48,33.524,33.524,33.342,24.585,33.293,N/A,74268,30,145.342,276.793,10.258,11.242,18,16,35,0,4,54,306,node_60_180,4.926,23,16,5.389,early,15,N/A,N/A,11,-1,0,Very Low,N/A,1
oppo_full_02_20260809,151,156.63,116.583,GameplayMeasurement,60-180 Seconds,1,30,29.507,33.89,33.474,45.157,49.924,33.889,22.425,33.825,N/A,82104,30,145.38,276.793,10.289,11.242,18,16,39,0,4,60,300,node_60_180,4.943,23,16,5.415,early,15,N/A,N/A,11,-1,0,Very Low,N/A,1
oppo_full_02_20260809,152,157.63,117.583,GameplayMeasurement,60-180 Seconds,1,30,29.996,33.338,33.464,33.544,33.571,33.333,24.515,33.259,N/A,61674,30,145.365,276.793,10.332,11.242,17,16,43,0,4,63,297,node_60_180,4.96,23,16,5.44,early,15,N/A,N/A,11,-1,0,Very Low,N/A,1
oppo_full_02_20260809,153,158.663,118.616,GameplayMeasurement,60-180 Seconds,1,31,30.002,33.331,33.45,33.472,33.48,33.331,24.544,33.271,N/A,87584,30,145.371,276.793,10.395,11.242,18,16,35,0,4,55,305,node_60_180,4.977,23,16,5.465,early,15,N/A,N/A,11,-1,0,Very Low,N/A,1
oppo_full_02_20260809,154,159.697,119.65,GameplayMeasurement,60-180 Seconds,1,31,30.002,33.331,33.454,33.473,33.474,33.327,24.217,33.284,N/A,83090,30,145.398,276.793,10.449,11.242,18,16,37,0,4,58,302,node_60_180,4.994,23,16,5.491,early,15,N/A,N/A,11,-1,0,Very Low,N/A,1
oppo_full_02_20260809,155,160.697,120.65,GameplayMeasurement,60-180 Seconds,1,30,29.999,33.335,33.465,33.469,33.469,33.348,24.828,33.271,N/A,87098,30,145.397,276.793,10.508,11.242,18,16,43,0,4,63,297,node_60_180,5.011,23,16,5.516,early,15,N/A,N/A,11,-1,0,Very Low,N/A,1
oppo_full_02_20260809,156,161.713,121.666,GameplayMeasurement,60-180 Seconds,1,30,29.51,33.887,33.551,45.249,50.02,33.908,24.182,33.825,N/A,65566,30,145.416,276.793,10.547,11.242,18,16,60,0,4,81,279,node_60_180,5.028,23,16,5.542,early,15,N/A,N/A,11,-1,0,Very Low,N/A,1
oppo_full_02_20260809,157,162.713,122.666,GameplayMeasurement,60-180 Seconds,1,30,29.999,33.334,33.553,33.772,33.853,33.322,24.577,33.27,N/A,72600,30,145.454,276.793,10.598,11.242,18,16,50,0,4,72,288,node_60_180,5.044,23,16,5.567,early,15,N/A,N/A,11,-1,0,Very Low,N/A,1
oppo_full_02_20260809,158,163.747,123.7,GameplayMeasurement,60-180 Seconds,1,31,29.995,33.338,33.429,33.487,33.511,33.321,25.022,33.289,N/A,73180,30,145.432,276.793,10.648,11.242,18,16,47,0,4,68,292,node_60_180,5.062,23,16,5.592,early,15,N/A,N/A,11,-1,0,Very Low,N/A,1
oppo_full_02_20260809,159,164.78,124.733,GameplayMeasurement,60-180 Seconds,1,31,30.006,33.327,33.41,33.628,33.72,33.378,24.704,33.261,N/A,66012,30,145.416,276.793,10.699,11.242,17,16,53,0,4,73,287,node_60_180,5.079,23,16,5.618,early,15,N/A,N/A,11,-1,0,Very Low,N/A,1
oppo_full_02_20260809,160,165.813,125.766,GameplayMeasurement,60-180 Seconds,1,31,30,33.333,33.438,33.438,33.439,33.284,24.495,33.276,N/A,77332,30,145.411,276.793,10.762,11.242,18,16,37,0,4,57,303,node_60_180,5.096,23,16,5.644,early,15,N/A,N/A,11,-1,0,Very Low,N/A,1
oppo_full_02_20260809,161,166.813,126.766,GameplayMeasurement,60-180 Seconds,1,30,29.998,33.335,33.445,33.461,33.464,33.344,24.752,33.263,N/A,78966,30,145.44,276.793,10.832,11.242,18,16,41,0,4,62,298,node_60_180,5.113,24,16,5.669,early,15,N/A,N/A,11,-1,0,Very Low,N/A,1
oppo_full_02_20260809,162,167.83,127.783,GameplayMeasurement,60-180 Seconds,1,30,29.509,33.888,33.437,45.174,49.962,33.895,24.153,33.821,N/A,75700,30,145.483,276.793,10.906,11.242,19,17,37,0,4,60,300,node_60_180,5.13,24,17,5.695,early,15,N/A,N/A,11,-1,0,Very Low,N/A,1
oppo_full_02_20260809,163,168.83,128.783,GameplayMeasurement,60-180 Seconds,1,30,29.999,33.335,33.441,33.451,33.453,33.322,24.781,33.288,N/A,85382,33,145.445,276.793,10.391,11.242,19,17,31,0,4,51,309,node_60_180,5.146,24,17,5.72,early,15,N/A,N/A,11,-1,0,Very Low,N/A,1
oppo_full_02_20260809,164,169.83,129.783,GameplayMeasurement,60-180 Seconds,1,30,29.999,33.334,33.419,33.44,33.445,33.331,24.495,33.291,N/A,81582,33,145.474,276.793,10.391,11.242,19,17,33,0,4,55,305,node_60_180,5.163,24,17,5.745,early,15,N/A,N/A,11,-1,0,Very Low,N/A,1
oppo_full_02_20260809,165,170.863,130.816,GameplayMeasurement,60-180 Seconds,1,31,29.999,33.334,33.418,33.441,33.445,33.323,24.471,33.278,N/A,79316,33,145.511,276.793,10.391,11.242,19,17,35,0,4,58,302,node_60_180,5.18,24,17,5.77,early,15,N/A,N/A,11,-1,0,Very Low,N/A,1
oppo_full_02_20260809,166,171.896,131.85,GameplayMeasurement,60-180 Seconds,1,31,30.003,33.33,33.455,33.501,33.506,33.338,24.768,33.278,N/A,77288,33,145.511,276.793,10.391,11.242,19,17,40,0,4,63,297,node_60_180,5.197,24,17,5.796,early,15,N/A,N/A,11,-1,0,Very Low,N/A,1
oppo_full_02_20260809,167,172.913,132.866,GameplayMeasurement,60-180 Seconds,1,30,29.51,33.887,33.486,45.226,50.003,33.888,23.811,33.822,N/A,77618,33,145.497,276.793,10.391,11.242,19,17,43,0,4,66,294,node_60_180,5.214,24,17,5.822,early,15,N/A,N/A,11,-1,0,Very Low,N/A,1
oppo_full_02_20260809,168,173.913,133.866,GameplayMeasurement,60-180 Seconds,1,30,29.995,33.339,33.427,33.458,33.47,33.353,24.707,33.275,N/A,77378,33,145.505,276.793,10.395,11.242,19,18,44,0,4,67,293,node_60_180,5.231,24,17,5.847,early,15,N/A,N/A,11,-1,0,Very Low,N/A,1
oppo_full_02_20260809,169,174.913,134.866,GameplayMeasurement,60-180 Seconds,1,30,29.999,33.334,33.448,33.477,33.482,33.336,24.691,33.27,N/A,75066,33,145.479,276.793,10.395,11.242,19,17,43,0,4,64,296,node_60_180,5.248,24,17,5.872,early,15,N/A,N/A,11,-1,0,Very Low,N/A,1
oppo_full_02_20260809,170,175.946,135.9,GameplayMeasurement,60-180 Seconds,1,31,30.004,33.329,33.474,33.514,33.529,33.324,24.806,33.272,N/A,76668,33,145.486,276.793,10.398,11.242,19,17,40,0,4,62,298,node_60_180,5.265,24,17,5.897,early,15,N/A,N/A,11,-1,0,Very Low,N/A,1
oppo_full_02_20260809,171,176.98,136.933,GameplayMeasurement,60-180 Seconds,1,31,30,33.333,33.444,33.455,33.457,33.343,24.757,33.281,N/A,69928,33,145.473,276.793,10.398,11.242,19,17,49,0,4,70,290,node_60_180,5.282,24,17,5.923,early,15,N/A,N/A,11,-1,0,Very Low,N/A,1
oppo_full_02_20260809,172,177.996,137.95,GameplayMeasurement,60-180 Seconds,1,30,29.508,33.889,33.448,45.264,50.089,33.313,24.522,33.819,N/A,58946,33,145.445,276.793,10.422,11.242,19,17,47,0,4,67,293,node_60_180,5.299,24,17,5.949,early,15,N/A,N/A,11,-1,0,Very Low,N/A,1
oppo_full_02_20260809,173,178.996,138.95,GameplayMeasurement,60-180 Seconds,1,30,29.999,33.334,33.462,33.466,33.467,33.919,24.477,33.262,N/A,71450,33,145.452,276.793,10.469,11.242,19,17,46,0,4,66,294,node_60_180,5.316,25,17,5.974,early,15,N/A,N/A,11,-1,0,Very Low,N/A,1
oppo_full_02_20260809,174,179.997,139.95,GameplayMeasurement,60-180 Seconds,1,30,29.998,33.336,33.442,33.458,33.465,33.307,24.663,33.263,N/A,75418,33,145.494,276.793,10.52,11.242,20,18,36,0,4,58,302,node_60_180,5.332,25,17,5.999,early,15,N/A,N/A,11,-1,0,Very Low,N/A,1
oppo_full_02_20260809,175,181.03,140.983,GameplayMeasurement,60-180 Seconds,1,31,30.003,33.33,33.427,33.453,33.461,33.338,24.141,33.281,N/A,75392,33,145.48,276.793,10.574,11.242,19,17,33,0,4,55,305,node_60_180,5.35,25,17,6.025,early,15,N/A,N/A,11,-1,0,Very Low,N/A,1
oppo_full_02_20260809,176,182.03,141.983,GameplayMeasurement,60-180 Seconds,1,30,29.997,33.337,33.426,33.436,33.437,33.332,24.523,33.274,N/A,74790,33,145.453,276.793,10.617,11.242,18,17,33,0,4,53,307,node_60_180,5.366,25,17,6.05,early,15,N/A,N/A,11,-1,0,Very Low,N/A,1
oppo_full_02_20260809,177,183.063,143.016,GameplayMeasurement,60-180 Seconds,1,31,30.004,33.329,33.395,33.443,33.459,33.333,24.2,33.281,N/A,79516,33,145.487,276.793,10.672,11.242,20,18,41,0,4,63,297,node_60_180,5.384,25,18,6.075,early,15,N/A,N/A,11,-1,0,Very Low,N/A,1
oppo_full_02_20260809,178,184.08,144.033,GameplayMeasurement,60-180 Seconds,1,30,29.507,33.891,33.516,45.175,49.921,33.903,24.068,33.832,N/A,76902,33,145.525,276.793,10.719,11.242,21,19,37,0,4,61,299,node_60_180,5.401,25,18,6.101,early,15,N/A,N/A,11,-1,0,Very Low,N/A,1
oppo_full_02_20260809,179,185.08,145.033,GameplayMeasurement,60-180 Seconds,1,30,29.998,33.335,33.453,33.466,33.47,33.328,24.868,33.283,N/A,73530,33,145.488,276.793,10.777,11.242,20,18,39,0,4,61,299,node_60_180,5.417,25,18,6.126,early,15,N/A,N/A,11,-1,0,Very Low,N/A,1
oppo_full_02_20260809,180,186.113,146.066,GameplayMeasurement,60-180 Seconds,1,31,30.001,33.332,33.433,33.459,33.466,33.332,24.877,33.257,N/A,79552,33,145.47,276.793,10.84,11.242,21,19,39,0,4,60,300,node_60_180,5.434,25,18,6.152,early,15,N/A,N/A,11,-1,0,Very Low,N/A,1
oppo_full_02_20260809,181,187.113,147.067,GameplayMeasurement,60-180 Seconds,1,30,29.998,33.336,33.467,33.549,33.572,33.341,24.381,33.284,N/A,81126,33,145.478,276.793,10.906,11.242,20,18,38,0,4,59,301,node_60_180,5.451,25,18,6.177,early,15,N/A,N/A,11,-1,0,Very Low,N/A,1
oppo_full_02_20260809,182,188.147,148.1,GameplayMeasurement,60-180 Seconds,1,31,29.999,33.334,33.431,33.437,33.438,33.337,24.116,33.285,N/A,71500,33,145.493,276.793,10.977,11.242,20,18,37,0,4,59,301,node_60_180,5.468,25,18,6.202,early,15,N/A,N/A,11,-1,0,Very Low,N/A,1
oppo_full_02_20260809,183,189.163,149.117,GameplayMeasurement,60-180 Seconds,1,30,29.508,33.889,33.464,45.173,49.954,33.874,23.378,33.815,N/A,80490,33,145.488,276.793,11.039,11.242,20,18,35,0,4,57,303,node_60_180,5.485,25,18,6.228,early,15,N/A,N/A,11,-1,0,Very Low,N/A,1
oppo_full_02_20260809,184,190.197,150.15,GameplayMeasurement,60-180 Seconds,1,31,30.006,33.326,33.428,33.444,33.448,33.331,23.737,33.278,N/A,91588,36,145.495,276.793,10.5,11.367,20,18,35,0,4,57,303,node_60_180,5.502,26,18,6.254,early,15,N/A,N/A,11,-1,0,Very Low,N/A,1
oppo_full_02_20260809,185,191.197,151.15,GameplayMeasurement,60-180 Seconds,1,30,29.994,33.34,33.425,33.431,33.433,33.32,24.479,33.283,N/A,84358,36,145.537,276.793,10.5,11.367,20,18,33,0,4,57,303,node_60_180,5.519,26,18,6.279,early,15,N/A,N/A,11,-1,0,Very Low,N/A,1
oppo_full_02_20260809,186,192.23,152.183,GameplayMeasurement,60-180 Seconds,1,31,30.003,33.33,33.413,33.434,33.439,33.353,24.848,33.272,N/A,74336,36,145.553,276.793,10.5,11.367,20,18,31,0,4,56,304,node_60_180,5.536,26,18,6.305,early,15,N/A,N/A,11,-1,0,Very Low,N/A,1
oppo_full_02_20260809,187,193.23,153.183,GameplayMeasurement,60-180 Seconds,1,30,29.997,33.336,33.439,33.447,33.447,33.34,24.946,33.283,N/A,77102,36,145.532,276.793,10.5,11.367,20,18,29,0,4,53,307,node_60_180,5.553,26,18,6.33,early,15,N/A,N/A,11,-1,0,Very Low,N/A,1
oppo_full_02_20260809,188,194.263,154.216,GameplayMeasurement,60-180 Seconds,1,31,30.003,33.33,33.461,33.468,33.47,33.315,24.714,33.299,N/A,83068,36,145.518,276.793,10.5,11.367,20,18,31,0,4,54,306,node_60_180,5.57,26,18,6.355,early,15,N/A,N/A,11,-1,0,Very Low,N/A,1
oppo_full_02_20260809,189,195.263,155.216,GameplayMeasurement,60-180 Seconds,1,29,28.998,34.485,33.49,57.421,66.725,34.485,24.842,34.398,N/A,69044,36,145.49,276.793,10.504,11.367,20,18,31,0,4,53,307,node_60_180,5.587,26,18,6.38,early,15,N/A,N/A,11,-1,0,Very Low,N/A,1
oppo_full_02_20260809,190,196.263,156.216,GameplayMeasurement,60-180 Seconds,1,30,30,33.334,33.471,33.502,33.504,33.338,24.672,33.27,N/A,72254,36,145.505,276.793,10.504,11.367,20,18,33,0,4,56,304,node_60_180,5.604,26,18,6.405,early,15,N/A,N/A,11,-1,0,Very Low,N/A,1
oppo_full_02_20260809,191,197.263,157.216,GameplayMeasurement,60-180 Seconds,1,30,29.999,33.334,33.439,33.46,33.467,33.333,25.011,33.269,N/A,72694,36,145.457,276.793,10.504,11.367,20,18,32,0,4,52,308,node_60_180,5.62,26,18,6.43,early,15,N/A,N/A,11,-1,0,Very Low,N/A,1
oppo_full_02_20260809,192,198.297,158.25,GameplayMeasurement,60-180 Seconds,1,31,30,33.333,33.447,33.458,33.463,33.326,24.582,33.282,N/A,83124,36,145.507,276.793,10.504,11.367,21,19,39,0,4,62,298,node_60_180,5.637,26,19,6.456,early,15,N/A,N/A,11,-1,0,Very Low,N/A,1
oppo_full_02_20260809,193,199.33,159.283,GameplayMeasurement,60-180 Seconds,1,31,30.003,33.329,33.439,33.457,33.463,33.326,24.906,33.281,N/A,79328,36,145.523,276.793,10.555,11.367,21,19,37,0,4,60,300,node_60_180,5.655,26,19,6.482,early,15,N/A,N/A,11,-1,0,Very Low,N/A,1
oppo_full_02_20260809,194,200.347,160.3,GameplayMeasurement,60-180 Seconds,1,30,29.508,33.889,33.512,45.154,49.908,33.911,23.964,33.818,N/A,82462,36,145.537,276.793,10.609,11.367,22,19,37,0,4,61,299,node_60_180,5.672,26,19,6.507,early,15,N/A,N/A,11,-1,0,Very Low,N/A,1
oppo_full_02_20260809,195,201.347,161.3,GameplayMeasurement,60-180 Seconds,1,30,29.996,33.337,33.438,33.455,33.461,33.321,24.681,33.294,N/A,77814,36,145.543,276.793,10.656,11.367,21,19,38,0,4,62,298,node_60_180,5.688,26,19,6.532,early,15,N/A,N/A,11,-1,0,Very Low,N/A,1
oppo_full_02_20260809,196,202.347,162.3,GameplayMeasurement,60-180 Seconds,1,30,29.999,33.335,33.488,33.523,33.527,33.329,24.646,33.28,N/A,79818,36,145.587,276.793,10.707,11.367,21,19,37,0,4,63,297,node_60_180,5.705,27,19,6.557,early,15,N/A,N/A,11,-1,0,Very Low,N/A,1
oppo_full_02_20260809,197,203.38,163.333,GameplayMeasurement,60-180 Seconds,1,31,30.002,33.331,33.41,33.48,33.503,33.338,24.933,33.273,N/A,78832,36,145.596,276.793,10.758,11.367,22,20,38,0,4,64,296,node_60_180,5.722,27,19,6.583,early,15,N/A,N/A,11,-1,0,Very Low,N/A,1
oppo_full_02_20260809,198,204.413,164.367,GameplayMeasurement,60-180 Seconds,1,31,30.001,33.333,33.409,33.46,33.478,33.327,24.795,33.261,N/A,76684,36,145.566,276.793,10.809,11.367,22,20,32,0,4,57,303,node_60_180,5.739,27,19,6.609,early,15,N/A,N/A,11,-1,0,Very Low,N/A,1
oppo_full_02_20260809,199,205.43,165.383,GameplayMeasurement,60-180 Seconds,1,30,29.509,33.888,33.428,45.242,50.065,33.895,24.081,33.852,N/A,77306,36,145.502,276.793,10.867,11.367,21,19,28,0,4,51,309,node_60_180,5.756,27,19,6.635,early,15,N/A,N/A,11,-1,0,Very Low,N/A,1
oppo_full_02_20260809,200,206.43,166.383,GameplayMeasurement,60-180 Seconds,1,30,29.993,33.341,33.519,33.566,33.58,33.331,21.477,33.26,N/A,71950,36,145.517,276.793,10.914,11.367,21,19,31,0,4,54,306,node_60_180,5.773,27,19,6.66,early,15,N/A,N/A,11,-1,0,Very Low,N/A,1
oppo_full_02_20260809,201,207.463,167.417,GameplayMeasurement,60-180 Seconds,1,31,30.009,33.323,33.465,33.483,33.486,33.335,24.06,33.266,N/A,85232,36,145.489,276.793,10.973,11.367,21,19,28,0,4,49,311,node_60_180,5.79,27,19,6.685,early,15,N/A,N/A,11,-1,0,Very Low,N/A,1
oppo_full_02_20260809,202,208.497,168.45,GameplayMeasurement,60-180 Seconds,1,31,29.999,33.334,33.446,33.47,33.475,33.332,24.565,33.292,N/A,75160,36,145.535,276.793,11.035,11.367,22,20,44,0,4,67,293,node_60_180,5.807,27,19,6.711,early,15,N/A,N/A,11,-1,0,Very Low,N/A,1
oppo_full_02_20260809,203,209.497,169.45,GameplayMeasurement,60-180 Seconds,1,30,30,33.333,33.443,33.444,33.445,33.35,24.709,33.288,N/A,74894,36,145.577,276.793,11.102,11.367,22,20,41,0,4,66,294,node_60_180,5.824,27,19,6.736,early,15,N/A,N/A,11,-1,0,Very Low,N/A,1
oppo_full_02_20260809,204,210.497,170.45,GameplayMeasurement,60-180 Seconds,1,30,29.995,33.339,33.425,33.439,33.441,33.338,24.801,33.261,N/A,67922,39,145.54,276.793,10.582,11.367,21,19,39,0,4,63,297,node_60_180,5.841,27,19,6.761,early,15,N/A,N/A,11,-1,0,Very Low,N/A,1
oppo_full_02_20260809,205,211.514,171.467,GameplayMeasurement,60-180 Seconds,1,30,29.507,33.891,33.461,45.151,49.922,33.871,23.442,33.844,N/A,75614,39,145.499,276.793,10.582,11.367,21,19,35,0,4,57,303,node_60_180,5.858,27,19,6.787,early,15,N/A,N/A,11,-1,0,Very Low,N/A,1
oppo_full_02_20260809,206,212.547,172.5,GameplayMeasurement,60-180 Seconds,1,31,30.004,33.329,33.425,33.459,33.471,33.334,23.51,33.281,N/A,79736,39,145.508,276.793,10.582,11.367,21,19,37,0,4,59,301,node_60_180,5.875,27,19,6.812,early,15,N/A,N/A,11,-1,0,Very Low,N/A,1
oppo_full_02_20260809,207,213.547,173.5,GameplayMeasurement,60-180 Seconds,1,30,29.999,33.335,33.42,33.448,33.456,33.328,24.087,33.27,N/A,78790,39,145.561,276.793,10.582,11.367,22,20,38,0,4,62,298,node_60_180,5.892,27,20,6.837,early,15,N/A,N/A,11,-1,0,Very Low,N/A,1
oppo_full_02_20260809,208,214.547,174.5,GameplayMeasurement,60-180 Seconds,1,30,29.999,33.334,33.408,33.426,33.432,33.329,24.402,33.292,N/A,76202,39,145.528,276.793,10.582,11.367,22,20,38,0,4,61,299,node_60_180,5.908,28,20,6.862,early,15,N/A,N/A,11,-1,0,Very Low,N/A,1
oppo_full_02_20260809,209,215.58,175.533,GameplayMeasurement,60-180 Seconds,1,31,30.005,33.328,33.433,33.483,33.503,33.351,24.33,33.251,N/A,73632,39,145.556,276.793,10.586,11.367,23,20,38,0,4,62,298,node_60_180,5.926,28,20,6.888,early,15,N/A,N/A,11,-1,0,Very Low,N/A,1
oppo_full_02_20260809,210,216.597,176.55,GameplayMeasurement,60-180 Seconds,1,30,29.506,33.891,33.467,45.222,50.017,33.884,23.806,33.832,N/A,70562,39,145.556,276.793,10.586,11.367,22,20,37,0,4,61,299,node_60_180,5.942,28,20,6.914,early,15,N/A,N/A,11,-1,0,Very Low,N/A,1
oppo_full_02_20260809,211,217.63,177.583,GameplayMeasurement,60-180 Seconds,1,31,30,33.334,33.423,33.501,33.532,33.326,25.014,33.271,N/A,71924,39,145.549,276.793,10.586,11.367,22,20,29,0,4,53,307,node_60_180,5.96,28,20,6.94,early,15,N/A,N/A,11,-1,0,Very Low,N/A,1
oppo_full_02_20260809,212,218.663,178.616,GameplayMeasurement,60-180 Seconds,1,31,30.003,33.33,33.449,33.482,33.49,33.353,24.706,33.301,N/A,79956,39,145.55,276.793,10.586,11.367,22,20,29,0,4,53,307,node_60_180,5.977,28,20,6.965,early,15,N/A,N/A,11,-1,0,Very Low,N/A,1
oppo_full_02_20260809,213,219.663,179.616,GameplayMeasurement,60-180 Seconds,1,30,29.998,33.336,33.451,33.491,33.506,33.307,24.661,33.248,N/A,76302,39,145.558,276.793,10.598,11.367,22,20,32,0,4,56,304,node_60_180,5.994,28,20,6.99,early,15,N/A,N/A,11,-1,0,Very Low,N/A,1
oppo_full_02_20260809,214,220.663,180.617,GameplayMeasurement,180-300 Seconds,1,30,29.998,33.336,33.407,33.418,33.42,33.333,24.488,33.284,N/A,79690,39,145.728,276.793,10.656,11.367,22,20,30,0,4,55,305,node_180_300,6.01,28,20,7.015,early,15,N/A,N/A,11,-1,0,Very Low,N/A,1
oppo_full_02_20260809,215,221.697,181.65,GameplayMeasurement,180-300 Seconds,1,31,29.996,33.337,33.447,33.478,33.478,33.747,24.607,33.281,N/A,87962,39,145.536,276.793,10.711,11.367,22,20,37,0,4,61,299,node_180_300,6.028,28,20,7.041,early,15,N/A,N/A,11,-1,0,Very Low,N/A,1
oppo_full_02_20260809,216,222.73,182.683,GameplayMeasurement,180-300 Seconds,1,31,30.003,33.33,33.43,33.481,33.495,32.936,23.241,33.287,N/A,82860,39,145.585,276.793,10.766,11.367,23,20,35,0,4,61,299,node_180_300,6.045,28,20,7.067,early,15,N/A,N/A,11,-1,0,Very Low,N/A,1
oppo_full_02_20260809,217,223.763,183.716,GameplayMeasurement,180-300 Seconds,1,31,30.003,33.33,33.421,33.435,33.439,33.324,24.424,33.279,N/A,75028,39,145.536,276.793,10.82,11.367,22,20,33,0,4,57,303,node_180_300,6.062,28,20,7.093,early,15,N/A,N/A,11,-1,0,Very Low,N/A,1
oppo_full_02_20260809,218,224.763,184.717,GameplayMeasurement,180-300 Seconds,1,30,29.998,33.336,33.404,33.453,33.472,33.334,24.018,33.295,N/A,83674,39,145.584,276.793,10.871,11.367,23,20,36,0,4,62,298,node_180_300,6.079,28,20,7.118,early,15,N/A,N/A,11,-1,0,Very Low,N/A,1
oppo_full_02_20260809,219,225.797,185.75,GameplayMeasurement,180-300 Seconds,1,31,30.004,33.329,33.449,33.471,33.48,33.338,23.944,33.28,N/A,89096,39,145.572,276.793,10.93,11.367,22,20,31,0,4,56,304,node_180_300,6.096,28,20,7.144,early,15,N/A,N/A,11,-1,0,Very Low,N/A,1
oppo_full_02_20260809,220,226.797,186.75,GameplayMeasurement,180-300 Seconds,1,30,29.995,33.339,33.43,33.495,33.512,33.333,24.033,33.285,N/A,75286,39,145.565,276.793,10.977,11.367,22,20,33,0,4,58,302,node_180_300,6.112,29,20,7.169,early,15,N/A,N/A,11,-1,0,Very Low,N/A,1
oppo_full_02_20260809,221,227.83,187.783,GameplayMeasurement,180-300 Seconds,1,30,29.037,34.439,33.52,57.045,66.653,34.448,24.392,34.374,N/A,74898,39,145.536,276.793,11.031,11.367,22,20,29,0,4,53,307,node_180_300,6.13,29,20,7.195,early,15,N/A,N/A,11,-1,0,Very Low,N/A,1
oppo_full_02_20260809,222,228.863,188.816,GameplayMeasurement,180-300 Seconds,1,31,30.001,33.332,33.423,33.529,33.571,33.328,24.908,33.291,N/A,82456,39,145.546,276.793,11.09,11.367,23,21,41,0,4,65,295,node_180_300,6.147,29,21,7.22,early,15,N/A,N/A,11,-1,0,Very Low,N/A,1
oppo_full_02_20260809,223,229.863,189.816,GameplayMeasurement,180-300 Seconds,1,30,29.997,33.337,33.486,33.527,33.533,33.325,24.713,33.283,N/A,79370,39,145.559,276.793,11.16,11.367,23,21,37,0,4,62,298,node_180_300,6.164,29,21,7.245,early,15,N/A,N/A,11,-1,0,Very Low,N/A,1
oppo_full_02_20260809,224,230.863,190.817,GameplayMeasurement,180-300 Seconds,1,30,29.999,33.334,33.463,33.478,33.48,33.345,24.81,33.281,N/A,81698,42,145.574,276.793,10.66,11.367,23,21,38,0,4,63,297,node_180_300,6.18,29,21,7.27,early,15,N/A,N/A,11,-1,0,Very Low,N/A,1
oppo_full_02_20260809,225,231.863,191.817,GameplayMeasurement,180-300 Seconds,1,30,29.999,33.334,33.432,33.478,33.491,33.326,24.948,33.272,N/A,79722,42,145.622,276.793,10.66,11.367,24,21,37,0,4,65,295,node_180_300,6.197,29,21,7.295,early,15,N/A,N/A,11,-1,0,Very Low,N/A,1
oppo_full_02_20260809,226,232.88,192.833,GameplayMeasurement,180-300 Seconds,1,30,29.507,33.89,33.455,45.221,50.025,33.902,24.017,33.85,N/A,72842,42,145.655,277.793,10.66,11.367,23,21,36,0,4,62,298,node_180_300,6.214,29,21,7.321,early,15,N/A,N/A,11,-1,0,Very Low,N/A,1
oppo_full_02_20260809,227,233.88,193.833,GameplayMeasurement,180-300 Seconds,1,30,29.999,33.335,33.441,33.476,33.489,33.32,25.032,33.283,N/A,70026,42,145.668,277.793,10.66,11.367,23,21,37,0,4,64,296,node_180_300,6.231,29,21,7.346,early,15,N/A,N/A,11,-1,0,Very Low,N/A,1
oppo_full_02_20260809,228,234.913,194.866,GameplayMeasurement,180-300 Seconds,1,31,30.005,33.327,33.425,33.447,33.447,33.341,25.01,33.263,N/A,74748,42,145.662,277.793,10.66,11.367,24,22,38,0,4,65,295,node_180_300,6.248,29,21,7.372,early,15,N/A,N/A,11,-1,0,Very Low,N/A,1
oppo_full_02_20260809,229,235.913,195.867,GameplayMeasurement,180-300 Seconds,1,30,29.994,33.339,33.499,33.58,33.599,33.335,24.511,33.285,N/A,83770,42,145.634,277.793,10.668,11.367,23,21,36,0,4,61,299,node_180_300,6.264,29,21,7.397,early,15,N/A,N/A,11,-1,0,Very Low,N/A,1
oppo_full_02_20260809,230,236.947,196.9,GameplayMeasurement,180-300 Seconds,1,31,30.005,33.328,33.468,33.497,33.503,33.324,24.808,33.283,N/A,77892,42,145.646,277.793,10.668,11.367,23,21,32,0,4,58,302,node_180_300,6.282,29,21,7.422,early,15,N/A,N/A,11,-1,0,Very Low,N/A,1
oppo_full_02_20260809,231,237.947,197.9,GameplayMeasurement,180-300 Seconds,1,30,29.997,33.337,33.443,33.554,33.598,33.334,24.84,33.266,N/A,76426,42,145.634,277.793,10.668,11.367,23,21,33,0,4,58,302,node_180_300,6.298,29,21,7.447,early,15,N/A,N/A,11,-1,0,Very Low,N/A,1
oppo_full_02_20260809,232,238.98,198.933,GameplayMeasurement,180-300 Seconds,1,30,29.031,34.446,33.486,56.97,66.557,34.462,21.976,34.389,N/A,75346,42,145.627,277.793,10.668,11.367,23,21,32,0,4,57,303,node_180_300,6.316,30,21,7.473,early,15,N/A,N/A,11,-1,0,Very Low,N/A,1
oppo_full_02_20260809,233,240.013,199.966,GameplayMeasurement,180-300 Seconds,1,31,30.004,33.329,33.446,33.462,33.468,33.325,21.228,33.264,N/A,83440,42,145.635,277.793,10.672,11.367,24,22,29,0,4,54,306,node_180_300,6.333,30,21,7.499,early,15,N/A,N/A,11,-1,0,Very Low,N/A,1
oppo_full_02_20260809,234,241.013,200.967,GameplayMeasurement,180-300 Seconds,1,30,29.999,33.334,33.43,33.45,33.453,33.33,24.068,33.293,N/A,86414,42,145.675,277.793,10.707,11.367,24,22,31,0,4,57,303,node_180_300,6.349,30,21,7.524,early,15,N/A,N/A,11,-1,0,Very Low,N/A,1
oppo_full_02_20260809,235,242.047,202,GameplayMeasurement,180-300 Seconds,1,31,30.002,33.331,33.436,33.452,33.453,33.328,24.638,33.273,N/A,81136,42,145.724,277.793,10.758,11.367,24,21,37,0,4,66,294,node_180_300,6.367,30,21,7.55,early,15,N/A,N/A,11,-1,0,Very Low,N/A,1
oppo_full_02_20260809,236,243.08,203.033,GameplayMeasurement,180-300 Seconds,1,31,30.001,33.333,33.424,33.456,33.465,33.342,25.085,33.273,N/A,81140,42,145.692,277.793,10.813,11.367,23,21,36,0,4,63,297,node_180_300,6.384,30,21,7.576,early,15,N/A,N/A,11,-1,0,Very Low,N/A,1
oppo_full_02_20260809,237,244.08,204.033,GameplayMeasurement,180-300 Seconds,1,29,28.997,34.486,33.414,57.384,66.703,34.48,24.09,34.439,N/A,85412,42,145.679,277.793,10.867,11.367,24,21,38,0,4,65,295,node_180_300,6.401,30,21,7.601,early,15,N/A,N/A,11,-1,0,Very Low,N/A,1
oppo_full_02_20260809,238,245.08,205.033,GameplayMeasurement,180-300 Seconds,1,30,29.999,33.334,33.405,33.508,33.546,33.334,25.173,33.28,N/A,79262,42,145.672,277.793,10.922,11.367,23,21,35,0,4,61,299,node_180_300,6.417,30,21,7.626,early,15,N/A,N/A,11,-1,0,Very Low,N/A,1
oppo_full_02_20260809,239,246.113,206.067,GameplayMeasurement,180-300 Seconds,1,31,30.002,33.331,33.427,33.434,33.436,33.324,25.033,33.271,N/A,80300,42,145.695,277.793,10.973,11.367,25,22,37,0,4,64,296,node_180_300,6.434,30,22,7.652,early,15,N/A,N/A,11,-1,0,Very Low,N/A,1
oppo_full_02_20260809,240,247.113,207.067,GameplayMeasurement,180-300 Seconds,1,30,30,33.333,33.424,33.461,33.469,33.336,25.048,33.277,N/A,78262,42,145.667,277.793,11.02,11.367,24,22,38,0,4,63,297,node_180_300,6.451,30,22,7.677,early,15,N/A,N/A,11,-1,0,Very Low,N/A,1
oppo_full_02_20260809,241,248.114,208.067,GameplayMeasurement,180-300 Seconds,1,30,29.998,33.336,33.477,33.537,33.553,33.348,24.99,33.276,N/A,77622,42,145.693,277.793,11.074,11.367,25,22,35,0,4,62,298,node_180_300,6.468,30,22,7.702,early,15,N/A,N/A,11,-1,0,Very Low,N/A,1
oppo_full_02_20260809,242,249.13,209.083,GameplayMeasurement,180-300 Seconds,1,30,29.51,33.887,33.541,45.22,49.977,33.881,24.159,33.842,N/A,77310,42,145.682,277.793,11.129,11.367,24,22,31,0,4,57,303,node_180_300,6.485,30,22,7.727,early,15,N/A,N/A,11,-1,0,Very Low,N/A,1
oppo_full_02_20260809,243,250.164,210.117,GameplayMeasurement,180-300 Seconds,1,31,29.998,33.335,33.441,33.461,33.468,33.337,24.765,33.285,N/A,92140,42,145.754,277.793,11.211,11.367,25,23,31,0,4,60,300,node_180_300,6.502,31,22,7.753,early,15,N/A,N/A,11,-1,0,Very Low,N/A,1
oppo_full_02_20260809,244,251.197,211.15,GameplayMeasurement,180-300 Seconds,1,31,30.002,33.331,33.408,33.425,33.425,33.344,22.819,33.277,N/A,77524,45,145.728,277.793,10.77,11.367,25,22,24,0,4,53,307,node_180_300,6.519,31,22,7.779,early,15,N/A,N/A,11,-1,0,Very Low,N/A,1
oppo_full_02_20260809,245,252.23,212.183,GameplayMeasurement,180-300 Seconds,1,31,30,33.333,33.432,33.473,33.49,33.323,21.551,33.275,N/A,76744,45,145.69,277.793,10.77,11.367,24,22,38,0,4,65,295,node_180_300,6.536,31,22,7.805,early,15,N/A,N/A,11,-1,0,Very Low,N/A,1
oppo_full_02_20260809,246,253.264,213.217,GameplayMeasurement,180-300 Seconds,1,31,29.998,33.336,33.447,33.523,33.549,33.329,21.778,33.277,N/A,78768,45,145.692,277.793,10.77,11.367,24,22,40,0,4,66,294,node_180_300,6.554,31,22,7.83,early,15,N/A,N/A,11,-1,0,Very Low,N/A,1
oppo_full_02_20260809,247,254.297,214.25,GameplayMeasurement,180-300 Seconds,1,31,30.002,33.331,33.42,33.442,33.447,33.334,24.552,33.261,N/A,85164,45,145.703,277.793,10.77,11.367,25,22,34,0,4,61,299,node_180_300,6.571,31,22,7.856,early,15,N/A,N/A,11,-1,0,Very Low,N/A,1
oppo_full_02_20260809,248,255.33,215.283,GameplayMeasurement,180-300 Seconds,1,31,30.001,33.332,33.413,33.493,33.527,33.34,25.143,33.275,N/A,77996,45,145.716,277.793,10.77,11.367,25,22,36,0,4,64,296,node_180_300,6.588,31,22,7.882,early,15,N/A,N/A,11,-1,0,Very Low,N/A,1
oppo_full_02_20260809,249,256.364,216.317,GameplayMeasurement,180-300 Seconds,1,31,29.997,33.336,33.426,33.431,33.433,33.322,24.732,33.285,N/A,74728,45,145.711,277.793,10.773,11.367,24,22,38,0,4,65,295,node_180_300,6.605,31,22,7.908,early,15,N/A,N/A,11,-1,0,Very Low,N/A,1
oppo_full_02_20260809,250,257.364,217.317,GameplayMeasurement,180-300 Seconds,1,30,29.997,33.337,33.454,33.471,33.473,33.358,24.319,33.287,N/A,72178,45,145.648,277.793,10.773,11.367,24,22,37,0,4,61,299,node_180_300,6.622,31,22,7.933,early,15,N/A,N/A,11,-1,0,Very Low,N/A,1
oppo_full_02_20260809,251,258.397,218.35,GameplayMeasurement,180-300 Seconds,1,31,30.005,33.327,33.405,33.418,33.423,33.307,24.012,33.278,N/A,86552,45,145.691,277.793,10.773,11.367,25,22,42,0,4,68,292,node_180_300,6.639,31,22,7.959,early,15,N/A,N/A,11,-1,0,Very Low,N/A,1
oppo_full_02_20260809,252,259.397,219.35,GameplayMeasurement,180-300 Seconds,1,30,29.999,33.335,33.436,33.493,33.513,33.333,23.873,33.278,N/A,72434,45,145.705,277.793,10.773,11.367,25,22,38,0,4,65,295,node_180_300,6.656,31,22,7.984,early,15,N/A,N/A,11,-1,0,Very Low,N/A,1
oppo_full_02_20260809,253,260.43,220.383,GameplayMeasurement,180-300 Seconds,1,31,30.002,33.331,33.405,33.463,33.487,33.351,24.098,33.282,N/A,81152,45,145.67,277.793,10.777,11.367,24,22,42,0,4,67,293,node_180_300,6.673,31,22,8.01,early,15,N/A,N/A,11,-1,0,Very Low,N/A,1
oppo_full_02_20260809,254,261.43,221.383,GameplayMeasurement,180-300 Seconds,1,30,29.996,33.338,33.44,33.448,33.451,33.317,24.679,33.279,N/A,76142,45,145.711,277.793,10.777,11.367,25,22,39,0,4,67,293,node_180_300,6.69,31,22,8.035,early,15,N/A,N/A,11,-1,0,Very Low,N/A,1
oppo_full_02_20260809,255,262.464,222.417,GameplayMeasurement,180-300 Seconds,1,30,29.035,34.442,33.441,57.044,66.678,34.445,24.859,34.382,N/A,77358,45,145.709,277.793,10.82,11.367,24,22,39,0,4,66,294,node_180_300,6.707,32,22,8.06,early,15,N/A,N/A,11,-1,0,Very Low,N/A,1
oppo_full_02_20260809,256,263.464,223.417,GameplayMeasurement,180-300 Seconds,1,30,29.997,33.336,33.456,33.485,33.487,33.338,25.579,33.281,N/A,81142,45,145.683,277.793,10.879,11.367,25,23,37,0,4,63,297,node_180_300,6.724,32,23,8.085,early,15,N/A,N/A,11,-1,0,Very Low,N/A,1
oppo_full_02_20260809,257,264.464,224.417,GameplayMeasurement,180-300 Seconds,1,30,29.997,33.336,33.464,33.49,33.497,33.318,25.061,33.277,N/A,78658,45,145.675,277.793,10.934,11.367,26,23,31,0,4,57,303,node_180_300,6.74,32,23,8.11,early,15,N/A,N/A,11,-1,0,Very Low,N/A,1
oppo_full_02_20260809,258,265.497,225.45,GameplayMeasurement,180-300 Seconds,1,31,30.003,33.33,33.42,33.434,33.439,33.345,24.814,33.282,N/A,79468,45,145.696,277.793,10.984,11.367,25,23,31,0,4,58,302,node_180_300,6.758,32,23,8.136,early,15,N/A,N/A,11,-1,0,Very Low,N/A,1
oppo_full_02_20260809,259,266.497,226.45,GameplayMeasurement,180-300 Seconds,1,30,29.999,33.334,33.496,33.651,33.706,33.34,24.658,33.281,N/A,76374,45,145.688,277.793,11.035,11.367,25,23,30,0,4,57,303,node_180_300,6.774,32,23,8.161,early,15,N/A,N/A,11,-1,0,Very Low,N/A,1
oppo_full_02_20260809,260,267.53,227.483,GameplayMeasurement,180-300 Seconds,1,31,30,33.333,33.476,33.495,33.5,33.343,25,33.266,N/A,81504,45,145.738,277.793,11.086,11.367,25,23,29,0,4,58,302,node_180_300,6.791,32,23,8.187,early,15,N/A,N/A,11,-1,0,Very Low,N/A,1
oppo_full_02_20260809,261,268.547,228.5,GameplayMeasurement,180-300 Seconds,1,30,29.509,33.888,33.671,45.255,49.939,33.861,23.381,33.829,N/A,75750,45,145.713,277.793,11.133,11.367,25,23,34,0,4,61,299,node_180_300,6.808,32,23,8.212,early,15,N/A,N/A,11,-1,0,Very Low,N/A,1
oppo_full_02_20260809,262,269.547,229.5,GameplayMeasurement,180-300 Seconds,1,30,29.999,33.334,33.445,33.461,33.464,33.351,21.508,33.294,N/A,69214,45,145.705,277.793,11.18,11.367,25,23,36,0,4,63,297,node_180_300,6.825,32,23,8.237,early,15,N/A,N/A,11,-1,0,Very Low,N/A,1
oppo_full_02_20260809,263,270.547,230.5,GameplayMeasurement,180-300 Seconds,1,30,30,33.334,33.496,33.512,33.518,33.335,21.554,33.272,N/A,77558,45,145.736,277.793,11.246,11.367,26,24,31,0,4,59,301,node_180_300,6.842,32,23,8.262,early,15,N/A,N/A,11,-1,0,Very Low,N/A,1
oppo_full_02_20260809,264,271.58,231.533,GameplayMeasurement,180-300 Seconds,1,31,30,33.333,33.43,33.438,33.441,33.321,24.61,33.267,N/A,79372,48,145.733,277.793,10.859,11.367,25,23,38,0,4,66,294,node_180_300,6.859,32,23,8.288,early,15,N/A,N/A,11,-1,0,Very Low,N/A,1
oppo_full_02_20260809,265,272.613,232.567,GameplayMeasurement,180-300 Seconds,1,31,30.002,33.331,33.436,33.446,33.449,33.335,25.242,33.265,N/A,76312,48,145.67,277.793,10.859,11.367,25,23,36,0,4,61,299,node_180_300,6.876,32,23,8.314,early,15,N/A,N/A,11,-1,0,Very Low,N/A,1
oppo_full_02_20260809,266,273.613,233.567,GameplayMeasurement,180-300 Seconds,1,30,29.997,33.336,33.457,33.467,33.469,33.357,24.983,33.285,N/A,79206,48,145.695,277.793,10.859,11.367,25,23,34,0,4,60,300,node_180_300,6.893,32,23,8.339,early,15,N/A,N/A,11,-1,0,Very Low,N/A,1
oppo_full_02_20260809,267,274.63,234.583,GameplayMeasurement,180-300 Seconds,1,30,29.509,33.888,33.485,45.132,49.89,33.888,24.024,33.827,N/A,83450,48,145.734,277.793,10.859,11.367,26,23,32,0,4,60,300,node_180_300,6.91,33,23,8.365,early,15,N/A,N/A,11,-1,0,Very Low,N/A,1
oppo_full_02_20260809,268,275.663,235.617,GameplayMeasurement,180-300 Seconds,1,31,29.998,33.335,33.583,33.855,33.919,33.314,25.07,33.297,N/A,67864,48,145.663,277.793,10.859,11.367,25,23,30,0,4,56,304,node_180_300,6.927,33,23,8.39,early,15,N/A,N/A,11,-1,0,Very Low,N/A,1
oppo_full_02_20260809,269,276.697,236.65,GameplayMeasurement,180-300 Seconds,1,31,30.001,33.332,33.444,33.485,33.498,33.346,25.241,33.263,N/A,81124,48,145.706,277.793,10.863,11.367,26,23,35,0,4,63,297,node_180_300,6.944,33,23,8.416,early,15,N/A,N/A,11,-1,0,Very Low,N/A,1
oppo_full_02_20260809,270,277.73,237.683,GameplayMeasurement,180-300 Seconds,1,31,29.999,33.334,33.411,33.444,33.457,33.35,24.571,33.295,N/A,81528,48,145.68,277.793,10.863,11.367,25,23,28,0,4,53,307,node_180_300,6.961,33,23,8.442,early,15,N/A,N/A,11,-1,0,Very Low,N/A,1
oppo_full_02_20260809,271,278.763,238.716,GameplayMeasurement,180-300 Seconds,1,31,30.004,33.329,33.429,33.432,33.432,33.315,25.057,33.28,N/A,82476,48,145.747,277.793,10.863,11.367,26,23,40,0,4,68,292,node_180_300,6.979,33,23,8.468,early,15,N/A,N/A,11,-1,0,Very Low,N/A,1
oppo_full_02_20260809,272,279.797,239.75,GameplayMeasurement,180-300 Seconds,1,31,30,33.333,33.409,33.456,33.468,33.332,25.009,33.267,N/A,82780,48,145.778,277.793,10.863,11.367,26,23,37,0,4,66,294,node_180_300,6.996,33,23,8.494,early,15,N/A,N/A,11,-1,0,Very Low,N/A,1
oppo_full_02_20260809,273,280.797,240.75,GameplayMeasurement,180-300 Seconds,1,29,28.997,34.487,33.527,57.343,66.601,34.481,24.887,34.453,N/A,84238,48,145.761,277.793,10.871,11.367,27,24,35,0,4,64,296,node_180_300,7.012,33,24,8.519,early,15,N/A,N/A,11,-1,0,Very Low,N/A,1
oppo_full_02_20260809,274,281.83,241.783,GameplayMeasurement,180-300 Seconds,1,31,30.004,33.329,33.416,33.468,33.49,33.327,25.254,33.271,N/A,86584,48,145.79,277.793,10.871,11.367,27,25,31,0,4,61,299,node_180_300,7.03,33,24,8.545,early,15,N/A,N/A,11,-1,0,Very Low,N/A,1
oppo_full_02_20260809,275,282.83,242.783,GameplayMeasurement,180-300 Seconds,1,30,29.997,33.336,33.466,33.513,33.533,33.343,25.367,33.289,N/A,76534,48,145.795,277.793,10.875,11.367,26,24,32,0,4,62,298,node_180_300,7.046,33,24,8.57,early,15,N/A,N/A,11,-1,0,Very Low,N/A,1
oppo_full_02_20260809,276,283.863,243.816,GameplayMeasurement,180-300 Seconds,1,31,30,33.334,33.454,33.475,33.483,33.322,25.59,33.268,N/A,80040,48,145.745,277.793,10.93,11.367,26,24,29,0,4,57,303,node_180_300,7.064,33,24,8.595,early,15,N/A,N/A,11,-1,0,Very Low,N/A,1
oppo_full_02_20260809,277,284.897,244.85,GameplayMeasurement,180-300 Seconds,1,31,30,33.333,33.44,33.455,33.461,33.333,25.059,33.277,N/A,81684,48,145.761,277.793,10.98,11.367,27,24,27,0,4,56,304,node_180_300,7.081,33,24,8.621,early,15,N/A,N/A,11,-1,0,Very Low,N/A,1
oppo_full_02_20260809,278,285.93,245.883,GameplayMeasurement,180-300 Seconds,1,31,30.001,33.333,33.433,33.476,33.489,33.341,24.677,33.289,N/A,92700,48,145.843,277.793,11.039,11.367,27,25,38,0,4,70,290,node_180_300,7.098,33,24,8.647,early,15,N/A,N/A,11,-1,0,Very Low,N/A,1
oppo_full_02_20260809,279,286.947,246.9,GameplayMeasurement,180-300 Seconds,1,30,29.508,33.889,33.507,45.208,49.986,33.325,25.163,33.853,N/A,72794,48,145.77,277.793,11.09,11.367,26,24,38,0,4,67,293,node_180_300,7.115,34,24,8.672,early,15,N/A,N/A,11,-1,0,Very Low,N/A,1
oppo_full_02_20260809,280,287.947,247.9,GameplayMeasurement,180-300 Seconds,1,30,29.999,33.334,33.456,33.488,33.494,33.891,22.568,33.253,N/A,71222,48,145.758,277.793,11.137,11.367,26,24,38,0,4,68,292,node_180_300,7.132,34,24,8.697,early,15,N/A,N/A,11,-1,0,Very Low,N/A,1
oppo_full_02_20260809,281,288.98,248.933,GameplayMeasurement,180-300 Seconds,1,31,30.001,33.333,33.43,33.434,33.435,33.336,25.029,33.266,N/A,83272,48,145.781,277.793,11.184,11.367,27,24,35,0,4,64,296,node_180_300,7.149,34,24,8.723,early,15,N/A,N/A,11,-1,0,Very Low,N/A,1
oppo_full_02_20260809,282,290.013,249.967,GameplayMeasurement,180-300 Seconds,1,31,29.998,33.336,33.463,33.483,33.492,33.352,24.594,33.3,N/A,82320,48,145.808,277.793,11.242,11.367,27,24,31,0,4,62,298,node_180_300,7.166,34,24,8.749,early,15,N/A,N/A,11,-1,0,Very Low,N/A,1
oppo_full_02_20260809,283,291.047,251,GameplayMeasurement,180-300 Seconds,1,31,30.001,33.332,33.441,33.456,33.459,33.326,24.877,33.277,N/A,86660,48,145.82,277.793,11.309,11.367,27,24,29,0,4,61,299,node_180_300,7.183,34,24,8.775,early,15,N/A,N/A,11,-1,0,Very Low,N/A,1
oppo_full_02_20260809,284,292.08,252.033,GameplayMeasurement,180-300 Seconds,1,31,30.004,33.329,33.462,33.476,33.479,33.317,25.242,33.273,N/A,80420,51,145.755,277.793,10.93,11.367,26,24,26,0,4,55,305,node_180_300,7.201,34,24,8.801,early,15,N/A,N/A,11,-1,0,Very Low,N/A,1
oppo_full_02_20260809,285,293.08,253.033,GameplayMeasurement,180-300 Seconds,1,30,30,33.333,33.463,33.481,33.483,33.329,25.029,33.273,N/A,76858,51,145.735,277.793,10.93,11.367,26,24,25,0,4,53,307,node_180_300,7.217,34,24,8.826,early,15,N/A,N/A,11,-1,0,Very Low,N/A,1
oppo_full_02_20260809,286,294.08,254.033,GameplayMeasurement,180-300 Seconds,1,29,28.999,34.484,33.495,57.455,66.772,34.496,24.771,34.435,N/A,73984,51,145.731,277.793,10.93,11.367,26,24,30,0,4,57,303,node_180_300,7.234,34,24,8.851,early,15,N/A,N/A,11,-1,0,Very Low,N/A,1
oppo_full_02_20260809,287,295.08,255.033,GameplayMeasurement,180-300 Seconds,1,30,29.998,33.336,33.441,33.472,33.481,33.327,24.991,33.283,N/A,82598,51,145.75,277.793,10.934,11.367,27,24,28,0,4,57,303,node_180_300,7.251,34,24,8.876,early,15,N/A,N/A,11,-1,0,Very Low,N/A,1
oppo_full_02_20260809,288,296.08,256.033,GameplayMeasurement,180-300 Seconds,1,30,29.998,33.335,33.677,33.871,33.944,33.364,24.789,33.285,N/A,86694,51,145.795,277.793,10.934,11.367,27,24,29,0,4,59,301,node_180_300,7.267,34,24,8.901,early,15,N/A,N/A,11,-1,0,Very Low,N/A,1
oppo_full_02_20260809,289,297.08,257.033,GameplayMeasurement,180-300 Seconds,1,30,29.999,33.334,33.444,33.462,33.467,33.306,25.56,33.299,N/A,66014,51,145.759,277.793,10.938,11.367,26,24,32,0,4,60,300,node_180_300,7.284,34,24,8.926,early,15,N/A,N/A,11,-1,0,Very Low,N/A,1
oppo_full_02_20260809,290,298.113,258.067,GameplayMeasurement,180-300 Seconds,1,31,30.002,33.331,33.463,33.521,33.531,33.334,25.652,33.255,N/A,77828,51,145.811,277.793,10.938,11.367,28,25,39,0,4,70,290,node_180_300,7.301,35,25,8.952,early,15,N/A,N/A,11,-1,0,Very Low,N/A,1
oppo_full_02_20260809,291,299.13,259.083,GameplayMeasurement,180-300 Seconds,1,30,29.508,33.89,33.471,45.214,50,34.109,24.615,33.834,N/A,78306,51,145.759,277.793,10.938,11.367,27,25,34,0,4,62,298,node_180_300,7.318,35,25,8.977,early,15,N/A,N/A,11,-1,0,Very Low,N/A,1
oppo_full_02_20260809,292,300.163,260.117,GameplayMeasurement,180-300 Seconds,1,31,30.001,33.332,33.443,33.463,33.47,33.122,24.188,33.262,N/A,73380,51,145.784,277.793,10.938,11.367,28,25,36,0,4,65,295,node_180_300,7.335,35,25,9.003,early,15,N/A,N/A,11,-1,0,Very Low,N/A,1
oppo_full_02_20260809,293,301.197,261.15,GameplayMeasurement,180-300 Seconds,1,31,30.003,33.33,33.396,33.401,33.401,33.336,25.162,33.295,N/A,73648,51,145.76,277.793,10.941,11.367,27,25,34,0,4,62,298,node_180_300,7.352,35,25,9.029,early,15,N/A,N/A,11,-1,0,Very Low,N/A,1
oppo_full_02_20260809,294,302.197,262.15,GameplayMeasurement,180-300 Seconds,1,30,29.997,33.337,33.452,33.51,33.524,33.33,25.627,33.269,N/A,74918,51,145.76,277.793,10.941,11.367,28,25,34,0,4,63,297,node_180_300,7.369,35,25,9.054,early,15,N/A,N/A,11,-1,0,Very Low,N/A,1
oppo_full_02_20260809,295,303.23,263.183,GameplayMeasurement,180-300 Seconds,1,31,30.002,33.331,33.453,33.483,33.493,33.324,25.243,33.309,N/A,81984,51,145.806,277.793,10.941,11.367,27,25,31,0,4,61,299,node_180_300,7.386,35,25,9.08,early,15,N/A,N/A,11,-1,0,Very Low,N/A,1
oppo_full_02_20260809,296,304.23,264.183,GameplayMeasurement,180-300 Seconds,1,30,29.999,33.334,33.43,33.436,33.436,33.336,24.608,33.273,N/A,81102,51,145.79,277.793,10.945,11.367,28,25,30,0,4,60,300,node_180_300,7.403,35,25,9.105,early,15,N/A,N/A,11,-1,0,Very Low,N/A,1
oppo_full_02_20260809,297,305.23,265.184,GameplayMeasurement,180-300 Seconds,1,30,29.997,33.337,33.441,33.458,33.464,33.334,24.827,33.272,N/A,87394,51,145.834,277.793,10.996,11.367,28,26,30,0,4,62,298,node_180_300,7.42,35,25,9.13,early,15,N/A,N/A,11,-1,0,Very Low,N/A,1
oppo_full_02_20260809,298,306.247,266.2,GameplayMeasurement,180-300 Seconds,1,30,29.51,33.887,33.475,45.169,49.935,33.892,24.217,33.843,N/A,77990,51,145.815,277.793,11.047,11.367,28,25,30,0,4,61,299,node_180_300,7.437,35,25,9.155,early,15,N/A,N/A,11,-1,0,Very Low,N/A,1
oppo_full_02_20260809,299,307.28,267.233,GameplayMeasurement,180-300 Seconds,1,31,30.001,33.332,33.42,33.442,33.446,33.344,23.614,33.271,N/A,80000,51,145.804,277.793,11.094,11.367,27,25,29,0,4,59,301,node_180_300,7.454,35,25,9.181,early,15,N/A,N/A,11,-1,0,Very Low,N/A,1
oppo_full_02_20260809,300,308.314,268.267,GameplayMeasurement,180-300 Seconds,1,31,30.001,33.332,33.436,33.454,33.458,33.316,24.622,33.276,N/A,81636,51,145.822,277.793,11.145,11.367,28,25,34,0,4,65,295,node_180_300,7.471,35,25,9.207,early,15,N/A,N/A,11,-1,0,Very Low,N/A,1
oppo_full_02_20260809,301,309.314,269.267,GameplayMeasurement,180-300 Seconds,1,30,29.999,33.335,33.401,33.46,33.483,33.336,24.494,33.268,N/A,75506,51,145.816,277.793,11.195,11.367,28,25,36,0,4,67,293,node_180_300,7.488,35,25,9.232,early,15,N/A,N/A,11,-1,0,Very Low,N/A,1
oppo_full_02_20260809,302,310.347,270.3,GameplayMeasurement,180-300 Seconds,1,31,30.002,33.331,33.414,33.439,33.446,33.341,24.613,33.291,N/A,90126,51,145.787,277.793,11.258,11.367,27,25,34,0,4,63,297,node_180_300,7.505,36,25,9.258,early,15,N/A,N/A,11,-1,0,Very Low,N/A,1
oppo_full_02_20260809,303,311.347,271.3,GameplayMeasurement,180-300 Seconds,1,30,29.996,33.338,33.445,33.517,33.544,33.33,24.837,33.294,N/A,79866,51,145.803,277.793,11.336,11.367,28,25,35,0,4,65,295,node_180_300,7.522,36,25,9.283,early,15,N/A,N/A,11,-1,0,Very Low,N/A,1
oppo_full_02_20260809,304,312.38,272.334,GameplayMeasurement,180-300 Seconds,1,31,29.997,33.337,33.434,33.458,33.46,33.342,25.153,33.266,N/A,77908,54,145.785,277.793,11.043,15.16,28,25,36,0,4,66,294,node_180_300,7.539,36,25,9.308,early,15,N/A,N/A,11,-1,0,Very Low,N/A,1
oppo_full_02_20260809,305,313.414,273.367,GameplayMeasurement,180-300 Seconds,1,31,30.002,33.331,33.453,33.485,33.492,33.322,25.253,33.274,N/A,66000,54,145.762,277.793,11.043,15.16,27,25,29,0,4,58,302,node_180_300,7.556,36,25,9.334,early,15,N/A,N/A,11,-1,0,Very Low,N/A,1
oppo_full_02_20260809,306,314.447,274.4,GameplayMeasurement,180-300 Seconds,1,31,30,33.333,33.43,33.442,33.446,33.341,24.551,33.279,N/A,90184,54,145.787,277.793,11.043,15.16,28,26,25,0,4,54,306,node_180_300,7.573,36,26,9.36,early,15,N/A,N/A,11,-1,0,Very Low,N/A,1
oppo_full_02_20260809,307,315.463,275.417,GameplayMeasurement,180-300 Seconds,1,30,29.51,33.887,33.466,45.188,49.969,33.88,24.384,33.836,N/A,85390,54,145.804,277.793,11.043,15.16,29,26,22,0,4,53,307,node_180_300,7.59,36,26,9.385,early,15,N/A,N/A,11,-1,0,Very Low,N/A,1
oppo_full_02_20260809,308,316.463,276.417,GameplayMeasurement,180-300 Seconds,1,30,30,33.333,33.455,33.481,33.486,33.329,24.48,33.285,N/A,86686,54,145.842,277.793,11.043,15.16,29,26,26,0,4,59,301,node_180_300,7.607,36,26,9.41,early,15,N/A,N/A,11,-1,0,Very Low,N/A,1
oppo_full_02_20260809,309,317.497,277.45,GameplayMeasurement,180-300 Seconds,1,31,30.001,33.332,33.417,33.462,33.473,33.351,25.348,33.278,N/A,81540,54,145.889,277.793,11.047,15.16,28,26,38,0,4,72,288,node_180_300,7.624,36,26,9.436,early,15,N/A,N/A,11,-1,0,Very Low,N/A,1
oppo_full_02_20260809,310,318.53,278.483,GameplayMeasurement,180-300 Seconds,1,31,29.998,33.336,33.471,33.488,33.491,33.323,25.3,33.296,N/A,85876,54,145.845,277.793,11.047,15.16,28,26,34,0,4,66,294,node_180_300,7.641,36,26,9.462,early,15,N/A,N/A,11,-1,0,Very Low,N/A,1
oppo_full_02_20260809,311,319.563,279.517,GameplayMeasurement,180-300 Seconds,1,31,30.002,33.331,33.445,33.472,33.482,33.34,25.592,33.274,N/A,84748,54,145.837,277.793,11.047,15.16,29,26,31,0,4,63,297,node_180_300,7.659,36,26,9.488,early,15,N/A,N/A,11,-1,0,Very Low,N/A,1
oppo_full_02_20260809,312,320.564,280.517,GameplayMeasurement,180-300 Seconds,1,30,29.999,33.335,33.411,33.457,33.469,33.353,25.544,33.287,N/A,70770,54,145.844,277.793,11.047,15.16,29,26,35,0,4,67,293,node_180_300,7.675,36,26,9.513,early,15,N/A,N/A,11,-1,0,Very Low,N/A,1
oppo_full_02_20260809,313,321.58,281.533,GameplayMeasurement,180-300 Seconds,1,30,29.51,33.887,33.455,45.175,49.961,33.855,24.606,33.836,N/A,73562,54,145.823,277.793,11.051,15.16,29,26,26,0,4,57,303,node_180_300,7.692,36,26,9.538,early,15,N/A,N/A,11,-1,0,Very Low,N/A,1
oppo_full_02_20260809,314,322.58,282.533,GameplayMeasurement,180-300 Seconds,1,30,29.999,33.335,33.45,33.512,33.536,33.33,25.22,33.263,N/A,56866,54,145.789,277.793,11.051,15.16,28,26,28,0,4,57,303,node_180_300,7.709,37,26,9.563,early,15,N/A,N/A,11,-1,0,Very Low,N/A,1
oppo_full_02_20260809,315,323.613,283.567,GameplayMeasurement,180-300 Seconds,1,31,29.999,33.335,33.417,33.437,33.444,33.345,25.435,33.287,N/A,57976,54,145.803,277.793,11.051,15.16,29,27,28,0,4,58,302,node_180_300,7.726,37,26,9.589,early,15,N/A,N/A,11,-1,0,Very Low,N/A,1
oppo_full_02_20260809,316,324.647,284.6,GameplayMeasurement,180-300 Seconds,1,31,30.003,33.33,33.419,33.46,33.472,33.328,25.604,33.277,N/A,65416,54,145.762,277.793,11.055,15.16,28,26,27,0,4,55,305,node_180_300,7.743,37,26,9.615,early,15,N/A,N/A,11,-1,0,Very Low,N/A,1
oppo_full_02_20260809,317,325.68,285.633,GameplayMeasurement,180-300 Seconds,1,31,30.002,33.332,33.45,33.468,33.471,33.495,25.09,33.365,N/A,71618,54,145.816,277.793,11.059,15.16,28,26,32,0,4,62,298,node_180_300,7.761,37,26,9.641,early,15,N/A,N/A,11,-1,0,Very Low,N/A,1
oppo_full_02_20260809,318,326.68,286.633,GameplayMeasurement,180-300 Seconds,1,30,29.994,33.339,33.445,33.463,33.469,33.185,24.711,33.193,N/A,67430,54,145.835,277.793,11.063,15.16,29,27,33,0,4,64,296,node_180_300,7.777,37,26,9.666,early,15,N/A,N/A,11,-1,0,Very Low,N/A,1
oppo_full_02_20260809,319,327.713,287.667,GameplayMeasurement,180-300 Seconds,1,31,30.004,33.329,33.429,33.445,33.452,33.321,25.496,33.269,N/A,58384,54,145.776,277.793,11.102,15.16,28,26,27,0,4,56,304,node_180_300,7.794,37,26,9.692,early,15,N/A,N/A,11,-1,0,Very Low,N/A,1
oppo_full_02_20260809,320,328.714,288.667,GameplayMeasurement,180-300 Seconds,1,30,29.995,33.339,33.449,33.47,33.474,33.334,25.225,33.297,N/A,62226,54,145.798,277.793,11.137,15.16,29,26,27,0,4,57,303,node_180_300,7.811,37,26,9.717,early,15,N/A,N/A,11,-1,0,Very Low,N/A,1
oppo_full_02_20260809,321,329.747,289.7,GameplayMeasurement,180-300 Seconds,1,31,30.004,33.329,33.426,33.434,33.438,33.336,25.589,33.276,N/A,64176,54,145.849,277.793,11.18,15.16,29,26,27,0,4,59,301,node_180_300,7.828,37,26,9.743,early,15,N/A,N/A,11,-1,0,Very Low,N/A,1
oppo_full_02_20260809,322,330.749,290.702,GameplayMeasurement,180-300 Seconds,1,30,29.945,33.394,33.444,34.69,35.194,33.323,25.211,33.279,N/A,52278,54,145.797,277.793,11.215,15.16,29,26,27,0,4,57,303,node_180_300,7.845,37,26,9.768,early,15,N/A,N/A,11,-1,0,Very Low,N/A,1
oppo_full_02_20260809,323,331.78,291.733,GameplayMeasurement,180-300 Seconds,1,31,30.054,33.273,33.425,33.65,33.744,33.333,25.004,33.258,N/A,67072,54,145.813,277.793,11.262,15.16,30,27,27,0,4,57,303,node_180_300,7.862,37,27,9.793,early,15,N/A,N/A,11,-1,0,Very Low,N/A,1
oppo_full_02_20260809,324,332.78,292.733,GameplayMeasurement,180-300 Seconds,1,30,29.997,33.337,33.462,33.476,33.479,33.341,25.397,33.289,N/A,59406,54,145.826,277.793,11.301,15.16,30,27,21,0,4,52,308,node_180_300,7.879,37,27,9.818,early,15,N/A,N/A,11,-1,0,Very Low,N/A,1
oppo_full_02_20260809,325,333.813,293.767,GameplayMeasurement,180-300 Seconds,1,31,30.003,33.33,33.429,33.505,33.535,33.324,25.191,33.255,N/A,60912,54,145.852,277.793,11.348,15.16,30,27,27,0,4,59,301,node_180_300,7.896,37,27,9.844,early,15,N/A,N/A,11,-1,0,Very Low,N/A,1
oppo_full_02_20260809,326,334.814,294.767,GameplayMeasurement,180-300 Seconds,1,29,28.994,34.49,33.454,57.352,66.64,34.488,24.744,34.445,N/A,61732,54,145.821,277.793,11.402,15.16,30,27,25,0,4,56,304,node_180_300,7.913,38,27,9.869,early,15,N/A,N/A,11,-1,0,Very Low,N/A,1
oppo_full_02_20260809,327,335.847,295.8,GameplayMeasurement,180-300 Seconds,1,31,30.006,33.326,33.47,33.502,33.514,33.344,25.301,33.274,N/A,71036,54,145.86,277.793,11.465,15.16,30,27,36,0,4,68,292,node_180_300,7.93,38,27,9.895,early,15,N/A,N/A,11,-1,0,Very Low,N/A,1
oppo_full_02_20260809,328,336.847,296.8,GameplayMeasurement,180-300 Seconds,1,30,29.999,33.334,33.421,33.447,33.457,33.367,25.258,33.278,N/A,56054,57,145.902,277.793,11.156,15.16,31,28,36,0,4,70,290,node_180_300,7.947,38,27,9.92,early,15,N/A,N/A,11,-1,0,Very Low,N/A,1
oppo_full_02_20260809,329,337.847,297.8,GameplayMeasurement,180-300 Seconds,1,30,29.998,33.335,33.438,33.454,33.454,33.291,25.135,33.278,N/A,65362,57,145.885,277.793,11.156,15.16,30,27,36,0,4,70,290,node_180_300,7.963,38,27,9.945,early,15,N/A,N/A,11,-1,0,Very Low,N/A,1
oppo_full_02_20260809,330,338.847,298.8,GameplayMeasurement,180-300 Seconds,1,30,29.999,33.335,33.45,33.471,33.479,33.343,25.355,33.282,N/A,53398,57,145.842,277.793,11.156,15.16,30,27,33,0,4,65,295,node_180_300,7.98,38,27,9.97,early,15,N/A,N/A,11,-1,0,Very Low,N/A,1
oppo_full_02_20260809,331,339.88,299.833,GameplayMeasurement,180-300 Seconds,1,31,30.001,33.332,33.449,33.478,33.48,33.312,25.36,33.287,N/A,69136,57,145.837,277.793,11.156,15.16,30,28,28,0,4,59,301,node_180_300,7.997,38,27,9.996,early,15,N/A,N/A,11,-1,0,Very Low,N/A,1
oppo_full_02_20260809,332,340.88,300.833,GameplayMeasurement,Heavy Combat,1,30,29.995,33.339,33.462,33.522,33.536,33.362,25.43,33.279,N/A,64564,57,145.829,277.793,11.16,15.16,29,27,30,0,4,61,299,node_300_420,8.014,38,27,10.021,early,15,N/A,N/A,11,-1,0,Very Low,N/A,1
oppo_full_02_20260809,333,341.897,301.85,GameplayMeasurement,Heavy Combat,1,30,29.513,33.883,33.673,45.312,50.017,33.32,25.313,33.821,N/A,64146,57,145.817,277.793,11.164,15.16,29,27,29,0,4,59,301,node_300_420,8.031,38,27,10.046,early,15,N/A,N/A,11,-1,0,Very Low,N/A,1
oppo_full_02_20260809,334,342.897,302.85,GameplayMeasurement,Heavy Combat,1,30,30,33.334,33.433,33.451,33.453,33.886,21.684,33.268,N/A,58924,57,145.816,277.793,11.164,15.16,29,27,31,0,4,61,299,node_300_420,8.047,38,27,10.071,early,15,N/A,N/A,11,-1,0,Very Low,N/A,1
oppo_full_02_20260809,335,343.897,303.85,GameplayMeasurement,Heavy Combat,1,30,29.999,33.335,33.488,33.503,33.507,33.325,21.741,33.297,N/A,59280,57,145.874,277.793,11.164,15.16,31,28,32,0,4,65,295,node_300_420,8.064,38,27,10.096,early,15,N/A,N/A,11,-1,0,Very Low,N/A,1
oppo_full_02_20260809,336,344.93,304.883,GameplayMeasurement,Heavy Combat,1,31,30,33.333,33.461,33.475,33.478,33.333,24.888,33.271,N/A,52622,57,145.815,277.793,11.164,15.16,30,27,31,0,4,61,299,node_300_420,8.081,38,27,10.122,early,15,N/A,N/A,11,-1,0,Very Low,N/A,1
oppo_full_02_20260809,337,345.963,305.917,GameplayMeasurement,Heavy Combat,1,31,30,33.333,33.431,33.457,33.457,33.331,24.655,33.267,N/A,58314,57,145.815,277.793,11.168,15.16,30,28,27,0,4,57,303,node_300_420,8.099,38,27,10.148,early,15,N/A,N/A,11,-1,0,Very Low,N/A,1
oppo_full_02_20260809,338,346.997,306.95,GameplayMeasurement,Heavy Combat,1,31,30.001,33.332,33.401,33.427,33.435,33.333,24.552,33.296,N/A,55990,57,145.832,277.793,11.168,15.16,31,28,28,0,4,59,301,node_300_420,8.116,39,27,10.174,early,15,N/A,N/A,11,-1,0,Very Low,N/A,1
oppo_full_02_20260809,339,348.03,307.983,GameplayMeasurement,Heavy Combat,1,31,30.001,33.332,33.418,33.44,33.449,33.333,24.424,33.292,N/A,71698,57,145.839,277.793,11.168,15.16,30,27,34,0,4,65,295,node_300_420,8.133,39,27,10.2,early,15,N/A,N/A,11,-1,0,Very Low,N/A,1
oppo_full_02_20260809,340,349.047,309,GameplayMeasurement,Heavy Combat,1,30,29.506,33.891,33.527,45.237,50.004,33.898,25.105,33.835,N/A,60472,57,145.84,277.793,11.172,15.16,30,28,33,0,4,64,296,node_300_420,8.15,39,28,10.225,early,15,N/A,N/A,11,-1,0,Very Low,N/A,1
oppo_full_02_20260809,341,350.08,310.033,GameplayMeasurement,Heavy Combat,1,31,30.002,33.332,33.442,33.498,33.52,33.32,25.791,33.252,N/A,57558,57,145.866,277.793,11.172,15.16,31,28,34,0,4,67,293,node_300_420,8.167,39,28,10.251,early,15,N/A,N/A,11,-1,0,Very Low,N/A,1
oppo_full_02_20260809,342,351.08,311.033,GameplayMeasurement,Heavy Combat,1,30,29.995,33.339,33.545,33.576,33.587,33.334,25.361,33.29,N/A,60772,57,145.837,277.793,11.172,15.16,31,28,31,0,4,62,298,node_300_420,8.184,39,28,10.276,early,15,N/A,N/A,11,-1,0,Very Low,N/A,1
oppo_full_02_20260809,343,352.113,312.066,GameplayMeasurement,Heavy Combat,1,31,30.003,33.33,33.462,33.478,33.483,33.339,25.41,33.268,N/A,58586,57,145.821,277.793,11.172,15.16,30,28,27,0,4,57,303,node_300_420,8.201,39,28,10.302,early,15,N/A,N/A,11,-1,0,Very Low,N/A,1
oppo_full_02_20260809,344,353.147,313.1,GameplayMeasurement,Heavy Combat,1,31,30,33.333,33.444,33.496,33.507,33.346,25.456,33.278,N/A,60042,57,145.845,277.793,11.172,15.16,31,28,29,0,4,60,300,node_300_420,8.218,39,28,10.327,early,15,N/A,N/A,11,-1,0,Very Low,N/A,1
oppo_full_02_20260809,345,354.163,314.116,GameplayMeasurement,Heavy Combat,1,30,29.509,33.887,33.433,45.183,49.976,33.881,24.946,33.837,N/A,63652,57,145.844,277.793,11.172,15.16,31,29,24,0,4,55,305,node_300_420,8.235,39,28,10.353,early,15,N/A,N/A,11,-1,0,Very Low,N/A,1
oppo_full_02_20260809,346,355.197,315.15,GameplayMeasurement,Heavy Combat,1,31,30,33.333,33.495,33.671,33.722,33.331,25.346,33.293,N/A,65062,57,145.859,277.793,11.18,15.16,31,28,27,0,4,59,301,node_300_420,8.252,39,28,10.379,early,15,N/A,N/A,11,-1,0,Very Low,N/A,1
oppo_full_02_20260809,347,356.197,316.15,GameplayMeasurement,Heavy Combat,1,30,29.999,33.334,33.419,33.446,33.457,33.342,25.508,33.26,N/A,60736,57,145.851,277.793,11.219,15.16,31,28,21,0,4,53,307,node_300_420,8.269,39,28,10.404,early,15,N/A,N/A,11,-1,0,Very Low,N/A,1
oppo_full_02_20260809,348,357.197,317.15,GameplayMeasurement,Heavy Combat,1,30,29.999,33.334,33.426,33.492,33.517,33.341,25.636,33.27,N/A,59360,57,145.859,277.793,11.254,15.16,31,28,28,0,4,60,300,node_300_420,8.286,39,28,10.429,early,15,N/A,N/A,11,-1,0,Very Low,N/A,1
oppo_full_02_20260809,349,358.23,318.183,GameplayMeasurement,Heavy Combat,1,31,30.004,33.329,33.43,33.48,33.488,33.305,25.568,33.273,N/A,62254,57,145.867,277.793,11.301,15.16,31,28,36,0,4,68,292,node_300_420,8.303,40,28,10.455,early,15,N/A,N/A,11,-1,0,Very Low,N/A,1
oppo_full_02_20260809,350,359.23,319.183,GameplayMeasurement,Heavy Combat,1,30,29.997,33.336,33.463,33.495,33.496,33.358,25.313,33.306,N/A,62016,57,145.845,277.793,11.344,15.16,31,28,32,0,4,63,297,node_300_420,8.32,40,28,10.48,early,15,N/A,N/A,11,-1,0,Very Low,N/A,1
oppo_full_02_20260809,351,360.246,320.2,GameplayMeasurement,Heavy Combat,1,30,29.51,33.887,33.595,45.152,49.848,33.881,24.784,33.839,N/A,56904,57,145.864,277.793,11.383,15.16,31,28,33,0,4,66,294,node_300_420,8.337,40,28,10.505,early,15,N/A,N/A,11,-1,0,Very Low,N/A,1
oppo_full_02_20260809,352,361.247,321.2,GameplayMeasurement,Heavy Combat,1,30,29.997,33.336,33.422,33.482,33.507,33.346,25.142,33.27,N/A,62984,57,145.865,277.793,11.434,15.16,31,28,33,0,4,65,295,node_300_420,8.353,40,28,10.53,early,15,N/A,N/A,11,-1,0,Very Low,N/A,1
oppo_full_02_20260809,353,362.28,322.233,GameplayMeasurement,Heavy Combat,1,31,30.003,33.33,33.464,33.495,33.507,33.349,25.142,33.284,N/A,69354,57,145.872,277.793,11.492,15.16,31,28,25,0,4,58,302,node_300_420,8.371,40,28,10.556,early,15,N/A,N/A,11,-1,0,Very Low,N/A,1
oppo_full_02_20260809,354,363.28,323.233,GameplayMeasurement,Heavy Combat,1,30,29.997,33.337,33.438,33.442,33.443,33.304,25.087,33.289,N/A,61036,60,145.888,277.793,10.152,15.16,31,28,27,0,4,61,299,node_300_420,8.387,40,28,10.581,early,15,N/A,N/A,11,-1,0,Very Low,N/A,1
oppo_full_02_20260809,355,364.313,324.266,GameplayMeasurement,Heavy Combat,1,31,30.002,33.331,33.439,33.469,33.478,33.33,21.472,33.268,N/A,55774,60,145.879,277.793,10.152,15.16,31,28,29,0,4,64,296,node_300_420,8.404,40,28,10.607,early,15,N/A,N/A,11,-1,0,Very Low,N/A,1
oppo_full_02_20260809,356,365.313,325.266,GameplayMeasurement,Heavy Combat,1,30,29.998,33.336,33.446,33.464,33.47,33.328,22.219,33.263,N/A,59968,60,145.832,277.793,10.152,15.16,31,28,30,0,4,62,298,node_300_420,8.421,40,28,10.632,early,15,N/A,N/A,11,-1,0,Very Low,N/A,1
oppo_full_02_20260809,357,366.33,326.283,GameplayMeasurement,Heavy Combat,1,30,29.507,33.89,33.431,45.22,50.035,33.893,21.294,33.845,N/A,68020,60,145.896,277.793,10.152,15.16,33,30,27,0,4,62,298,node_300_420,8.438,40,29,10.657,early,15,N/A,N/A,11,-1,0,Very Low,N/A,1
oppo_full_02_20260809,358,367.33,327.283,GameplayMeasurement,Heavy Combat,1,30,29.999,33.334,33.432,33.491,33.513,33.335,22.11,33.267,N/A,58020,60,145.889,277.793,10.152,15.16,33,29,29,0,4,63,297,node_300_420,8.455,40,29,10.682,early,15,N/A,N/A,11,-1,0,Very Low,N/A,1
oppo_full_02_20260809,359,368.363,328.316,GameplayMeasurement,Heavy Combat,1,31,30.002,33.331,33.431,33.464,33.476,33.328,21.551,33.263,N/A,59750,60,145.873,277.793,10.156,15.16,32,29,25,0,4,59,301,node_300_420,8.472,40,29,10.708,early,15,N/A,N/A,11,-1,0,Very Low,N/A,1
oppo_full_02_20260809,360,369.396,329.35,GameplayMeasurement,Heavy Combat,1,31,30.003,33.33,33.468,33.493,33.502,33.345,22.075,33.281,N/A,63926,60,145.858,277.793,10.156,15.16,32,29,21,0,4,54,306,node_300_420,8.489,40,29,10.734,early,15,N/A,N/A,11,-1,0,Very Low,N/A,1
oppo_full_02_20260809,361,370.396,330.35,GameplayMeasurement,Heavy Combat,1,30,29.999,33.335,33.446,33.482,33.495,33.332,21.919,33.275,N/A,70568,60,145.888,277.793,10.168,15.16,33,30,21,0,4,55,305,node_300_420,8.506,41,29,10.759,early,15,N/A,N/A,11,-1,0,Very Low,N/A,1
oppo_full_02_20260809,362,371.396,331.35,GameplayMeasurement,Heavy Combat,1,30,29.997,33.337,33.457,33.499,33.513,33.338,24.856,33.304,N/A,55168,60,145.84,277.793,10.176,15.16,32,29,20,0,4,52,308,node_300_420,8.522,41,29,10.784,early,15,N/A,N/A,11,-1,0,Very Low,N/A,1
oppo_full_02_20260809,363,372.43,332.383,GameplayMeasurement,Heavy Combat,1,31,30.005,33.328,33.453,33.548,33.585,33.337,25.656,33.256,N/A,68520,60,145.819,277.793,10.223,15.16,31,29,31,0,4,62,298,node_300_420,8.54,41,29,10.81,early,15,N/A,N/A,11,-1,0,Very Low,N/A,1
oppo_full_02_20260809,364,373.43,333.383,GameplayMeasurement,Heavy Combat,1,30,29.996,33.338,33.426,33.455,33.466,33.326,22.796,33.286,N/A,62124,60,145.851,277.793,10.27,15.16,32,29,38,0,4,70,290,node_300_420,8.556,41,29,10.835,early,15,N/A,N/A,11,-1,0,Very Low,N/A,1
oppo_full_02_20260809,365,374.463,334.416,GameplayMeasurement,Heavy Combat,1,31,30.005,33.328,33.429,33.455,33.462,33.33,25.15,33.263,N/A,62516,60,145.854,277.793,10.316,15.16,32,29,30,0,4,63,297,node_300_420,8.574,41,29,10.86,early,15,N/A,N/A,11,-1,0,Very Low,N/A,1
oppo_full_02_20260809,366,375.463,335.416,GameplayMeasurement,Heavy Combat,1,30,29.994,33.34,33.446,33.476,33.483,33.332,24.748,33.298,N/A,63928,60,145.863,277.793,10.363,15.16,31,29,31,0,4,64,296,node_300_420,8.59,41,29,10.885,early,15,N/A,N/A,11,-1,0,Very Low,N/A,1
oppo_full_02_20260809,367,376.463,336.416,GameplayMeasurement,Heavy Combat,1,30,30,33.333,33.451,33.472,33.478,33.343,25.242,33.291,N/A,58220,60,145.89,277.793,10.402,15.16,33,30,29,0,4,63,297,node_300_420,8.607,41,29,10.91,early,15,N/A,N/A,11,-1,0,Very Low,N/A,1
oppo_full_02_20260809,368,377.496,337.45,GameplayMeasurement,Heavy Combat,1,31,30.003,33.331,33.443,33.471,33.474,33.317,25.151,33.268,N/A,63072,60,145.88,277.793,10.453,15.16,32,29,24,0,4,58,302,node_300_420,8.624,41,29,10.936,early,15,N/A,N/A,11,-1,0,Very Low,N/A,1
oppo_full_02_20260809,369,378.496,338.45,GameplayMeasurement,Heavy Combat,1,30,29.997,33.337,33.431,33.453,33.461,33.367,25.25,33.283,N/A,58420,60,145.86,277.793,10.492,15.16,33,30,26,0,4,59,301,node_300_420,8.641,41,29,10.961,early,15,N/A,N/A,11,-1,0,Very Low,N/A,1
oppo_full_02_20260809,370,379.529,339.483,GameplayMeasurement,Heavy Combat,1,31,30.007,33.326,33.446,33.46,33.461,33.315,25.117,33.289,N/A,56328,60,145.829,277.793,10.535,15.16,31,29,31,0,4,62,298,node_300_420,8.658,41,29,10.987,early,15,N/A,N/A,11,-1,0,Very Low,N/A,1
oppo_full_02_20260809,371,380.546,340.499,GameplayMeasurement,Heavy Combat,1,30,29.506,33.892,33.452,45.266,50.084,33.882,22.042,33.819,N/A,69412,60,145.869,277.793,10.594,15.16,33,30,26,0,4,59,301,node_300_420,8.675,41,29,11.012,early,15,N/A,N/A,11,-1,0,Very Low,N/A,1
oppo_full_02_20260809,372,381.58,341.533,GameplayMeasurement,Heavy Combat,1,31,29.997,33.337,33.473,33.48,33.481,33.34,24.702,33.279,N/A,63084,60,145.882,277.793,10.652,15.16,32,29,23,0,4,57,303,node_300_420,8.692,41,29,11.038,early,15,N/A,N/A,11,-1,0,Very Low,N/A,1
oppo_full_02_20260809,373,382.58,342.533,GameplayMeasurement,Heavy Combat,1,30,29.998,33.336,33.449,33.469,33.476,33.354,25.644,33.284,N/A,62160,60,145.894,277.793,10.703,15.16,32,29,36,0,4,70,290,node_300_420,8.709,42,29,11.063,early,15,N/A,N/A,11,-1,0,Very Low,N/A,1
oppo_full_02_20260809,374,383.613,343.566,GameplayMeasurement,Heavy Combat,1,31,30.006,33.327,33.43,33.432,33.433,33.306,25.602,33.288,N/A,70196,60,145.942,277.793,10.762,15.16,33,30,35,0,4,72,288,node_300_420,8.726,42,30,11.089,early,15,N/A,N/A,11,-1,0,Very Low,N/A,1
oppo_full_02_20260809,375,384.613,344.566,GameplayMeasurement,Heavy Combat,1,30,29.995,33.339,33.47,33.584,33.621,33.327,25.795,33.273,N/A,65016,60,145.949,277.793,10.82,15.16,34,31,33,0,4,70,290,node_300_420,8.743,42,30,11.114,early,15,N/A,N/A,11,-1,0,Very Low,N/A,1
oppo_full_02_20260809,376,385.646,345.6,GameplayMeasurement,Heavy Combat,1,31,30.002,33.331,33.454,33.474,33.477,33.339,25.713,33.282,N/A,73438,60,145.918,277.793,10.895,15.16,33,30,28,0,4,64,296,node_300_420,8.76,42,30,11.14,early,15,N/A,N/A,11,-1,0,Very Low,N/A,1
oppo_full_02_20260809,377,386.663,346.616,GameplayMeasurement,Heavy Combat,1,30,29.506,33.892,33.499,45.226,49.994,33.89,21.769,33.85,N/A,62944,60,145.955,277.793,10.953,15.16,34,30,24,0,4,62,298,node_300_420,8.777,42,30,11.165,early,15,N/A,N/A,11,-1,0,Very Low,N/A,1
oppo_full_02_20260809,378,387.696,347.65,GameplayMeasurement,Heavy Combat,1,31,30.001,33.333,33.424,33.473,33.49,33.338,25.164,33.264,N/A,62972,63,145.924,277.793,10.328,15.16,34,31,26,0,4,62,298,node_300_420,8.794,42,30,11.191,early,15,N/A,N/A,11,-1,0,Very Low,N/A,1
oppo_full_02_20260809,379,388.697,348.65,GameplayMeasurement,Heavy Combat,1,30,30,33.333,33.465,33.494,33.503,33.348,25.699,33.293,N/A,59024,63,145.914,277.793,10.328,15.16,34,31,32,0,4,68,292,node_300_420,8.811,42,30,11.216,early,15,N/A,N/A,11,-1,0,Very Low,N/A,1
oppo_full_02_20260809,380,389.73,349.683,GameplayMeasurement,Heavy Combat,1,31,30.002,33.332,33.473,33.538,33.546,33.309,25.717,33.28,N/A,55148,63,145.89,277.793,10.328,15.16,34,31,31,0,4,65,295,node_300_420,8.828,42,30,11.242,early,15,N/A,N/A,11,-1,0,Very Low,N/A,1
oppo_full_02_20260809,381,390.73,350.683,GameplayMeasurement,Heavy Combat,1,30,30,33.334,33.433,33.465,33.471,33.334,25.787,33.282,N/A,60088,63,145.871,277.793,10.328,15.16,33,31,28,0,4,61,299,node_300_420,8.845,42,30,11.267,early,15,N/A,N/A,11,-1,0,Very Low,N/A,1
oppo_full_02_20260809,382,391.73,351.683,GameplayMeasurement,Heavy Combat,1,30,29.998,33.335,33.43,33.497,33.524,33.345,25.453,33.277,N/A,59208,63,145.867,277.793,10.328,15.16,33,30,27,0,4,60,300,node_300_420,8.861,42,30,11.292,early,15,N/A,N/A,11,-1,0,Very Low,N/A,1
oppo_full_02_20260809,383,392.763,352.716,GameplayMeasurement,Heavy Combat,1,31,29.999,33.334,33.465,33.508,33.523,33.335,25.539,33.286,N/A,57828,63,145.872,277.793,10.328,15.16,33,31,28,0,4,61,299,node_300_420,8.879,42,30,11.318,early,15,N/A,N/A,11,-1,0,Very Low,N/A,1
oppo_full_02_20260809,384,393.796,353.75,GameplayMeasurement,Heavy Combat,1,31,30.003,33.33,33.436,33.447,33.449,33.334,25.236,33.285,N/A,65608,63,145.889,277.793,10.328,15.16,34,31,28,0,4,62,298,node_300_420,8.896,42,30,11.344,early,15,N/A,N/A,11,-1,0,Very Low,N/A,1
oppo_full_02_20260809,385,394.813,354.766,GameplayMeasurement,Heavy Combat,1,30,29.51,33.887,33.469,45.247,50.054,33.882,23.06,33.816,N/A,54180,63,145.857,277.793,10.328,15.16,33,30,29,0,4,62,298,node_300_420,8.913,43,30,11.369,early,15,N/A,N/A,11,-1,0,Very Low,N/A,1
oppo_full_02_20260809,386,395.814,355.767,GameplayMeasurement,Heavy Combat,1,30,29.97,33.367,33.511,34.047,34.249,33.339,21.811,33.294,N/A,58580,63,145.863,277.793,10.328,15.16,33,30,34,0,4,67,293,node_300_420,8.929,43,30,11.394,early,15,N/A,N/A,11,-1,0,Very Low,N/A,1
oppo_full_02_20260809,387,396.846,356.8,GameplayMeasurement,Heavy Combat,1,31,30.027,33.303,33.484,33.571,33.602,33.327,22.242,33.252,N/A,60748,63,145.876,277.793,10.332,15.16,33,30,39,0,4,72,288,node_300_420,8.947,43,30,11.42,early,15,N/A,N/A,11,-1,0,Very Low,N/A,1
oppo_full_02_20260809,388,397.88,357.833,GameplayMeasurement,Heavy Combat,1,31,30.003,33.33,33.434,33.444,33.446,33.355,22.452,33.285,N/A,55760,63,145.875,277.793,10.367,15.16,33,30,33,0,4,66,294,node_300_420,8.964,43,30,11.446,early,15,N/A,N/A,11,-1,0,Very Low,N/A,1
oppo_full_02_20260809,389,398.88,358.833,GameplayMeasurement,Heavy Combat,1,30,29.996,33.338,33.392,33.418,33.428,33.32,22.421,33.25,N/A,66372,63,145.858,277.793,10.41,15.16,33,30,28,0,4,61,299,node_300_420,8.981,43,30,11.471,early,15,N/A,N/A,11,-1,0,Very Low,N/A,1
oppo_full_02_20260809,390,399.913,359.866,GameplayMeasurement,Heavy Combat,1,31,30.003,33.33,33.431,33.458,33.47,33.321,21.962,33.279,N/A,64616,63,145.89,277.793,10.453,15.16,33,30,30,0,4,64,296,node_300_420,8.998,43,30,11.497,early,15,N/A,N/A,11,-1,0,Very Low,N/A,1
oppo_full_02_20260809,391,400.913,360.866,GameplayMeasurement,Heavy Combat,1,30,29.998,33.336,33.456,33.484,33.485,33.326,22.354,33.263,N/A,69704,63,145.896,277.793,10.496,15.16,34,31,22,0,4,56,304,node_300_420,9.014,43,31,11.522,early,15,N/A,N/A,11,-1,0,Very Low,N/A,1
oppo_full_02_20260809,392,401.93,361.883,GameplayMeasurement,Heavy Combat,1,30,29.51,33.887,33.44,45.182,49.977,33.895,21.494,33.844,N/A,60276,63,145.886,277.793,10.535,15.16,34,31,21,0,4,55,305,node_300_420,9.031,43,31,11.547,early,15,N/A,N/A,11,-1,0,Very Low,N/A,1
oppo_full_02_20260809,393,402.93,362.883,GameplayMeasurement,Heavy Combat,1,30,29.998,33.336,33.455,33.461,33.462,33.329,22.283,33.288,N/A,62124,63,145.929,277.793,10.574,15.16,35,32,20,0,4,56,304,node_300_420,9.048,43,31,11.572,early,15,N/A,N/A,11,-1,0,Very Low,N/A,1
oppo_full_02_20260809,394,403.963,363.916,GameplayMeasurement,Heavy Combat,1,31,30,33.334,33.425,33.445,33.446,33.343,22.151,33.268,N/A,62490,63,145.927,277.793,10.617,15.16,34,31,24,0,4,60,300,node_300_420,9.065,43,31,11.598,early,15,N/A,N/A,11,-1,0,Very Low,N/A,1
oppo_full_02_20260809,395,404.996,364.95,GameplayMeasurement,Heavy Combat,1,31,30.002,33.331,33.456,33.501,33.516,33.332,22.299,33.277,N/A,63710,63,145.931,277.793,10.656,15.16,34,31,40,0,4,76,284,node_300_420,9.082,43,31,11.624,early,15,N/A,N/A,11,-1,0,Very Low,N/A,1
oppo_full_02_20260809,396,405.996,365.95,GameplayMeasurement,Heavy Combat,1,30,29.999,33.335,33.417,33.43,33.433,33.353,22.565,33.287,N/A,68756,63,145.939,277.793,10.707,15.16,34,31,38,0,4,74,286,node_300_420,9.099,43,31,11.649,early,15,N/A,N/A,11,-1,0,Very Low,N/A,1
oppo_full_02_20260809,397,407.03,366.983,GameplayMeasurement,Heavy Combat,1,31,30.001,33.333,33.424,33.438,33.442,33.318,25.866,33.289,N/A,63814,63,145.927,277.793,10.754,15.16,34,31,33,0,4,69,291,node_300_420,9.116,44,31,11.675,early,15,N/A,N/A,11,-1,0,Very Low,N/A,1
oppo_full_02_20260809,398,408.063,368.016,GameplayMeasurement,Heavy Combat,1,31,30.003,33.33,33.404,33.431,33.443,33.339,25.985,33.285,N/A,60062,63,145.932,277.793,10.797,15.16,34,31,31,0,4,67,293,node_300_420,9.134,44,31,11.7,early,15,N/A,N/A,11,-1,0,Very Low,N/A,1
oppo_full_02_20260809,399,409.063,369.016,GameplayMeasurement,Heavy Combat,1,30,29.999,33.334,33.453,33.456,33.457,33.323,25.798,33.286,N/A,67272,63,145.935,277.793,10.855,15.16,34,31,28,0,4,65,295,node_300_420,9.15,44,31,11.725,early,15,N/A,N/A,11,-1,0,Very Low,N/A,1
oppo_full_02_20260809,400,410.063,370.016,GameplayMeasurement,Heavy Combat,1,30,29.998,33.335,33.422,33.463,33.48,33.324,25.815,33.266,N/A,64008,63,145.966,277.793,10.914,15.16,35,32,26,0,4,64,296,node_300_420,9.167,44,31,11.75,early,15,N/A,N/A,11,-1,0,Very Low,N/A,1
oppo_full_02_20260809,401,411.096,371.05,GameplayMeasurement,Heavy Combat,1,31,30.002,33.332,33.422,33.566,33.621,33.344,24.454,33.279,N/A,60786,63,145.915,277.793,10.973,15.16,34,31,20,0,4,56,304,node_300_420,9.184,44,31,11.776,early,15,N/A,N/A,11,-1,0,Very Low,N/A,1
oppo_full_02_20260809,402,412.113,372.066,GameplayMeasurement,Heavy Combat,1,30,29.509,33.888,33.542,45.235,49.996,33.883,21.477,33.839,N/A,69204,63,145.923,277.793,11.039,15.16,35,31,22,0,4,58,302,node_300_420,9.201,44,31,11.802,early,15,N/A,N/A,11,-1,0,Very Low,N/A,1
oppo_full_02_20260809,403,413.146,373.1,GameplayMeasurement,Heavy Combat,1,31,29.999,33.334,33.439,33.479,33.49,33.344,22.416,33.279,N/A,63610,66,145.933,277.793,10.488,15.16,34,31,25,0,4,61,299,node_300_420,9.218,44,31,11.827,early,15,N/A,N/A,11,-1,0,Very Low,N/A,1
oppo_full_02_20260809,404,414.18,374.133,GameplayMeasurement,Heavy Combat,1,31,30.001,33.332,33.465,33.536,33.561,33.332,25.204,33.308,N/A,63110,66,145.94,277.793,10.488,15.16,34,31,35,0,4,71,289,node_300_420,9.236,44,31,11.853,early,15,N/A,N/A,11,-1,0,Very Low,N/A,1
oppo_full_02_20260809,405,415.18,375.133,GameplayMeasurement,Heavy Combat,1,30,30,33.334,33.456,33.468,33.472,33.318,25.994,33.255,N/A,66072,66,145.908,277.793,10.492,15.16,34,31,37,0,4,72,288,node_300_420,9.252,44,31,11.878,early,15,N/A,N/A,11,-1,0,Very Low,N/A,1
oppo_full_02_20260809,406,416.213,376.166,GameplayMeasurement,Heavy Combat,1,31,30.001,33.332,33.458,33.498,33.514,33.341,22.518,33.283,N/A,64242,66,145.921,277.793,10.492,15.16,34,31,31,0,4,67,293,node_300_420,9.269,44,31,11.904,early,15,N/A,N/A,11,-1,0,Very Low,N/A,1
oppo_full_02_20260809,407,417.246,377.199,GameplayMeasurement,Heavy Combat,1,31,29.998,33.336,33.434,33.454,33.459,33.335,25.633,33.279,N/A,72646,66,145.959,277.793,10.492,15.16,36,33,24,0,4,61,299,node_300_420,9.287,44,32,11.93,early,15,N/A,N/A,11,-1,0,Very Low,N/A,1
oppo_full_02_20260809,408,418.279,378.233,GameplayMeasurement,Heavy Combat,1,31,30.001,33.333,33.425,33.433,33.435,33.329,25.362,33.272,N/A,61194,66,145.954,277.793,10.492,15.16,35,32,24,0,4,61,299,node_300_420,9.304,45,32,11.956,early,15,N/A,N/A,11,-1,0,Very Low,N/A,1
oppo_full_02_20260809,409,419.28,379.233,GameplayMeasurement,Heavy Combat,1,30,29.997,33.337,33.431,33.467,33.474,33.36,25.563,33.299,N/A,59340,66,145.933,277.793,10.492,15.16,35,32,23,0,4,59,301,node_300_420,9.321,45,32,11.981,early,15,N/A,N/A,11,-1,0,Very Low,N/A,1
oppo_full_02_20260809,410,420.296,380.25,GameplayMeasurement,Heavy Combat,1,30,29.506,33.892,33.431,45.253,50.073,33.878,25.268,33.839,N/A,68500,66,145.938,277.793,10.492,15.16,35,32,23,0,4,60,300,node_300_420,9.337,45,32,12.006,early,15,N/A,N/A,11,-1,0,Very Low,N/A,1
oppo_full_02_20260809,411,421.329,381.283,GameplayMeasurement,Heavy Combat,1,31,30.006,33.326,33.463,33.498,33.51,33.336,25.567,33.277,N/A,64926,66,145.942,277.793,10.492,15.16,35,32,22,0,4,58,302,node_300_420,9.355,45,32,12.032,early,15,N/A,N/A,11,-1,0,Very Low,N/A,1
oppo_full_02_20260809,412,422.329,382.283,GameplayMeasurement,Heavy Combat,1,30,29.998,33.335,33.462,33.484,33.49,33.33,25.698,33.272,N/A,62016,66,145.939,277.793,10.496,15.16,35,32,21,0,4,58,302,node_300_420,9.371,45,32,12.057,early,15,N/A,N/A,11,-1,0,Very Low,N/A,1
oppo_full_02_20260809,413,423.363,383.316,GameplayMeasurement,Heavy Combat,1,31,30,33.333,33.413,33.422,33.423,33.327,25.941,33.283,N/A,68502,66,145.965,277.793,10.504,15.16,35,32,32,0,4,69,291,node_300_420,9.389,45,32,12.083,early,15,N/A,N/A,11,-1,0,Very Low,N/A,1
oppo_full_02_20260809,414,424.396,384.349,GameplayMeasurement,Heavy Combat,1,31,29.998,33.336,33.423,33.446,33.455,33.319,25.542,33.299,N/A,70546,66,145.985,277.793,10.547,15.16,36,33,34,0,4,72,288,node_300_420,9.406,45,32,12.109,early,15,N/A,N/A,11,-1,0,Very Low,N/A,1
oppo_full_02_20260809,415,425.429,385.383,GameplayMeasurement,Heavy Combat,1,31,30.004,33.329,33.43,33.456,33.463,33.358,25.725,33.292,N/A,60462,66,145.961,277.793,10.582,15.16,35,32,25,0,4,62,298,node_300_420,9.423,45,32,12.135,early,15,N/A,N/A,11,-1,0,Very Low,N/A,1
oppo_full_02_20260809,416,426.446,386.399,GameplayMeasurement,Heavy Combat,1,30,29.507,33.89,33.49,45.281,50.091,34.025,25.256,33.811,N/A,62788,66,145.969,277.793,10.625,15.16,35,32,22,0,4,59,301,node_300_420,9.44,45,32,12.16,early,15,N/A,N/A,11,-1,0,Very Low,N/A,1
oppo_full_02_20260809,417,427.48,387.433,GameplayMeasurement,Heavy Combat,1,31,29.997,33.337,33.472,33.508,33.516,33.194,22.034,33.28,N/A,66530,66,146.001,277.793,10.672,15.16,36,33,27,0,4,66,294,node_300_420,9.457,45,32,12.186,early,15,N/A,N/A,11,-1,0,Very Low,N/A,1
oppo_full_02_20260809,418,428.513,388.466,GameplayMeasurement,Heavy Combat,1,31,30.003,33.33,33.407,33.44,33.454,33.328,22.458,33.276,N/A,70650,66,145.985,277.793,10.727,15.16,36,32,25,0,4,63,297,node_300_420,9.474,45,32,12.212,early,15,N/A,N/A,11,-1,0,Very Low,N/A,1
oppo_full_02_20260809,419,429.546,389.499,GameplayMeasurement,Heavy Combat,1,31,30.001,33.332,33.432,33.451,33.458,33.336,22.17,33.284,N/A,70436,66,145.979,277.793,10.773,15.16,35,32,36,0,4,74,286,node_300_420,9.492,45,32,12.237,early,15,N/A,N/A,11,-1,0,Very Low,N/A,1
oppo_full_02_20260809,420,430.546,390.5,GameplayMeasurement,Heavy Combat,1,30,29.996,33.338,33.463,33.487,33.497,33.327,22.562,33.272,N/A,66982,66,145.994,277.793,10.824,15.16,36,33,36,0,4,74,286,node_300_420,9.508,46,32,12.262,early,15,N/A,N/A,11,-1,0,Very Low,N/A,1
oppo_full_02_20260809,421,431.58,391.533,GameplayMeasurement,Heavy Combat,1,31,29.999,33.335,33.408,33.431,33.441,33.339,21.808,33.3,N/A,65040,66,145.989,277.793,10.871,15.16,36,33,32,0,4,70,290,node_300_420,9.526,46,32,12.288,early,15,N/A,N/A,11,-1,0,Very Low,N/A,1
oppo_full_02_20260809,422,432.613,392.566,GameplayMeasurement,Heavy Combat,1,31,30.003,33.33,33.406,33.456,33.478,33.33,22.319,33.279,N/A,62912,66,145.993,277.793,10.922,15.16,36,32,30,0,4,68,292,node_300_420,9.543,46,32,12.314,early,15,N/A,N/A,11,-1,0,Very Low,N/A,1
oppo_full_02_20260809,423,433.63,393.583,GameplayMeasurement,Heavy Combat,1,30,29.509,33.887,33.443,45.249,50.07,33.895,20.702,33.817,N/A,64100,66,145.963,277.793,10.977,15.16,35,32,25,0,4,63,297,node_300_420,9.56,46,32,12.34,early,15,N/A,N/A,11,-1,0,Very Low,N/A,1
oppo_full_02_20260809,424,434.63,394.583,GameplayMeasurement,Heavy Combat,1,30,29.996,33.338,33.467,33.52,33.529,33.323,25.157,33.308,N/A,70840,66,145.965,277.793,11.043,15.16,36,33,20,0,4,57,303,node_300_420,9.576,46,33,12.365,early,15,N/A,N/A,11,-1,0,Very Low,N/A,1
oppo_full_02_20260809,425,435.63,395.583,GameplayMeasurement,Heavy Combat,1,30,29.999,33.335,33.446,33.483,33.496,33.365,25.151,33.284,N/A,64916,66,145.997,277.793,11.105,15.16,36,33,19,0,4,58,302,node_300_420,9.593,46,33,12.39,early,15,N/A,N/A,11,-1,0,Very Low,N/A,1
oppo_full_02_20260809,426,436.663,396.617,GameplayMeasurement,Heavy Combat,1,31,30.003,33.33,33.456,33.505,33.514,33.316,25.162,33.256,N/A,67048,66,146.068,277.793,11.152,15.16,37,34,21,0,4,61,299,node_300_420,9.61,46,33,12.415,early,15,N/A,N/A,11,-1,0,Very Low,N/A,1
oppo_full_02_20260809,427,437.697,397.65,GameplayMeasurement,Heavy Combat,1,31,30.001,33.332,33.446,33.484,33.497,33.331,25.484,33.286,N/A,63636,69,146.022,277.793,10.645,15.16,36,33,25,0,4,64,296,node_300_420,9.627,46,33,12.441,early,15,N/A,N/A,11,-1,0,Very Low,N/A,1
oppo_full_02_20260809,428,438.73,398.683,GameplayMeasurement,Heavy Combat,1,31,30.002,33.331,33.437,33.485,33.5,33.328,25.23,33.284,N/A,68068,69,146.028,277.793,10.645,15.16,36,33,33,0,4,71,289,node_300_420,9.645,46,33,12.467,early,15,N/A,N/A,11,-1,0,Very Low,N/A,1
oppo_full_02_20260809,429,439.73,399.683,GameplayMeasurement,Heavy Combat,1,30,29.997,33.337,33.426,33.446,33.454,33.341,25.202,33.282,N/A,68392,69,146.027,277.793,10.645,15.16,36,33,34,0,4,72,288,node_300_420,9.661,46,33,12.492,early,15,N/A,N/A,11,-1,0,Very Low,N/A,1
oppo_full_02_20260809,430,440.763,400.717,GameplayMeasurement,Heavy Combat,1,31,30.001,33.332,33.453,33.473,33.477,33.335,25.271,33.284,N/A,68904,69,146.027,277.793,10.645,15.16,36,33,28,0,4,66,294,node_300_420,9.679,46,33,12.518,early,15,N/A,N/A,11,-1,0,Very Low,N/A,1
oppo_full_02_20260809,431,441.78,401.733,GameplayMeasurement,Heavy Combat,1,30,29.507,33.89,33.478,45.301,50.123,33.877,24.192,33.847,N/A,65040,69,146.051,277.793,10.645,15.16,37,33,28,0,4,68,292,node_300_420,9.696,46,33,12.543,early,15,N/A,N/A,11,-1,0,Very Low,N/A,1
oppo_full_02_20260809,432,442.813,402.767,GameplayMeasurement,Heavy Combat,1,31,30.003,33.33,33.446,33.459,33.462,33.335,21.531,33.256,N/A,62868,69,146.01,277.793,10.645,15.16,36,33,22,0,4,60,300,node_300_420,9.713,47,33,12.569,early,15,N/A,N/A,11,-1,0,Very Low,N/A,1
oppo_full_02_20260809,433,443.813,403.767,GameplayMeasurement,Heavy Combat,1,30,29.998,33.335,33.448,33.495,33.51,33.333,22.163,33.269,N/A,56080,69,145.99,277.793,10.645,15.16,36,33,22,0,4,59,301,node_300_420,9.729,47,33,12.594,early,15,N/A,N/A,11,-1,0,Very Low,N/A,1
oppo_full_02_20260809,434,444.813,404.767,GameplayMeasurement,Heavy Combat,1,30,29.998,33.335,33.479,33.519,33.534,33.338,22.423,33.291,N/A,61236,69,145.986,277.793,10.645,15.16,36,33,26,0,4,62,298,node_300_420,9.746,47,33,12.619,early,15,N/A,N/A,11,-1,0,Very Low,N/A,1
oppo_full_02_20260809,435,445.847,405.8,GameplayMeasurement,Heavy Combat,1,31,30.001,33.332,33.435,33.478,33.495,33.331,21.957,33.264,N/A,72276,69,145.979,277.793,10.648,15.16,36,33,26,0,4,62,298,node_300_420,9.763,47,33,12.645,early,15,N/A,N/A,11,-1,0,Very Low,N/A,1
oppo_full_02_20260809,436,446.88,406.833,GameplayMeasurement,Heavy Combat,1,31,30.003,33.33,33.448,33.465,33.468,33.328,22.331,33.285,N/A,60352,69,146.01,277.793,10.648,15.16,36,33,33,0,4,70,290,node_300_420,9.781,47,33,12.671,early,15,N/A,N/A,11,-1,0,Very Low,N/A,1
oppo_full_02_20260809,437,447.897,407.85,GameplayMeasurement,Heavy Combat,1,30,29.507,33.891,33.597,45.263,50.017,33.949,21.406,33.819,N/A,62180,69,146.012,277.793,10.648,15.16,36,33,31,0,4,68,292,node_300_420,9.797,47,33,12.696,early,15,N/A,N/A,11,-1,0,Very Low,N/A,1
oppo_full_02_20260809,438,448.93,408.883,GameplayMeasurement,Heavy Combat,1,31,30.001,33.332,33.452,33.459,33.459,33.285,22.02,33.272,N/A,59120,69,146.006,277.793,10.66,15.16,36,33,34,0,4,71,289,node_300_420,9.815,47,33,12.722,early,15,N/A,N/A,11,-1,0,Very Low,N/A,1
oppo_full_02_20260809,439,449.93,409.883,GameplayMeasurement,Heavy Combat,1,30,29.998,33.335,33.422,33.437,33.443,33.338,21.917,33.281,N/A,61420,69,145.978,277.793,10.703,15.16,36,33,28,0,4,64,296,node_300_420,9.831,47,33,12.747,early,15,N/A,N/A,11,-1,0,Very Low,N/A,1
oppo_full_02_20260809,440,450.93,410.883,GameplayMeasurement,Heavy Combat,1,30,30,33.334,33.412,33.43,33.433,33.324,22.149,33.279,N/A,56876,69,146.026,277.793,10.738,15.16,37,34,31,0,4,69,291,node_300_420,9.848,47,33,12.772,early,15,N/A,N/A,11,-1,0,Very Low,N/A,1
oppo_full_02_20260809,441,451.93,411.883,GameplayMeasurement,Heavy Combat,1,30,30,33.334,33.466,33.523,33.544,33.33,22.452,33.275,N/A,57272,69,146.029,277.793,10.773,15.16,38,35,34,0,4,72,288,node_300_420,9.865,47,34,12.797,early,15,N/A,N/A,11,-1,0,Very Low,N/A,1
oppo_full_02_20260809,442,452.93,412.883,GameplayMeasurement,Heavy Combat,1,30,29.999,33.334,33.423,33.442,33.446,33.337,25.946,33.308,N/A,66752,69,146.049,277.793,10.816,15.16,38,35,27,0,4,66,294,node_300_420,9.881,47,34,12.822,early,15,N/A,N/A,11,-1,0,Very Low,N/A,1
oppo_full_02_20260809,443,453.947,413.9,GameplayMeasurement,Heavy Combat,1,30,29.507,33.89,33.486,45.241,50.04,33.897,25.564,33.807,N/A,55728,69,146.036,277.793,10.852,15.16,38,35,33,0,4,71,289,node_300_420,9.898,47,34,12.848,early,15,N/A,N/A,11,-1,0,Very Low,N/A,1
oppo_full_02_20260809,444,454.98,414.933,GameplayMeasurement,Heavy Combat,1,31,30.002,33.331,33.417,33.458,33.475,33.332,25.922,33.281,N/A,59376,69,146.005,277.793,10.891,15.16,37,34,34,0,4,71,289,node_300_420,9.916,48,34,12.873,early,15,N/A,N/A,11,-1,0,Very Low,N/A,1
oppo_full_02_20260809,445,456.013,415.967,GameplayMeasurement,Heavy Combat,1,31,30.002,33.331,33.42,33.426,33.427,33.348,22.645,33.271,N/A,54972,69,146.019,277.793,10.926,15.16,37,34,31,0,4,68,292,node_300_420,9.933,48,34,12.899,early,15,N/A,N/A,11,-1,0,Very Low,N/A,1
oppo_full_02_20260809,446,457.013,416.967,GameplayMeasurement,Heavy Combat,1,30,30,33.333,33.46,33.479,33.484,33.306,22.562,33.274,N/A,60156,69,146.034,277.793,10.961,15.16,38,35,32,0,4,70,290,node_300_420,9.949,48,34,12.924,early,15,N/A,N/A,11,-1,0,Very Low,N/A,1
oppo_full_02_20260809,447,458.013,417.967,GameplayMeasurement,Heavy Combat,1,30,29.999,33.335,33.469,33.488,33.492,33.329,22.385,33.268,N/A,61832,69,146.009,277.793,11.012,15.16,37,34,25,0,4,62,298,node_300_420,9.966,48,34,12.949,early,15,N/A,N/A,11,-1,0,Very Low,N/A,1
oppo_full_02_20260809,448,459.047,419,GameplayMeasurement,Heavy Combat,1,31,29.996,33.337,33.467,33.502,33.511,33.345,21.686,33.273,N/A,66496,69,146.018,277.793,11.07,15.16,38,34,17,0,4,55,305,node_300_420,9.983,48,34,12.975,early,15,N/A,N/A,11,-1,0,Very Low,N/A,1
oppo_full_02_20260809,449,460.08,420.033,GameplayMeasurement,Long Run / Stress,1,31,30.005,33.327,33.446,33.52,33.547,33.323,21.769,33.256,N/A,60388,69,146.005,277.793,11.113,15.16,37,34,21,0,4,58,302,node_420_720,10,48,34,13,early,15,N/A,N/A,11,-1,0,Very Low,N/A,1
oppo_full_02_20260809,450,461.08,421.034,GameplayMeasurement,Long Run / Stress,1,30,29.99,33.344,33.475,33.51,33.515,33.344,21.907,33.302,N/A,68680,69,146.027,277.793,11.172,15.16,37,34,22,0,4,60,300,node_420_720,10.007,48,34,13.01,early,15,N/A,N/A,11,-1,0,Very Low,N/A,1
oppo_full_02_20260809,451,462.113,422.067,GameplayMeasurement,Long Run / Stress,1,31,30.004,33.329,33.467,33.514,33.527,33.352,25.86,33.278,N/A,61334,69,146.033,277.793,11.23,15.16,37,34,31,0,4,69,291,node_420_720,10.014,48,34,13.021,early,15,N/A,N/A,11,-1,0,Very Low,N/A,1
oppo_full_02_20260809,452,463.147,423.1,GameplayMeasurement,Long Run / Stress,1,31,30.002,33.331,33.451,33.471,33.479,33.313,25.738,33.275,N/A,70074,72,146.012,277.793,10.793,15.16,38,34,33,0,4,71,289,node_420_720,10.021,48,34,13.031,early,15,N/A,N/A,11,-1,0,Very Low,N/A,1
oppo_full_02_20260809,453,464.18,424.133,GameplayMeasurement,Long Run / Stress,1,31,30.002,33.331,33.468,33.478,33.481,33.334,25.789,33.264,N/A,75374,72,146.025,277.793,10.793,15.16,37,34,26,0,4,64,296,node_420_720,10.028,48,34,13.041,early,15,N/A,N/A,11,-1,0,Very Low,N/A,1
oppo_full_02_20260809,454,465.18,425.133,GameplayMeasurement,Long Run / Stress,1,30,29.997,33.336,33.411,33.466,33.488,33.321,25.451,33.301,N/A,70774,72,146.073,277.793,10.793,15.16,37,34,23,0,4,63,297,node_420_720,10.034,48,34,13.051,early,15,N/A,N/A,11,-1,0,Very Low,N/A,1
oppo_full_02_20260809,455,466.213,426.167,GameplayMeasurement,Long Run / Stress,1,31,29.999,33.334,33.469,33.498,33.508,33.338,25.1,33.278,N/A,63342,72,146.068,277.793,10.793,15.16,37,34,20,0,4,60,300,node_420_720,10.041,48,34,13.062,early,15,N/A,N/A,11,-1,0,Very Low,N/A,1
oppo_full_02_20260809,456,467.23,427.183,GameplayMeasurement,Long Run / Stress,1,30,29.509,33.888,33.455,45.266,50.09,33.888,25.211,33.833,N/A,68690,72,146.074,277.793,10.793,15.16,38,34,27,0,4,68,292,node_420_720,10.048,48,34,13.072,early,15,N/A,N/A,11,-1,0,Very Low,N/A,1
oppo_full_02_20260809,457,468.263,428.216,GameplayMeasurement,Long Run / Stress,1,31,30.002,33.331,33.456,33.514,33.536,33.334,25.776,33.284,N/A,67838,72,146.063,277.793,10.793,15.16,37,34,25,0,4,65,295,node_420_720,10.055,48,34,13.082,early,15,N/A,N/A,11,-1,0,Very Low,N/A,1
oppo_full_02_20260809,458,469.263,429.216,GameplayMeasurement,Long Run / Stress,1,30,29.999,33.335,33.447,33.454,33.457,33.332,26.053,33.279,N/A,72386,72,146.107,277.793,10.793,15.16,38,35,23,0,4,65,295,node_420_720,10.061,48,34,13.092,early,15,N/A,N/A,11,-1,0,Very Low,N/A,1
oppo_full_02_20260809,459,470.263,430.216,GameplayMeasurement,Long Run / Stress,1,30,30,33.333,33.449,33.567,33.61,33.363,25.531,33.289,N/A,64598,72,146.068,277.793,10.793,15.16,37,34,22,0,4,62,298,node_420_720,10.068,48,34,13.102,early,15,N/A,N/A,11,-1,0,Very Low,N/A,1
oppo_full_02_20260809,460,471.296,431.25,GameplayMeasurement,Long Run / Stress,1,31,30.004,33.329,33.408,33.438,33.449,33.312,22.555,33.28,N/A,73354,72,146.085,277.793,10.793,15.16,38,34,32,0,4,73,287,node_420_720,10.075,48,34,13.112,early,15,N/A,N/A,11,-1,0,Very Low,N/A,1
oppo_full_02_20260809,461,472.296,432.25,GameplayMeasurement,Long Run / Stress,1,30,29.997,33.337,33.431,33.439,33.441,33.331,22.345,33.283,N/A,65130,72,146.062,277.793,10.793,15.16,38,34,35,0,4,75,285,node_420_720,10.082,48,34,13.122,early,15,N/A,N/A,11,-1,0,Very Low,N/A,1
oppo_full_02_20260809,462,473.313,433.266,GameplayMeasurement,Long Run / Stress,1,30,29.511,33.885,33.736,45.326,49.977,33.89,21.596,33.892,N/A,76254,72,146.102,277.793,10.801,15.16,38,35,26,0,4,68,292,node_420_720,10.088,49,34,13.133,early,15,N/A,N/A,11,-1,0,Very Low,N/A,1
oppo_full_02_20260809,463,474.313,434.266,GameplayMeasurement,Long Run / Stress,1,30,29.997,33.337,33.436,33.462,33.469,33.343,22.257,33.225,N/A,61710,72,146.097,277.793,10.809,15.16,38,35,25,0,4,66,294,node_420_720,10.095,49,34,13.143,early,15,N/A,N/A,11,-1,0,Very Low,N/A,1
oppo_full_02_20260809,464,475.346,435.3,GameplayMeasurement,Long Run / Stress,1,31,29.998,33.336,33.418,33.487,33.516,33.323,22.274,33.281,N/A,72364,72,146.055,277.793,10.828,15.16,37,34,23,0,4,63,297,node_420_720,10.102,49,34,13.153,early,15,N/A,N/A,11,-1,0,Very Low,N/A,1
oppo_full_02_20260809,465,476.38,436.333,GameplayMeasurement,Long Run / Stress,1,31,30.005,33.328,33.417,33.452,33.463,33.336,21.928,33.27,N/A,69402,72,146.066,277.793,10.879,15.16,38,34,26,0,4,66,294,node_420_720,10.109,49,34,13.163,early,15,N/A,N/A,11,-1,0,Very Low,N/A,1
oppo_full_02_20260809,466,477.38,437.333,GameplayMeasurement,Long Run / Stress,1,30,29.994,33.34,33.465,33.501,33.504,33.356,22.548,33.279,N/A,62526,72,146.078,277.793,10.922,15.16,38,35,30,0,4,70,290,node_420_720,10.116,49,34,13.173,early,15,N/A,N/A,11,-1,0,Very Low,N/A,1
oppo_full_02_20260809,467,478.413,438.366,GameplayMeasurement,Long Run / Stress,1,31,30.002,33.331,33.448,33.481,33.495,33.299,22.398,33.285,N/A,71834,72,146.069,277.793,10.973,15.16,37,34,25,0,4,65,295,node_420_720,10.122,49,34,13.184,early,15,N/A,N/A,11,-1,0,Very Low,N/A,1
oppo_full_02_20260809,468,479.413,439.366,GameplayMeasurement,Long Run / Stress,1,30,30,33.334,33.453,33.502,33.52,33.341,22.654,33.272,N/A,70022,72,146.102,277.793,11.023,15.16,39,35,26,0,4,68,292,node_420_720,10.129,49,35,13.194,early,15,N/A,N/A,11,-1,0,Very Low,N/A,1
oppo_full_02_20260809,469,480.43,440.383,GameplayMeasurement,Long Run / Stress,1,30,29.512,33.885,33.511,45.187,49.948,33.892,21.98,33.85,N/A,62322,72,146.101,277.793,11.066,15.16,39,36,22,0,4,64,296,node_420_720,10.136,49,35,13.204,early,15,N/A,N/A,11,-1,0,Very Low,N/A,1
oppo_full_02_20260809,470,481.43,441.383,GameplayMeasurement,Long Run / Stress,1,30,29.997,33.336,33.442,33.48,33.496,33.331,22.297,33.297,N/A,64726,72,146.131,277.793,11.113,15.16,39,35,21,0,4,64,296,node_420_720,10.143,49,35,13.214,early,15,N/A,N/A,11,-1,0,Very Low,N/A,1
oppo_full_02_20260809,471,482.463,442.416,GameplayMeasurement,Long Run / Stress,1,31,29.998,33.336,33.47,33.479,33.481,33.338,22.683,33.26,N/A,54530,72,146.068,277.793,11.148,15.16,38,35,11,0,4,51,309,node_420_720,10.149,49,35,13.224,early,15,N/A,N/A,11,-1,0,Very Low,N/A,1
oppo_full_02_20260809,472,483.497,443.45,GameplayMeasurement,Long Run / Stress,1,31,30,33.333,33.444,33.484,33.497,33.323,22.614,33.265,N/A,54838,72,146.075,277.793,11.184,15.16,39,36,22,0,4,62,298,node_420_720,10.156,49,35,13.234,early,15,N/A,N/A,11,-1,0,Very Low,N/A,1
oppo_full_02_20260809,473,484.497,444.45,GameplayMeasurement,Long Run / Stress,1,30,29.998,33.335,33.467,33.516,33.52,33.34,21.929,33.277,N/A,51482,72,146.045,277.793,11.215,15.16,38,35,28,0,4,66,294,node_420_720,10.163,49,35,13.244,early,15,N/A,N/A,11,-1,0,Very Low,N/A,1
oppo_full_02_20260809,474,485.53,445.483,GameplayMeasurement,Long Run / Stress,1,31,30.004,33.328,33.435,33.528,33.567,33.36,22.609,33.298,N/A,58518,72,146.084,277.793,11.258,15.16,40,36,32,0,4,72,288,node_420_720,10.17,49,35,13.255,early,15,N/A,N/A,11,-1,0,Very Low,N/A,1
oppo_full_02_20260809,475,486.563,446.516,GameplayMeasurement,Long Run / Stress,1,31,29.996,33.337,33.459,33.471,33.475,33.315,22.752,33.261,N/A,56402,75,146.07,277.793,10.887,15.16,39,36,30,0,4,69,291,node_420_720,10.177,49,35,13.265,early,15,N/A,N/A,11,-1,0,Very Low,N/A,1
oppo_full_02_20260809,476,487.58,447.533,GameplayMeasurement,Long Run / Stress,1,30,29.511,33.886,33.474,45.228,50.021,33.887,21.967,33.845,N/A,59998,75,146.048,277.793,10.887,15.16,38,35,29,0,4,67,293,node_420_720,10.184,49,35,13.275,early,15,N/A,N/A,11,-1,0,Very Low,N/A,1
oppo_full_02_20260809,477,488.58,448.533,GameplayMeasurement,Long Run / Stress,1,30,29.999,33.334,33.417,33.466,33.483,33.326,22.584,33.254,N/A,51794,75,146.049,277.793,10.887,15.16,39,35,27,0,4,66,294,node_420_720,10.19,49,35,13.285,early,15,N/A,N/A,11,-1,0,Very Low,N/A,1
oppo_full_02_20260809,478,489.58,449.533,GameplayMeasurement,Long Run / Stress,1,30,29.999,33.334,33.456,33.468,33.47,33.331,22.306,33.263,N/A,55182,75,146.062,277.793,10.887,15.16,39,35,24,0,4,63,297,node_420_720,10.197,49,35,13.295,early,15,N/A,N/A,11,-1,0,Very Low,N/A,1
oppo_full_02_20260809,479,490.613,450.566,GameplayMeasurement,Long Run / Stress,1,31,30.004,33.329,33.4,33.42,33.426,33.346,22.024,33.281,N/A,62766,75,146.037,277.793,10.895,15.16,38,35,15,0,4,53,307,node_420_720,10.204,49,35,13.306,early,15,N/A,N/A,11,-1,0,Very Low,N/A,1
oppo_full_02_20260809,480,491.613,451.566,GameplayMeasurement,Long Run / Stress,1,30,29.996,33.338,33.446,33.475,33.483,33.323,22.288,33.274,N/A,53750,75,146.053,277.793,10.895,15.16,39,35,18,0,4,57,303,node_420_720,10.21,49,35,13.316,early,15,N/A,N/A,11,-1,0,Very Low,N/A,1
oppo_full_02_20260809,481,492.646,452.6,GameplayMeasurement,Long Run / Stress,1,31,30.002,33.331,33.459,33.482,33.482,33.337,22.409,33.256,N/A,59462,75,146.065,277.793,10.895,15.16,39,36,19,0,4,58,302,node_420_720,10.217,49,35,13.326,early,15,N/A,N/A,11,-1,0,Very Low,N/A,1
oppo_full_02_20260809,482,493.646,453.6,GameplayMeasurement,Long Run / Stress,1,30,29.996,33.337,33.417,33.428,33.429,33.336,22.609,33.302,N/A,54882,75,146.049,277.793,10.895,15.16,38,35,26,0,4,64,296,node_420_720,10.224,49,35,13.336,early,15,N/A,N/A,11,-1,0,Very Low,N/A,1
oppo_full_02_20260809,483,494.647,454.6,GameplayMeasurement,Long Run / Stress,1,30,29.999,33.335,33.45,33.494,33.505,33.347,26.114,33.255,N/A,59350,75,146.072,277.793,10.895,15.16,39,35,24,0,4,63,297,node_420_720,10.231,49,35,13.346,early,15,N/A,N/A,11,-1,0,Very Low,N/A,1
oppo_full_02_20260809,484,495.68,455.633,GameplayMeasurement,Long Run / Stress,1,31,30,33.333,33.456,33.489,33.498,33.331,26.139,33.297,N/A,57426,75,146.083,277.793,10.895,15.16,39,36,30,0,4,69,291,node_420_720,10.238,49,35,13.356,early,15,N/A,N/A,11,-1,0,Very Low,N/A,1
oppo_full_02_20260809,485,496.713,456.666,GameplayMeasurement,Long Run / Stress,1,31,30.004,33.329,33.454,33.479,33.486,33.31,25.834,33.289,N/A,56922,75,146.063,277.793,10.895,15.16,39,35,28,0,4,67,293,node_420_720,10.244,49,35,13.367,early,15,N/A,N/A,11,-1,0,Very Low,N/A,1
oppo_full_02_20260809,486,497.746,457.699,GameplayMeasurement,Long Run / Stress,1,31,30,33.334,33.453,33.469,33.47,33.336,25.621,33.275,N/A,49410,75,146.079,277.793,10.895,15.16,39,36,25,0,4,64,296,node_420_720,10.251,50,35,13.377,early,15,N/A,N/A,11,-1,0,Very Low,N/A,1
oppo_full_02_20260809,487,498.746,458.7,GameplayMeasurement,Long Run / Stress,1,30,29.999,33.335,33.429,33.439,33.441,33.328,25.167,33.238,N/A,56406,75,146.054,277.793,10.895,15.16,39,35,20,0,4,59,301,node_420_720,10.258,50,35,13.387,early,15,N/A,N/A,11,-1,0,Very Low,N/A,1
oppo_full_02_20260809,488,499.763,459.716,GameplayMeasurement,Long Run / Stress,1,30,29.51,33.887,33.492,45.187,49.954,33.892,24.995,33.848,N/A,58322,75,146.054,277.793,10.895,15.16,38,35,20,0,4,58,302,node_420_720,10.265,50,35,13.397,early,15,N/A,N/A,11,-1,0,Very Low,N/A,1
oppo_full_02_20260809,489,500.763,460.716,GameplayMeasurement,Long Run / Stress,1,30,30,33.334,33.461,33.489,33.5,33.361,25.465,33.278,N/A,54314,75,146.06,277.793,10.895,15.16,38,35,25,0,4,63,297,node_420_720,10.271,50,35,13.407,early,15,N/A,N/A,11,-1,0,Very Low,N/A,1
oppo_full_02_20260809,490,501.796,461.75,GameplayMeasurement,Long Run / Stress,1,31,30,33.333,33.439,33.475,33.489,33.314,22.694,33.287,N/A,59130,75,146.066,277.793,10.895,15.16,38,35,27,0,4,65,295,node_420_720,10.278,50,35,13.417,early,15,N/A,N/A,11,-1,0,Very Low,N/A,1
oppo_full_02_20260809,491,502.83,462.783,GameplayMeasurement,Long Run / Stress,1,31,30.002,33.331,33.441,33.455,33.457,33.347,22.829,33.276,N/A,55466,75,146.104,277.793,10.895,15.16,40,36,30,0,4,70,290,node_420_720,10.285,50,35,13.428,early,15,N/A,N/A,11,-1,0,Very Low,N/A,1
oppo_full_02_20260809,492,503.83,463.783,GameplayMeasurement,Long Run / Stress,1,30,29.999,33.334,33.449,33.468,33.473,33.335,22.715,33.278,N/A,52038,75,146.084,277.793,10.922,15.16,39,35,31,0,4,70,290,node_420_720,10.292,50,35,13.438,early,15,N/A,N/A,11,-1,0,Very Low,N/A,1
oppo_full_02_20260809,493,504.83,464.783,GameplayMeasurement,Long Run / Stress,1,30,30,33.334,33.416,33.428,33.432,33.327,22.71,33.279,N/A,55042,75,146.083,277.793,10.957,15.16,39,36,24,0,4,63,297,node_420_720,10.299,50,35,13.448,early,15,N/A,N/A,11,-1,0,Very Low,N/A,1
oppo_full_02_20260809,494,505.846,465.8,GameplayMeasurement,Long Run / Stress,1,30,29.504,33.894,33.526,45.253,50.032,33.328,22.061,33.816,N/A,52826,75,146.073,277.793,10.988,15.16,39,35,26,0,4,65,295,node_420_720,10.305,50,35,13.458,early,15,N/A,N/A,11,-1,0,Very Low,N/A,1
oppo_full_02_20260809,495,506.88,466.833,GameplayMeasurement,Long Run / Stress,1,31,30.003,33.33,33.495,33.613,33.662,33.856,22.135,33.276,N/A,55594,75,146.052,277.793,11.027,15.16,38,35,25,0,4,63,297,node_420_720,10.312,50,35,13.468,early,15,N/A,N/A,11,-1,0,Very Low,N/A,1
oppo_full_02_20260809,496,507.88,467.833,GameplayMeasurement,Long Run / Stress,1,30,29.997,33.337,33.423,33.442,33.448,33.342,22.104,33.265,N/A,56278,75,146.097,277.793,11.063,15.16,40,36,28,0,4,68,292,node_420_720,10.319,50,35,13.478,early,15,N/A,N/A,11,-1,0,Very Low,N/A,1
oppo_full_02_20260809,497,508.913,468.866,GameplayMeasurement,Long Run / Stress,1,31,30.003,33.33,33.418,33.447,33.457,33.347,22.609,33.271,N/A,60010,75,146.065,277.793,11.102,15.16,38,35,26,0,4,64,296,node_420_720,10.326,50,35,13.489,early,15,N/A,N/A,11,-1,0,Very Low,N/A,1
oppo_full_02_20260809,498,509.913,469.866,GameplayMeasurement,Long Run / Stress,1,30,30,33.334,33.511,33.546,33.554,33.315,22.631,33.281,N/A,51810,75,146.081,277.793,11.137,15.16,39,35,31,0,4,70,290,node_420_720,10.332,50,35,13.499,early,15,N/A,N/A,11,-1,0,Very Low,N/A,1
oppo_full_02_20260809,499,510.947,470.9,GameplayMeasurement,Long Run / Stress,1,31,30,33.333,33.419,33.46,33.471,33.352,22.615,33.394,N/A,56482,75,146.069,277.793,11.176,15.16,38,35,32,0,4,70,290,node_420_720,10.339,50,35,13.509,early,15,N/A,N/A,11,-1,0,Very Low,N/A,1
oppo_full_02_20260809,500,511.963,471.916,GameplayMeasurement,Long Run / Stress,1,30,29.509,33.888,33.417,45.225,50.046,33.87,20.978,33.71,N/A,60570,75,146.085,277.793,11.223,15.16,39,35,30,0,4,69,291,node_420_720,10.346,50,35,13.519,early,15,N/A,N/A,11,-1,0,Very Low,N/A,1
oppo_full_02_20260809,501,512.997,472.95,GameplayMeasurement,Long Run / Stress,1,31,30.002,33.331,33.385,33.389,33.391,33.34,25.718,33.288,N/A,57770,75,146.047,277.793,11.281,15.16,38,35,23,0,4,61,299,node_420_720,10.353,50,35,13.529,early,15,N/A,N/A,11,-1,0,Very Low,N/A,1
oppo_full_02_20260809,502,513.997,473.95,GameplayMeasurement,Long Run / Stress,1,30,30,33.334,33.475,33.508,33.513,33.33,25.48,33.269,N/A,57210,75,146.08,277.793,11.34,15.16,39,35,17,0,4,57,303,node_420_720,10.36,50,35,13.539,early,15,N/A,N/A,11,-1,0,Very Low,N/A,1
oppo_full_02_20260809,503,514.997,474.95,GameplayMeasurement,Long Run / Stress,1,30,29.998,33.336,33.411,33.448,33.46,33.339,25.295,33.281,N/A,57886,75,146.079,277.793,11.391,15.16,38,35,18,0,4,57,303,node_420_720,10.366,50,35,13.549,early,15,N/A,N/A,11,-1,0,Very Low,N/A,1
oppo_full_02_20260809,504,516.03,475.983,GameplayMeasurement,Long Run / Stress,1,31,30.004,33.328,33.431,33.45,33.457,33.339,25.755,33.277,N/A,61698,78,146.102,277.793,11.035,11.547,39,35,19,0,4,59,301,node_420_720,10.373,50,35,13.56,early,15,N/A,N/A,11,-1,0,Very Low,N/A,1
oppo_full_02_20260809,505,517.03,476.983,GameplayMeasurement,Long Run / Stress,1,30,29.998,33.335,33.469,33.495,33.499,33.319,26.041,33.318,N/A,59006,78,146.106,277.793,11.035,11.547,39,36,18,0,4,58,302,node_420_720,10.38,50,36,13.57,early,15,N/A,N/A,11,-1,0,Very Low,N/A,1
oppo_full_02_20260809,506,518.063,478.016,GameplayMeasurement,Long Run / Stress,1,31,30.002,33.331,33.411,33.418,33.421,33.338,26.014,33.252,N/A,65070,78,146.124,277.793,11.035,11.547,40,37,36,0,4,77,283,node_420_720,10.387,50,36,13.58,early,15,N/A,N/A,11,-1,0,Very Low,N/A,1
oppo_full_02_20260809,507,519.08,479.033,GameplayMeasurement,Long Run / Stress,1,30,29.504,33.894,33.441,45.164,49.947,33.897,25.879,33.851,N/A,60878,78,146.126,277.793,11.035,11.547,40,36,33,0,4,74,286,node_420_720,10.394,50,36,13.59,early,15,N/A,N/A,11,-1,0,Very Low,N/A,1
oppo_full_02_20260809,508,520.08,480.033,GameplayMeasurement,Long Run / Stress,1,30,29.998,33.336,33.451,33.517,33.533,33.332,26.327,33.279,N/A,61138,78,146.138,277.793,11.039,11.547,40,37,37,0,4,78,282,node_420_720,10.4,50,36,13.6,early,15,N/A,N/A,11,-1,0,Very Low,N/A,1
oppo_full_02_20260809,509,521.08,481.033,GameplayMeasurement,Long Run / Stress,1,30,29.998,33.336,33.481,33.504,33.51,33.333,26.267,33.287,N/A,68602,78,146.142,277.793,11.039,11.547,41,38,33,0,4,75,285,node_420_720,10.407,50,36,13.61,early,15,N/A,N/A,11,-1,0,Very Low,N/A,1
oppo_full_02_20260809,510,522.114,482.066,GameplayMeasurement,Long Run / Stress,1,31,30.005,33.327,33.462,33.503,33.518,33.322,26.609,33.272,N/A,61814,78,146.123,277.793,11.039,11.547,40,37,25,0,4,66,294,node_420_720,10.414,50,36,13.621,early,15,N/A,N/A,11,-1,0,Very Low,N/A,1
oppo_full_02_20260809,511,523.114,483.066,GameplayMeasurement,Long Run / Stress,1,30,29.998,33.335,33.465,33.492,33.5,33.342,26.308,33.283,N/A,48410,78,146.102,277.793,11.039,11.547,40,36,24,0,4,65,295,node_420_720,10.42,51,36,13.631,early,15,N/A,N/A,11,-1,0,Very Low,N/A,1
oppo_full_02_20260809,512,524.147,484.1,GameplayMeasurement,Long Run / Stress,1,31,30,33.333,33.422,33.462,33.473,33.339,23.175,33.266,N/A,57666,78,146.064,277.793,11.039,11.547,39,36,18,0,4,57,303,node_420_720,10.427,51,36,13.641,early,15,N/A,N/A,11,-1,0,Very Low,N/A,1
oppo_full_02_20260809,513,525.18,485.133,GameplayMeasurement,Long Run / Stress,1,31,29.997,33.336,33.438,33.493,33.514,33.329,22.466,33.268,N/A,67666,78,146.079,277.793,11.039,11.547,39,36,18,0,4,57,303,node_420_720,10.434,51,36,13.651,early,15,N/A,N/A,11,-1,0,Very Low,N/A,1
oppo_full_02_20260809,514,526.214,486.166,GameplayMeasurement,Long Run / Stress,1,31,30.004,33.329,33.459,33.469,33.472,33.347,22.604,33.265,N/A,58770,78,146.128,277.793,11.039,11.547,40,37,25,0,4,66,294,node_420_720,10.441,51,36,13.662,early,15,N/A,N/A,11,-1,0,Very Low,N/A,1
oppo_full_02_20260809,515,527.23,487.183,GameplayMeasurement,Long Run / Stress,1,30,29.507,33.89,33.524,45.209,49.979,33.875,21.767,33.849,N/A,52778,78,146.116,277.793,11.039,11.547,40,36,26,0,4,67,293,node_420_720,10.448,51,36,13.672,early,15,N/A,N/A,11,-1,0,Very Low,N/A,1
oppo_full_02_20260809,516,528.264,488.216,GameplayMeasurement,Long Run / Stress,1,31,30,33.333,33.44,33.45,33.453,33.334,22.604,33.269,N/A,63498,78,146.104,277.793,11.039,11.547,39,36,32,0,4,72,288,node_420_720,10.455,51,36,13.682,early,15,N/A,N/A,11,-1,0,Very Low,N/A,1
oppo_full_02_20260809,517,529.264,489.216,GameplayMeasurement,Long Run / Stress,1,30,29.999,33.334,33.458,33.477,33.48,33.327,22.507,33.279,N/A,56574,78,146.125,277.793,11.039,11.547,40,37,28,0,4,69,291,node_420_720,10.461,51,36,13.692,early,15,N/A,N/A,11,-1,0,Very Low,N/A,1
oppo_full_02_20260809,518,530.297,490.249,GameplayMeasurement,Long Run / Stress,1,31,30.002,33.331,33.449,33.455,33.456,33.331,22.406,33.274,N/A,66762,78,146.18,277.793,11.039,11.547,42,38,22,0,4,66,294,node_420_720,10.468,51,36,13.702,early,15,N/A,N/A,11,-1,0,Very Low,N/A,1
oppo_full_02_20260809,519,531.297,491.25,GameplayMeasurement,Long Run / Stress,1,30,29.999,33.335,33.499,33.693,33.769,33.365,22.337,33.286,N/A,55350,78,146.115,277.793,11.043,11.547,39,36,21,0,4,62,298,node_420_720,10.475,51,36,13.712,early,15,N/A,N/A,11,-1,0,Very Low,N/A,1
oppo_full_02_20260809,520,532.331,492.283,GameplayMeasurement,Long Run / Stress,1,31,29.999,33.335,33.451,33.482,33.493,33.306,22.17,33.288,N/A,64402,78,146.138,277.793,11.043,11.547,40,36,25,0,4,67,293,node_420_720,10.482,51,36,13.723,early,15,N/A,N/A,11,-1,0,Very Low,N/A,1
oppo_full_02_20260809,521,533.331,493.283,GameplayMeasurement,Long Run / Stress,1,30,29.999,33.334,33.437,33.456,33.463,33.347,22.457,33.286,N/A,55482,78,146.092,277.793,11.063,11.547,39,36,26,0,4,66,294,node_420_720,10.489,51,36,13.733,early,15,N/A,N/A,11,-1,0,Very Low,N/A,1
oppo_full_02_20260809,522,534.347,494.3,GameplayMeasurement,Long Run / Stress,1,30,29.509,33.888,33.451,45.216,50.012,33.889,22.395,33.836,N/A,65646,78,146.105,277.793,11.105,11.547,39,36,26,0,4,66,294,node_420_720,10.495,51,36,13.743,early,15,N/A,N/A,11,-1,0,Very Low,N/A,1
oppo_full_02_20260809,523,535.347,495.3,GameplayMeasurement,Long Run / Stress,1,30,29.998,33.336,33.455,33.473,33.481,33.335,22.584,33.266,N/A,61700,78,146.128,277.793,11.145,11.547,40,36,27,0,4,68,292,node_420_720,10.502,51,36,13.753,early,15,N/A,N/A,11,-1,0,Very Low,N/A,1
oppo_full_02_20260809,524,536.381,496.333,GameplayMeasurement,Long Run / Stress,1,31,30,33.334,33.442,33.47,33.478,33.327,22.515,33.283,N/A,64746,78,146.088,277.793,11.184,11.547,39,36,23,0,4,62,298,node_420_720,10.509,51,36,13.763,early,15,N/A,N/A,11,-1,0,Very Low,N/A,1
oppo_full_02_20260809,525,537.414,497.366,GameplayMeasurement,Long Run / Stress,1,31,30.003,33.33,33.498,33.527,33.532,33.328,22.753,33.29,N/A,60974,78,146.123,277.793,11.219,11.547,40,37,21,0,4,62,298,node_420_720,10.516,51,36,13.774,early,15,N/A,N/A,11,-1,0,Very Low,N/A,1
oppo_full_02_20260809,526,538.414,498.366,GameplayMeasurement,Long Run / Stress,1,30,29.998,33.335,33.454,33.473,33.475,33.336,22.421,33.27,N/A,61442,78,146.115,277.793,11.266,11.547,40,36,17,0,4,58,302,node_420_720,10.522,51,36,13.784,early,15,N/A,N/A,11,-1,0,Very Low,N/A,1
oppo_full_02_20260809,527,539.414,499.366,GameplayMeasurement,Long Run / Stress,1,30,29.999,33.334,33.441,33.474,33.485,33.337,22.342,33.279,N/A,54270,78,146.087,277.793,11.305,11.547,39,36,16,0,4,56,304,node_420_720,10.529,51,36,13.794,early,15,N/A,N/A,11,-1,0,Very Low,N/A,1
oppo_full_02_20260809,528,540.431,500.383,GameplayMeasurement,Long Run / Stress,1,30,29.511,33.885,33.6,45.225,49.963,33.886,21.665,33.82,N/A,60802,78,146.111,277.793,11.352,11.547,40,36,25,0,4,66,294,node_420_720,10.536,51,36,13.804,early,15,N/A,N/A,11,-1,0,Very Low,N/A,1
oppo_full_02_20260809,529,541.431,501.383,GameplayMeasurement,Long Run / Stress,1,30,29.999,33.334,33.416,33.42,33.422,33.354,22.005,33.29,N/A,55066,78,146.129,277.793,11.402,11.547,40,36,31,0,4,73,287,node_420_720,10.543,51,36,13.814,early,15,N/A,N/A,11,-1,0,Very Low,N/A,1
oppo_full_02_20260809,530,542.464,502.416,GameplayMeasurement,Long Run / Stress,1,31,30.001,33.332,33.442,33.451,33.455,33.309,22.689,33.272,N/A,69394,81,146.113,277.793,11.152,11.426,39,36,39,0,4,79,281,node_420_720,10.549,51,36,13.824,early,15,N/A,N/A,11,-1,0,Very Low,N/A,1
oppo_full_02_20260809,531,543.464,503.416,GameplayMeasurement,Long Run / Stress,1,30,29.998,33.335,33.422,33.43,33.433,33.337,22.668,33.273,N/A,65554,81,146.132,277.793,11.152,11.426,41,38,29,0,4,71,289,node_420_720,10.556,51,36,13.834,early,15,N/A,N/A,11,-1,0,Very Low,N/A,1
oppo_full_02_20260809,532,544.464,504.416,GameplayMeasurement,Long Run / Stress,1,30,29.999,33.334,33.466,33.48,33.485,33.336,22.396,33.291,N/A,59954,81,146.101,277.793,11.152,11.426,40,36,28,0,4,69,291,node_420_720,10.563,51,36,13.844,early,15,N/A,N/A,11,-1,0,Very Low,N/A,1
oppo_full_02_20260809,533,545.465,505.417,GameplayMeasurement,Long Run / Stress,1,30,29.997,33.337,33.473,33.5,33.51,33.335,22.666,33.288,N/A,59382,81,146.112,277.793,11.152,11.426,40,37,26,0,4,67,293,node_420_720,10.569,51,36,13.854,early,15,N/A,N/A,11,-1,0,Very Low,N/A,1
oppo_full_02_20260809,534,546.514,506.466,GameplayMeasurement,Long Run / Stress,1,31,29.528,33.867,33.521,45.043,49.974,33.351,21.852,34.019,N/A,57902,81,146.087,277.793,11.152,11.426,39,36,22,0,4,62,298,node_420_720,10.576,51,36,13.865,early,15,N/A,N/A,11,-1,0,Very Low,N/A,1
oppo_full_02_20260809,535,547.515,507.467,GameplayMeasurement,Long Run / Stress,1,30,29.996,33.337,33.417,33.42,33.42,33.869,25.179,33.066,N/A,61606,81,146.101,277.793,11.152,11.426,40,37,21,0,4,62,298,node_420_720,10.583,51,36,13.875,early,15,N/A,N/A,11,-1,0,Very Low,N/A,1
oppo_full_02_20260809,536,548.515,508.467,GameplayMeasurement,Long Run / Stress,1,30,30,33.333,33.464,33.496,33.499,33.33,25.545,33.273,N/A,60910,81,146.09,277.793,11.152,11.426,39,36,26,0,4,66,294,node_420_720,10.59,52,36,13.885,early,15,N/A,N/A,11,-1,0,Very Low,N/A,1
oppo_full_02_20260809,537,549.548,509.5,GameplayMeasurement,Long Run / Stress,1,31,30.002,33.331,33.458,33.486,33.487,33.338,26.064,33.308,N/A,57986,81,146.1,277.793,11.152,11.426,39,36,28,0,4,69,291,node_420_720,10.597,52,36,13.895,early,15,N/A,N/A,11,-1,0,Very Low,N/A,1
oppo_full_02_20260809,538,550.581,510.533,GameplayMeasurement,Long Run / Stress,1,31,30.004,33.328,33.448,33.452,33.454,33.325,26.348,33.26,N/A,62538,81,146.095,277.793,11.156,11.426,39,36,27,0,4,67,293,node_420_720,10.604,52,36,13.905,early,15,N/A,N/A,11,-1,0,Very Low,N/A,1
oppo_full_02_20260809,539,551.582,511.533,GameplayMeasurement,Long Run / Stress,1,30,29.995,33.339,33.442,33.48,33.489,33.327,26.084,33.288,N/A,66086,81,146.104,277.793,11.156,11.426,40,37,21,0,4,62,298,node_420_720,10.61,52,36,13.915,early,15,N/A,N/A,11,-1,0,Very Low,N/A,1
oppo_full_02_20260809,540,552.615,512.566,GameplayMeasurement,Long Run / Stress,1,31,30.003,33.33,33.425,33.493,33.516,33.348,24.465,33.284,N/A,57378,81,146.067,277.793,11.156,11.426,39,36,21,0,4,60,300,node_420_720,10.617,52,36,13.926,early,15,N/A,N/A,11,-1,0,Very Low,N/A,1
oppo_full_02_20260809,541,553.615,513.566,GameplayMeasurement,Long Run / Stress,1,30,30,33.334,33.409,33.446,33.458,33.351,22.56,33.272,N/A,51790,81,146.113,277.793,11.16,11.426,39,36,28,0,4,69,291,node_420_720,10.624,52,36,13.936,early,15,N/A,N/A,11,-1,0,Very Low,N/A,1
oppo_full_02_20260809,542,554.631,514.583,GameplayMeasurement,Long Run / Stress,1,30,29.511,33.885,33.459,45.168,49.948,33.87,22.045,33.841,N/A,68110,81,146.126,277.793,11.16,11.426,40,37,18,0,4,60,300,node_420_720,10.631,52,37,13.946,early,15,N/A,N/A,11,-1,0,Very Low,N/A,1
oppo_full_02_20260809,543,555.632,515.583,GameplayMeasurement,Long Run / Stress,1,30,29.994,33.34,33.46,33.541,33.571,33.335,22.078,33.29,N/A,58502,81,146.122,277.793,11.16,11.426,41,38,18,0,4,60,300,node_420_720,10.637,52,37,13.956,early,15,N/A,N/A,11,-1,0,Very Low,N/A,1
oppo_full_02_20260809,544,556.665,516.616,GameplayMeasurement,Long Run / Stress,1,31,30.004,33.328,33.39,33.433,33.449,33.337,22.283,33.266,N/A,64566,81,146.112,277.793,11.16,11.426,40,37,32,0,4,73,287,node_420_720,10.644,52,37,13.966,early,15,N/A,N/A,11,-1,0,Very Low,N/A,1
oppo_full_02_20260809,545,557.665,517.616,GameplayMeasurement,Long Run / Stress,1,30,29.998,33.336,33.409,33.437,33.445,33.321,22.435,33.304,N/A,58022,81,146.152,277.793,11.16,11.426,41,37,34,0,4,77,283,node_420_720,10.651,52,37,13.976,early,15,N/A,N/A,11,-1,0,Very Low,N/A,1
oppo_full_02_20260809,546,558.698,518.65,GameplayMeasurement,Long Run / Stress,1,31,29.998,33.336,33.42,33.431,33.433,33.337,23.057,33.259,N/A,59358,81,146.115,277.793,11.16,11.426,41,37,28,0,4,70,290,node_420_720,10.658,52,37,13.986,early,15,N/A,N/A,11,-1,0,Very Low,N/A,1
oppo_full_02_20260809,547,559.732,519.683,GameplayMeasurement,Long Run / Stress,1,31,29.998,33.335,33.451,33.479,33.486,33.347,22.634,33.275,N/A,64490,81,146.119,277.793,11.16,11.426,41,37,26,0,4,68,292,node_420_720,10.665,52,37,13.997,early,15,N/A,N/A,11,-1,0,Very Low,N/A,1
oppo_full_02_20260809,548,560.765,520.717,GameplayMeasurement,Long Run / Stress,1,31,30.005,33.328,33.45,33.539,33.572,33.314,22.691,33.286,N/A,61866,81,146.092,277.793,11.16,11.426,41,37,21,0,4,62,298,node_420_720,10.671,52,37,14.007,early,15,N/A,N/A,11,-1,0,Very Low,N/A,1
oppo_full_02_20260809,549,561.782,521.733,GameplayMeasurement,Long Run / Stress,1,30,29.507,33.89,33.468,45.184,49.956,33.921,20.866,33.838,N/A,57022,81,146.154,277.793,11.176,11.426,42,39,22,0,4,65,295,node_420_720,10.678,52,37,14.017,early,15,N/A,N/A,11,-1,0,Very Low,N/A,1
oppo_full_02_20260809,550,562.815,522.767,GameplayMeasurement,Long Run / Stress,1,31,30,33.333,33.481,33.525,33.537,33.297,22.276,33.284,N/A,67090,81,146.108,277.793,11.219,11.426,40,37,16,0,4,57,303,node_420_720,10.685,52,37,14.028,early,15,N/A,N/A,11,-1,0,Very Low,N/A,1
oppo_full_02_20260809,551,563.815,523.767,GameplayMeasurement,Long Run / Stress,1,30,29.998,33.336,33.465,33.517,33.537,33.339,22.535,33.277,N/A,61222,81,146.108,277.793,11.254,11.426,40,37,15,0,4,56,304,node_420_720,10.692,52,37,14.038,early,15,N/A,N/A,11,-1,0,Very Low,N/A,1
oppo_full_02_20260809,552,564.848,524.8,GameplayMeasurement,Long Run / Stress,1,31,30.003,33.33,33.437,33.443,33.443,33.327,22.324,33.277,N/A,64074,81,146.14,277.793,11.301,11.426,41,38,30,0,4,72,288,node_420_720,10.699,52,37,14.048,early,15,N/A,N/A,11,-1,0,Very Low,N/A,1
oppo_full_02_20260809,553,565.849,525.8,GameplayMeasurement,Long Run / Stress,1,30,29.996,33.338,33.474,33.485,33.487,33.342,22.747,33.288,N/A,58262,81,146.139,277.793,11.34,11.426,41,38,38,0,4,80,280,node_420_720,10.705,52,37,14.058,early,15,N/A,N/A,11,-1,0,Very Low,N/A,1
oppo_full_02_20260809,554,566.882,526.833,GameplayMeasurement,Long Run / Stress,1,31,30.002,33.331,33.472,33.53,33.533,33.328,22.882,33.261,N/A,63426,81,146.142,277.793,11.395,11.426,40,37,35,0,4,77,283,node_420_720,10.712,52,37,14.068,early,15,N/A,N/A,11,-1,0,Very Low,N/A,1
oppo_full_02_20260809,555,567.899,527.85,GameplayMeasurement,Long Run / Stress,1,30,29.506,33.892,33.463,45.234,50.042,33.909,22.526,33.85,N/A,58722,81,146.119,277.793,11.445,11.48,40,37,28,0,4,69,291,node_420_720,10.719,52,37,14.079,early,15,N/A,N/A,11,-1,0,Very Low,N/A,1
oppo_full_02_20260809,556,568.932,528.883,GameplayMeasurement,Long Run / Stress,1,31,30.003,33.329,33.442,33.46,33.463,33.322,22.829,33.273,N/A,57382,84,146.094,277.793,11.262,11.48,40,37,24,0,4,64,296,node_420_720,10.726,52,37,14.089,early,15,N/A,N/A,11,-1,0,Very Low,N/A,1
oppo_full_02_20260809,557,569.932,529.883,GameplayMeasurement,Long Run / Stress,1,30,29.999,33.335,33.421,33.444,33.447,33.339,22.763,33.26,N/A,54470,84,146.095,277.793,11.262,11.48,41,37,25,0,4,66,294,node_420_720,10.733,52,37,14.099,early,15,N/A,N/A,11,-1,0,Very Low,N/A,1
oppo_full_02_20260809,558,570.965,530.917,GameplayMeasurement,Long Run / Stress,1,31,29.997,33.336,33.441,33.466,33.474,33.317,22.598,33.283,N/A,53474,84,146.104,277.793,11.262,11.48,41,38,23,0,4,64,296,node_420_720,10.739,52,37,14.109,early,15,N/A,N/A,11,-1,0,Very Low,N/A,1
oppo_full_02_20260809,559,571.999,531.95,GameplayMeasurement,Long Run / Stress,1,31,30.001,33.332,33.432,33.445,33.449,33.336,22.427,33.276,N/A,61674,84,146.111,277.793,11.262,11.48,41,38,24,0,4,65,295,node_420_720,10.746,52,37,14.12,early,15,N/A,N/A,11,-1,0,Very Low,N/A,1
oppo_full_02_20260809,560,572.999,532.95,GameplayMeasurement,Long Run / Stress,1,30,29.998,33.336,33.429,33.434,33.435,33.33,22.518,33.274,N/A,52350,84,146.109,277.793,11.262,11.48,41,37,26,0,4,67,293,node_420_720,10.753,53,37,14.13,early,15,N/A,N/A,11,-1,0,Very Low,N/A,1
oppo_full_02_20260809,561,574.032,533.983,GameplayMeasurement,Long Run / Stress,1,31,30.004,33.329,33.432,33.441,33.445,33.343,22.608,33.315,N/A,61834,84,146.088,277.793,11.262,11.48,40,37,35,0,4,75,285,node_420_720,10.76,53,37,14.14,early,15,N/A,N/A,11,-1,0,Very Low,N/A,1
oppo_full_02_20260809,562,575.032,534.983,GameplayMeasurement,Long Run / Stress,1,30,29.998,33.335,33.437,33.459,33.462,33.36,22.647,33.232,N/A,53722,84,146.113,277.793,11.262,11.48,41,37,36,0,4,77,283,node_420_720,10.767,53,37,14.15,early,15,N/A,N/A,11,-1,0,Very Low,N/A,1
oppo_full_02_20260809,563,576.048,536,GameplayMeasurement,Long Run / Stress,1,30,29.511,33.885,33.471,45.304,50.125,33.872,22.228,33.828,N/A,54946,84,146.081,277.793,11.262,11.48,40,37,36,0,4,76,284,node_420_720,10.773,53,37,14.16,early,15,N/A,N/A,11,-1,0,Very Low,N/A,1
oppo_full_02_20260809,564,577.049,537,GameplayMeasurement,Long Run / Stress,1,30,29.999,33.335,33.521,33.777,33.865,33.34,22.88,33.307,N/A,57314,84,146.096,277.793,11.262,11.48,40,37,34,0,4,74,286,node_420_720,10.78,53,37,14.17,early,15,N/A,N/A,11,-1,0,Very Low,N/A,1
oppo_full_02_20260809,565,578.082,538.034,GameplayMeasurement,Long Run / Stress,1,31,29.999,33.335,33.481,33.504,33.512,33.334,22.903,33.263,N/A,62654,84,146.111,277.793,11.262,11.48,41,38,28,0,4,69,291,node_420_720,10.787,53,37,14.18,early,15,N/A,N/A,11,-1,0,Very Low,N/A,1
oppo_full_02_20260809,566,579.082,539.034,GameplayMeasurement,Long Run / Stress,1,30,29.998,33.335,33.498,33.54,33.542,33.319,22.698,33.272,N/A,57294,84,146.089,277.793,11.262,11.48,40,37,28,0,4,68,292,node_420_720,10.794,53,37,14.19,early,15,N/A,N/A,11,-1,0,Very Low,N/A,1
oppo_full_02_20260809,567,580.115,540.067,GameplayMeasurement,Long Run / Stress,1,31,30.005,33.328,33.418,33.453,33.466,33.354,22.6,33.289,N/A,57110,84,146.114,277.793,11.266,11.48,41,38,26,0,4,67,293,node_420_720,10.8,53,37,14.201,early,15,N/A,N/A,11,-1,0,Very Low,N/A,1
oppo_full_02_20260809,568,581.115,541.067,GameplayMeasurement,Long Run / Stress,1,30,29.998,33.335,33.466,33.487,33.489,33.299,22.729,33.267,N/A,62010,84,146.084,277.793,11.266,11.48,40,37,26,0,4,66,294,node_420_720,10.807,53,37,14.211,early,15,N/A,N/A,11,-1,0,Very Low,N/A,1
oppo_full_02_20260809,569,582.148,542.1,GameplayMeasurement,Long Run / Stress,1,31,30,33.334,33.408,33.418,33.418,33.346,22.983,33.281,N/A,57118,84,146.099,277.793,11.266,11.48,40,37,26,0,4,66,294,node_420_720,10.814,53,37,14.221,early,15,N/A,N/A,11,-1,0,Very Low,N/A,1
oppo_full_02_20260809,570,583.165,543.117,GameplayMeasurement,Long Run / Stress,1,30,29.506,33.891,33.559,45.295,50.052,33.887,22.582,33.828,N/A,56746,84,146.089,277.793,11.266,11.48,40,37,30,0,4,70,290,node_420_720,10.821,53,37,14.231,early,15,N/A,N/A,11,-1,0,Very Low,N/A,1
oppo_full_02_20260809,571,584.165,544.117,GameplayMeasurement,Long Run / Stress,1,30,30,33.333,33.422,33.469,33.483,33.337,23.001,33.271,N/A,55286,84,146.088,277.793,11.266,11.48,40,37,27,0,4,67,293,node_420_720,10.827,53,37,14.241,early,15,N/A,N/A,11,-1,0,Very Low,N/A,1
oppo_full_02_20260809,572,585.198,545.15,GameplayMeasurement,Long Run / Stress,1,31,30.003,33.33,33.415,33.472,33.496,33.326,22.983,33.28,N/A,55134,84,146.091,277.793,11.266,11.48,40,37,23,0,4,63,297,node_420_720,10.834,53,37,14.251,early,15,N/A,N/A,11,-1,0,Very Low,N/A,1
oppo_full_02_20260809,573,586.231,546.183,GameplayMeasurement,Long Run / Stress,1,31,30.001,33.332,33.435,33.482,33.498,33.346,22.635,33.284,N/A,60882,84,146.105,277.793,11.266,11.48,41,37,28,0,4,69,291,node_420_720,10.841,53,37,14.262,early,15,N/A,N/A,11,-1,0,Very Low,N/A,1
oppo_full_02_20260809,574,587.232,547.183,GameplayMeasurement,Long Run / Stress,1,30,29.999,33.334,33.468,33.494,33.504,33.313,25.959,33.265,N/A,49682,84,146.09,277.793,11.266,11.48,40,37,28,0,4,68,292,node_420_720,10.848,53,37,14.272,early,15,N/A,N/A,11,-1,0,Very Low,N/A,1
oppo_full_02_20260809,575,588.232,548.183,GameplayMeasurement,Long Run / Stress,1,30,30,33.334,33.459,33.491,33.502,33.35,26.181,33.282,N/A,60858,84,146.11,277.793,11.266,11.48,41,38,30,0,4,71,289,node_420_720,10.855,53,37,14.282,early,15,N/A,N/A,11,-1,0,Very Low,N/A,1
oppo_full_02_20260809,576,589.248,549.2,GameplayMeasurement,Long Run / Stress,1,30,29.506,33.892,33.504,45.073,49.791,33.883,25.946,33.834,N/A,58610,84,146.096,277.793,11.266,11.48,40,37,30,0,4,70,290,node_420_720,10.861,53,37,14.292,early,15,N/A,N/A,11,-1,0,Very Low,N/A,1
oppo_full_02_20260809,577,590.282,550.233,GameplayMeasurement,Long Run / Stress,1,31,30,33.333,33.442,33.491,33.498,33.327,26.22,33.287,N/A,51606,84,146.09,277.793,11.277,11.48,40,37,35,0,4,75,285,node_420_720,10.868,53,37,14.302,early,15,N/A,N/A,11,-1,0,Very Low,N/A,1
oppo_full_02_20260809,578,591.315,551.266,GameplayMeasurement,Long Run / Stress,1,31,30.003,33.33,33.418,33.456,33.472,33.332,26.207,33.272,N/A,64090,84,146.129,277.793,11.316,11.48,42,38,28,0,4,70,290,node_420_720,10.875,53,38,14.313,early,15,N/A,N/A,11,-1,0,Very Low,N/A,1
oppo_full_02_20260809,579,592.315,552.267,GameplayMeasurement,Long Run / Stress,1,30,29.996,33.338,33.447,33.462,33.464,33.356,26.558,33.286,N/A,57962,84,146.132,277.793,11.355,11.48,42,38,30,0,4,72,288,node_420_720,10.882,53,38,14.323,early,15,N/A,N/A,11,-1,0,Very Low,N/A,1
oppo_full_02_20260809,580,593.348,553.3,GameplayMeasurement,Long Run / Stress,1,31,30.004,33.329,33.426,33.478,33.497,33.322,26.485,33.28,N/A,55626,84,146.129,277.793,11.395,11.48,42,39,32,0,4,74,286,node_420_720,10.889,53,38,14.333,early,15,N/A,N/A,11,-1,0,Very Low,N/A,1
oppo_full_02_20260809,581,594.348,554.299,GameplayMeasurement,Long Run / Stress,1,30,30,33.334,33.462,33.478,33.479,33.33,26.449,33.274,N/A,56034,84,146.121,277.793,11.445,11.48,42,38,17,0,4,59,301,node_420_720,10.895,53,38,14.343,early,15,N/A,N/A,11,-1,0,Very Low,N/A,1
oppo_full_02_20260809,582,595.348,555.3,GameplayMeasurement,Long Run / Stress,1,30,29.998,33.336,33.418,33.47,33.491,33.338,26.164,33.262,N/A,63136,84,146.125,277.793,11.504,11.547,42,38,15,0,4,57,303,node_420_720,10.902,53,38,14.353,early,15,N/A,N/A,11,-1,0,Very Low,N/A,1
oppo_full_02_20260809,583,596.382,556.333,GameplayMeasurement,Long Run / Stress,1,31,30.001,33.332,33.499,33.508,33.512,33.324,26.046,33.294,N/A,58342,84,146.108,277.793,11.559,15.16,41,38,15,0,4,56,304,node_420_720,10.909,53,38,14.363,early,15,N/A,N/A,11,-1,0,Very Low,N/A,1
oppo_full_02_20260809,584,597.381,557.333,GameplayMeasurement,Long Run / Stress,1,30,30,33.334,33.424,33.532,33.569,33.348,25.486,33.269,N/A,92866,87,146.127,277.793,11.43,15.16,42,39,19,0,4,61,299,node_420_720,10.916,53,38,14.373,early,15,N/A,N/A,11,-1,0,Very Low,N/A,1
oppo_full_02_20260809,585,598.382,558.333,GameplayMeasurement,Long Run / Stress,1,30,29.997,33.336,33.484,33.517,33.525,33.317,25.902,33.266,N/A,56358,87,146.124,277.793,11.43,15.16,42,38,25,0,4,67,293,node_420_720,10.922,54,38,14.383,early,15,N/A,N/A,11,-1,0,Very Low,N/A,1
oppo_full_02_20260809,586,599.415,559.367,GameplayMeasurement,Long Run / Stress,1,31,30.001,33.332,33.434,33.444,33.447,33.34,26.044,33.281,N/A,56662,87,146.141,277.793,11.43,15.16,42,39,36,0,4,78,282,node_420_720,10.929,54,38,14.394,early,15,N/A,N/A,11,-1,0,Very Low,N/A,1
oppo_full_02_20260809,587,600.448,560.4,GameplayMeasurement,Long Run / Stress,1,31,30,33.333,33.426,33.457,33.468,33.335,25.827,33.298,N/A,64106,87,146.12,277.793,11.43,15.16,41,38,32,0,4,73,287,node_420_720,10.936,54,38,14.404,early,15,N/A,N/A,11,-1,0,Very Low,N/A,1
oppo_full_02_20260809,588,601.482,561.433,GameplayMeasurement,Long Run / Stress,1,31,29.998,33.335,33.442,33.459,33.461,33.334,26.097,33.263,N/A,59034,87,146.123,277.793,11.43,15.16,42,38,22,0,4,64,296,node_420_720,10.943,54,38,14.414,early,15,N/A,N/A,11,-1,0,Very Low,N/A,1
oppo_full_02_20260809,589,602.482,562.433,GameplayMeasurement,Long Run / Stress,1,30,29.999,33.334,33.422,33.465,33.48,33.339,25.891,33.3,N/A,54574,87,146.123,277.793,11.43,15.16,42,38,25,0,4,67,293,node_420_720,10.95,54,38,14.424,early,15,N/A,N/A,11,-1,0,Very Low,N/A,1
