AssetPath,Dimensions,TextureType,SpriteMode,SourceFileSize,EstimatedRuntimeMemory,HasAlpha,ReadWriteEnabled,MipMaps,FilterMode,WrapMode,PixelsPerUnit,MaxSize,DefaultCompression,AndroidOverride,AndroidFormat,CompressionQuality,CrunchCompression,SpriteAtlas,SuggestedAction,Warnings
"Assets/_Project/Art/Gate/all_13_gates_base_sheet_128x192.png","1664x192","Sprite","Multiple",408343,1277952,True,False,False,"Point","Clamp",100,2048,"Uncompressed",False,"AutomaticCompressed",50,False,"","Mipmaps off; Read/Write off; Clamp; preserve Point/Bilinear by visual class; Android ETC2 override","Large texture is uncompressed; Android override disabled"
"Assets/_Project/Art/Gate/gate_13_portal_base/all_13_gates_portal_base_grid_4x4_192x160.png","768x640","Sprite","Multiple",335260,1966080,True,False,False,"Bilinear","Clamp",100,2048,"Compressed",False,"AutomaticCompressed",50,False,"","Mipmaps off; Read/Write off; Clamp; preserve Point/Bilinear by visual class; Android ETC2 override","Potential pixel sprite is not Point filtered; Android override disabled; Max Size greatly exceeds source dimensions"
"Assets/_Project/Art/Gate/gate_13_portal_base/all_13_gates_portal_base_sheet_192x160.png","2496x160","Sprite","Multiple",333076,1597440,True,False,False,"Point","Clamp",100,4096,"Uncompressed",False,"AutomaticCompressed",50,False,"","Mipmaps off; Read/Write off; Clamp; preserve Point/Bilinear by visual class; Android ETC2 override","Large texture has no Android override; Large texture is uncompressed; Android override disabled"
"Assets/_Project/Art/Gate/gate_13_portal_base/major_01_projectile_portal_base.png","599x665","Sprite","Multiple",310224,1593340,True,False,False,"Bilinear","Clamp",100,2048,"Compressed",False,"AutomaticCompressed",50,False,"","Mipmaps off; Read/Write off; Clamp; preserve Point/Bilinear by visual class; Android ETC2 override","Potential pixel sprite is not Point filtered; Android override disabled; Max Size greatly exceeds source dimensions"
"Assets/_Project/Art/Gate/gate_13_portal_base/major_01_projectile_portal_base_192x160.png","192x160","Sprite","Multiple",25424,122880,True,False,False,"Bilinear","Clamp",100,2048,"Compressed",False,"AutomaticCompressed",50,False,"","Mipmaps off; Read/Write off; Clamp; preserve Point/Bilinear by visual class; Android ETC2 override","Potential pixel sprite is not Point filtered; Android override disabled; Max Size greatly exceeds source dimensions"
"Assets/_Project/Art/Gate/gate_13_portal_base/major_02_recruit_portal_base.png","599x665","Sprite","Multiple",311962,1593340,True,False,False,"Bilinear","Clamp",100,2048,"Compressed",False,"AutomaticCompressed",50,False,"","Mipmaps off; Read/Write off; Clamp; preserve Point/Bilinear by visual class; Android ETC2 override","Potential pixel sprite is not Point filtered; Android override disabled; Max Size greatly exceeds source dimensions"
"Assets/_Project/Art/Gate/gate_13_portal_base/major_02_recruit_portal_base_192x160.png","192x160","Sprite","Multiple",25550,122880,True,False,False,"Bilinear","Clamp",100,2048,"Compressed",False,"AutomaticCompressed",50,False,"","Mipmaps off; Read/Write off; Clamp; preserve Point/Bilinear by visual class; Android ETC2 override","Potential pixel sprite is not Point filtered; Android override disabled; Max Size greatly exceeds source dimensions"
"Assets/_Project/Art/Gate/gate_13_portal_base/major_03_overclock_portal_base.png","597x665","Sprite","Multiple",324001,1588020,True,False,False,"Bilinear","Clamp",100,2048,"Compressed",False,"AutomaticCompressed",50,False,"","Mipmaps off; Read/Write off; Clamp; preserve Point/Bilinear by visual class; Android ETC2 override","Potential pixel sprite is not Point filtered; Android override disabled; Max Size greatly exceeds source dimensions"
"Assets/_Project/Art/Gate/gate_13_portal_base/major_03_overclock_portal_base_192x160.png","192x160","Sprite","Multiple",27012,122880,True,False,False,"Bilinear","Clamp",100,2048,"Compressed",False,"AutomaticCompressed",50,False,"","Mipmaps off; Read/Write off; Clamp; preserve Point/Bilinear by visual class; Android ETC2 override","Potential pixel sprite is not Point filtered; Android override disabled; Max Size greatly exceeds source dimensions"
"Assets/_Project/Art/Gate/gate_13_portal_base/major_portal_base_sheet_192x160.png","576x160","Sprite","Multiple",77049,368640,True,False,False,"Bilinear","Clamp",100,2048,"Compressed",False,"AutomaticCompressed",50,False,"","Mipmaps off; Read/Write off; Clamp; preserve Point/Bilinear by visual class; Android ETC2 override","Potential pixel sprite is not Point filtered; Android override disabled; Max Size greatly exceeds source dimensions"
"Assets/_Project/Art/Gate/gate_13_portal_base/major_portal_sheet_alpha.png","2048x683","Sprite","Multiple",950302,5595136,True,False,False,"Bilinear","Clamp",100,2048,"Compressed",False,"AutomaticCompressed",50,False,"","Mipmaps off; Read/Write off; Clamp; preserve Point/Bilinear by visual class; Android ETC2 override","Potential pixel sprite is not Point filtered; Large texture has no Android override; Android override disabled"
"Assets/_Project/Art/Gate/gate_13_portal_base/risky_01_glass_cannon_portal_base.png","478x596","Sprite","Multiple",261740,1139552,True,False,False,"Bilinear","Clamp",100,2048,"Compressed",False,"AutomaticCompressed",50,False,"","Mipmaps off; Read/Write off; Clamp; preserve Point/Bilinear by visual class; Android ETC2 override","Potential pixel sprite is not Point filtered; Android override disabled; Max Size greatly exceeds source dimensions"
"Assets/_Project/Art/Gate/gate_13_portal_base/risky_01_glass_cannon_portal_base_192x160.png","192x160","Sprite","Multiple",25404,122880,True,False,False,"Bilinear","Clamp",100,2048,"Compressed",False,"AutomaticCompressed",50,False,"","Mipmaps off; Read/Write off; Clamp; preserve Point/Bilinear by visual class; Android ETC2 override","Potential pixel sprite is not Point filtered; Android override disabled; Max Size greatly exceeds source dimensions"
"Assets/_Project/Art/Gate/gate_13_portal_base/risky_02_bullet_storm_portal_base.png","472x597","Sprite","Multiple",260674,1127136,True,False,False,"Bilinear","Clamp",100,2048,"Compressed",False,"AutomaticCompressed",50,False,"","Mipmaps off; Read/Write off; Clamp; preserve Point/Bilinear by visual class; Android ETC2 override","Potential pixel sprite is not Point filtered; Android override disabled; Max Size greatly exceeds source dimensions"
"Assets/_Project/Art/Gate/gate_13_portal_base/risky_02_bullet_storm_portal_base_192x160.png","192x160","Sprite","Multiple",25105,122880,True,False,False,"Bilinear","Clamp",100,2048,"Compressed",False,"AutomaticCompressed",50,False,"","Mipmaps off; Read/Write off; Clamp; preserve Point/Bilinear by visual class; Android ETC2 override","Potential pixel sprite is not Point filtered; Android override disabled; Max Size greatly exceeds source dimensions"
"Assets/_Project/Art/Gate/gate_13_portal_base/risky_03_reinforcement_portal_base.png","466x597","Sprite","Multiple",241979,1112808,True,False,False,"Bilinear","Clamp",100,2048,"Compressed",False,"AutomaticCompressed",50,False,"","Mipmaps off; Read/Write off; Clamp; preserve Point/Bilinear by visual class; Android ETC2 override","Potential pixel sprite is not Point filtered; Android override disabled; Max Size greatly exceeds source dimensions"
"Assets/_Project/Art/Gate/gate_13_portal_base/risky_03_reinforcement_portal_base_192x160.png","192x160","Sprite","Multiple",23832,122880,True,False,False,"Bilinear","Clamp",100,2048,"Compressed",False,"AutomaticCompressed",50,False,"","Mipmaps off; Read/Write off; Clamp; preserve Point/Bilinear by visual class; Android ETC2 override","Potential pixel sprite is not Point filtered; Android override disabled; Max Size greatly exceeds source dimensions"
"Assets/_Project/Art/Gate/gate_13_portal_base/risky_04_bounty_portal_base.png","471x597","Sprite","Multiple",243110,1124748,True,False,False,"Bilinear","Clamp",100,2048,"Compressed",False,"AutomaticCompressed",50,False,"","Mipmaps off; Read/Write off; Clamp; preserve Point/Bilinear by visual class; Android ETC2 override","Potential pixel sprite is not Point filtered; Android override disabled; Max Size greatly exceeds source dimensions"
"Assets/_Project/Art/Gate/gate_13_portal_base/risky_04_bounty_portal_base_192x160.png","192x160","Sprite","Multiple",23496,122880,True,False,False,"Bilinear","Clamp",100,2048,"Compressed",False,"AutomaticCompressed",50,False,"","Mipmaps off; Read/Write off; Clamp; preserve Point/Bilinear by visual class; Android ETC2 override","Potential pixel sprite is not Point filtered; Android override disabled; Max Size greatly exceeds source dimensions"
"Assets/_Project/Art/Gate/gate_13_portal_base/risky_portal_base_sheet_192x160.png","768x160","Sprite","Multiple",96556,491520,True,False,False,"Bilinear","Clamp",100,2048,"Compressed",False,"AutomaticCompressed",50,False,"","Mipmaps off; Read/Write off; Clamp; preserve Point/Bilinear by visual class; Android ETC2 override","Potential pixel sprite is not Point filtered; Android override disabled; Max Size greatly exceeds source dimensions"
"Assets/_Project/Art/Gate/gate_13_portal_base/risky_portal_sheet_alpha.png","1983x793","Sprite","Multiple",1010424,6290076,True,False,False,"Bilinear","Clamp",100,2048,"Compressed",False,"AutomaticCompressed",50,False,"","Mipmaps off; Read/Write off; Clamp; preserve Point/Bilinear by visual class; Android ETC2 override","Potential pixel sprite is not Point filtered; Android override disabled"
"Assets/_Project/Art/Gate/gate_13_portal_base/stable_01_damage_portal_base.png","578x616","Sprite","Multiple",251647,1424192,True,False,False,"Bilinear","Clamp",100,2048,"Compressed",False,"AutomaticCompressed",50,False,"","Mipmaps off; Read/Write off; Clamp; preserve Point/Bilinear by visual class; Android ETC2 override","Potential pixel sprite is not Point filtered; Android override disabled; Max Size greatly exceeds source dimensions"
"Assets/_Project/Art/Gate/gate_13_portal_base/stable_01_damage_portal_base_192x160.png","192x160","Sprite","Multiple",25266,122880,True,False,False,"Bilinear","Clamp",100,2048,"Compressed",False,"AutomaticCompressed",50,False,"","Mipmaps off; Read/Write off; Clamp; preserve Point/Bilinear by visual class; Android ETC2 override","Potential pixel sprite is not Point filtered; Android override disabled; Max Size greatly exceeds source dimensions"
"Assets/_Project/Art/Gate/gate_13_portal_base/stable_02_fire_rate_portal_base.png","576x615","Sprite","Multiple",255978,1416960,True,False,False,"Bilinear","Clamp",100,2048,"Compressed",False,"AutomaticCompressed",50,False,"","Mipmaps off; Read/Write off; Clamp; preserve Point/Bilinear by visual class; Android ETC2 override","Potential pixel sprite is not Point filtered; Android override disabled; Max Size greatly exceeds source dimensions"
"Assets/_Project/Art/Gate/gate_13_portal_base/stable_02_fire_rate_portal_base_192x160.png","192x160","Sprite","Multiple",25558,122880,True,False,False,"Bilinear","Clamp",100,2048,"Compressed",False,"AutomaticCompressed",50,False,"","Mipmaps off; Read/Write off; Clamp; preserve Point/Bilinear by visual class; Android ETC2 override","Potential pixel sprite is not Point filtered; Android override disabled; Max Size greatly exceeds source dimensions"
"Assets/_Project/Art/Gate/gate_13_portal_base/stable_03_max_hp_portal_base.png","577x615","Sprite","Multiple",249466,1419420,True,False,False,"Bilinear","Clamp",100,2048,"Compressed",False,"AutomaticCompressed",50,False,"","Mipmaps off; Read/Write off; Clamp; preserve Point/Bilinear by visual class; Android ETC2 override","Potential pixel sprite is not Point filtered; Android override disabled; Max Size greatly exceeds source dimensions"
"Assets/_Project/Art/Gate/gate_13_portal_base/stable_03_max_hp_portal_base_192x160.png","192x160","Sprite","Multiple",25122,122880,True,False,False,"Bilinear","Clamp",100,2048,"Compressed",False,"AutomaticCompressed",50,False,"","Mipmaps off; Read/Write off; Clamp; preserve Point/Bilinear by visual class; Android ETC2 override","Potential pixel sprite is not Point filtered; Android override disabled; Max Size greatly exceeds source dimensions"
"Assets/_Project/Art/Gate/gate_13_portal_base/stable_portal_base_sheet_192x160.png","576x160","Sprite","Multiple",74874,368640,True,False,False,"Bilinear","Clamp",100,2048,"Compressed",False,"AutomaticCompressed",50,False,"","Mipmaps off; Read/Write off; Clamp; preserve Point/Bilinear by visual class; Android ETC2 override","Potential pixel sprite is not Point filtered; Android override disabled; Max Size greatly exceeds source dimensions"
"Assets/_Project/Art/Gate/gate_13_portal_base/stable_portal_sheet_alpha.png","1983x793","Sprite","Multiple",758410,6290076,True,False,False,"Bilinear","Clamp",100,2048,"Compressed",False,"AutomaticCompressed",50,False,"","Mipmaps off; Read/Write off; Clamp; preserve Point/Bilinear by visual class; Android ETC2 override","Potential pixel sprite is not Point filtered; Android override disabled"
"Assets/_Project/Art/Gate/gate_13_portal_base/utility_01_repair_portal_base.png","616x601","Sprite","Multiple",272804,1480864,True,False,False,"Bilinear","Clamp",100,2048,"Compressed",False,"AutomaticCompressed",50,False,"","Mipmaps off; Read/Write off; Clamp; preserve Point/Bilinear by visual class; Android ETC2 override","Potential pixel sprite is not Point filtered; Android override disabled; Max Size greatly exceeds source dimensions"
"Assets/_Project/Art/Gate/gate_13_portal_base/utility_01_repair_portal_base_192x160.png","192x160","Sprite","Multiple",27525,122880,True,False,False,"Bilinear","Clamp",100,2048,"Compressed",False,"AutomaticCompressed",50,False,"","Mipmaps off; Read/Write off; Clamp; preserve Point/Bilinear by visual class; Android ETC2 override","Potential pixel sprite is not Point filtered; Android override disabled; Max Size greatly exceeds source dimensions"
"Assets/_Project/Art/Gate/gate_13_portal_base/utility_02_barrier_portal_base.png","590x606","Sprite","Multiple",287464,1430160,True,False,False,"Bilinear","Clamp",100,2048,"Compressed",False,"AutomaticCompressed",50,False,"","Mipmaps off; Read/Write off; Clamp; preserve Point/Bilinear by visual class; Android ETC2 override","Potential pixel sprite is not Point filtered; Android override disabled; Max Size greatly exceeds source dimensions"
"Assets/_Project/Art/Gate/gate_13_portal_base/utility_02_barrier_portal_base_192x160.png","192x160","Sprite","Multiple",28459,122880,True,False,False,"Bilinear","Clamp",100,2048,"Compressed",False,"AutomaticCompressed",50,False,"","Mipmaps off; Read/Write off; Clamp; preserve Point/Bilinear by visual class; Android ETC2 override","Potential pixel sprite is not Point filtered; Android override disabled; Max Size greatly exceeds source dimensions"
"Assets/_Project/Art/Gate/gate_13_portal_base/utility_03_freeze_portal_base.png","606x615","Sprite","Multiple",315224,1490760,True,False,False,"Bilinear","Clamp",100,2048,"Compressed",False,"AutomaticCompressed",50,False,"","Mipmaps off; Read/Write off; Clamp; preserve Point/Bilinear by visual class; Android ETC2 override","Potential pixel sprite is not Point filtered; Android override disabled; Max Size greatly exceeds source dimensions"
"Assets/_Project/Art/Gate/gate_13_portal_base/utility_03_freeze_portal_base_192x160.png","192x160","Sprite","Multiple",29454,122880,True,False,False,"Bilinear","Clamp",100,2048,"Compressed",False,"AutomaticCompressed",50,False,"","Mipmaps off; Read/Write off; Clamp; preserve Point/Bilinear by visual class; Android ETC2 override","Potential pixel sprite is not Point filtered; Android override disabled; Max Size greatly exceeds source dimensions"
"Assets/_Project/Art/Gate/gate_13_portal_base/utility_portal_base_sheet_192x160.png","576x160","Sprite","Multiple",84735,368640,True,False,False,"Bilinear","Clamp",100,2048,"Compressed",False,"AutomaticCompressed",50,False,"","Mipmaps off; Read/Write off; Clamp; preserve Point/Bilinear by visual class; Android ETC2 override","Potential pixel sprite is not Point filtered; Android override disabled; Max Size greatly exceeds source dimensions"
"Assets/_Project/Art/Gate/gate_13_portal_base/utility_portal_sheet_alpha.png","1991x790","Sprite","Multiple",881033,6291560,True,False,False,"Bilinear","Clamp",100,2048,"Compressed",False,"AutomaticCompressed",50,False,"","Mipmaps off; Read/Write off; Clamp; preserve Point/Bilinear by visual class; Android ETC2 override","Potential pixel sprite is not Point filtered; Android override disabled"
"Assets/_Project/Art/Gate/GateTintScreens/gate_tint_screen_narrow_sheet_3x_192x160.png","576x160","Sprite","Multiple",10038,368640,True,False,False,"Bilinear","Clamp",100,2048,"Compressed",False,"AutomaticCompressed",50,False,"","Mipmaps off; Read/Write off; Clamp; preserve Point/Bilinear by visual class; Android ETC2 override","Potential pixel sprite is not Point filtered; Android override disabled; Max Size greatly exceeds source dimensions"
"Assets/_Project/Art/Gate/GateTintScreens/gate_tint_screen_negative_red_narrow_192x160.png","192x160","Sprite","Multiple",3382,122880,True,False,False,"Bilinear","Clamp",100,2048,"Compressed",False,"AutomaticCompressed",50,False,"","Mipmaps off; Read/Write off; Clamp; preserve Point/Bilinear by visual class; Android ETC2 override","Potential pixel sprite is not Point filtered; Android override disabled; Max Size greatly exceeds source dimensions"
"Assets/_Project/Art/Gate/GateTintScreens/gate_tint_screen_neutral_blue_narrow_192x160.png","192x160","Sprite","Multiple",3688,122880,True,False,False,"Bilinear","Clamp",100,2048,"Compressed",False,"AutomaticCompressed",50,False,"","Mipmaps off; Read/Write off; Clamp; preserve Point/Bilinear by visual class; Android ETC2 override","Potential pixel sprite is not Point filtered; Android override disabled; Max Size greatly exceeds source dimensions"
"Assets/_Project/Art/Gate/GateTintScreens/gate_tint_screen_positive_green_narrow_192x160.png","192x160","Sprite","Multiple",3637,122880,True,False,False,"Bilinear","Clamp",100,2048,"Compressed",False,"AutomaticCompressed",50,False,"","Mipmaps off; Read/Write off; Clamp; preserve Point/Bilinear by visual class; Android ETC2 override","Potential pixel sprite is not Point filtered; Android override disabled; Max Size greatly exceeds source dimensions"
"Assets/_Project/Art/Gate/GateTintScreens/negative_narrow_preview_with_gate.png","192x160","Sprite","Multiple",25589,122880,True,False,False,"Bilinear","Clamp",100,2048,"Compressed",False,"AutomaticCompressed",50,False,"","Mipmaps off; Read/Write off; Clamp; preserve Point/Bilinear by visual class; Android ETC2 override","Potential pixel sprite is not Point filtered; Android override disabled; Max Size greatly exceeds source dimensions"
"Assets/_Project/Art/Gate/GateTintScreens/neutral_narrow_preview_with_gate.png","192x160","Sprite","Multiple",25588,122880,True,False,False,"Bilinear","Clamp",100,2048,"Compressed",False,"AutomaticCompressed",50,False,"","Mipmaps off; Read/Write off; Clamp; preserve Point/Bilinear by visual class; Android ETC2 override","Potential pixel sprite is not Point filtered; Android override disabled; Max Size greatly exceeds source dimensions"
"Assets/_Project/Art/Gate/GateTintScreens/positive_narrow_preview_with_gate.png","192x160","Sprite","Multiple",25586,122880,True,False,False,"Bilinear","Clamp",100,2048,"Compressed",False,"AutomaticCompressed",50,False,"","Mipmaps off; Read/Write off; Clamp; preserve Point/Bilinear by visual class; Android ETC2 override","Potential pixel sprite is not Point filtered; Android override disabled; Max Size greatly exceeds source dimensions"
"Assets/_Project/Art/Maincharacter/Generated/UNIT07_fall_frame_01.png","32x32","Sprite","Multiple",1776,4096,True,False,False,"Bilinear","Clamp",100,2048,"Compressed",False,"AutomaticCompressed",50,False,"","Mipmaps off; Read/Write off; Clamp; preserve Point/Bilinear by visual class; Android ETC2 override","Potential pixel sprite is not Point filtered; Android override disabled; Max Size greatly exceeds source dimensions"
"Assets/_Project/Art/Maincharacter/Generated/UNIT07_fall_frame_02.png","32x32","Sprite","Multiple",1311,4096,True,False,False,"Bilinear","Clamp",100,2048,"Compressed",False,"AutomaticCompressed",50,False,"","Mipmaps off; Read/Write off; Clamp; preserve Point/Bilinear by visual class; Android ETC2 override","Potential pixel sprite is not Point filtered; Android override disabled; Max Size greatly exceeds source dimensions"
"Assets/_Project/Art/Maincharacter/Generated/UNIT07_fall_frame_03.png","32x32","Sprite","Multiple",1297,4096,True,False,False,"Bilinear","Clamp",100,2048,"Compressed",False,"AutomaticCompressed",50,False,"","Mipmaps off; Read/Write off; Clamp; preserve Point/Bilinear by visual class; Android ETC2 override","Potential pixel sprite is not Point filtered; Android override disabled; Max Size greatly exceeds source dimensions"
"Assets/_Project/Art/Maincharacter/Generated/UNIT07_fall_frame_04.png","32x32","Sprite","Multiple",1292,4096,True,False,False,"Bilinear","Clamp",100,2048,"Compressed",False,"AutomaticCompressed",50,False,"","Mipmaps off; Read/Write off; Clamp; preserve Point/Bilinear by visual class; Android ETC2 override","Potential pixel sprite is not Point filtered; Android override disabled; Max Size greatly exceeds source dimensions"
"Assets/_Project/Art/Maincharacter/UNIX07ForDialogue.png","128x128","Sprite","Multiple",4194,65536,True,False,False,"Point","Clamp",100,2048,"Uncompressed",False,"AutomaticCompressed",50,False,"","Mipmaps off; Read/Write off; Clamp; preserve Point/Bilinear by visual class; Android ETC2 override","Android override disabled; Max Size greatly exceeds source dimensions"
"Assets/_Project/Art/Maincharacter/walk_Up.png","384x64","Sprite","Multiple",1537,98304,True,False,False,"Bilinear","Clamp",100,2048,"Compressed",False,"AutomaticCompressed",50,False,"","Mipmaps off; Read/Write off; Clamp; preserve Point/Bilinear by visual class; Android ETC2 override","Potential pixel sprite is not Point filtered; Android override disabled; Max Size greatly exceeds source dimensions"
"Assets/_Project/Art/Sprites/background/anh-nen-trang-1-e1769833124384-231x400.jpg","231x400","Sprite","Multiple",3493,369600,False,False,False,"Bilinear","Clamp",100,2048,"Compressed",False,"AutomaticCompressed",50,False,"","Mipmaps off; Read/Write off; Clamp; preserve Point/Bilinear by visual class; Android ETC2 override","Android override disabled; Max Size greatly exceeds source dimensions"
"Assets/_Project/Art/Sprites/background/BG_01.png","941x1672","Sprite","Multiple",2013946,6293408,False,False,False,"Bilinear","Clamp",100,2048,"Compressed",False,"AutomaticCompressed",50,False,"","Mipmaps off; Read/Write off; Clamp; preserve Point/Bilinear by visual class; Android ETC2 override","Android override disabled"
"Assets/_Project/Art/Sprites/background/BG1.png","683x2048","Sprite","Multiple",1592193,5595136,False,False,False,"Bilinear","Clamp",100,2048,"Compressed",False,"AutomaticCompressed",50,False,"","Mipmaps off; Read/Write off; Clamp; preserve Point/Bilinear by visual class; Android ETC2 override","Large texture has no Android override; Android override disabled"
"Assets/_Project/Art/Sprites/background/BG2.png","683x2048","Sprite","Multiple",1655871,5595136,False,False,False,"Bilinear","Clamp",100,2048,"Compressed",False,"AutomaticCompressed",50,False,"","Mipmaps off; Read/Write off; Clamp; preserve Point/Bilinear by visual class; Android ETC2 override","Large texture has no Android override; Android override disabled"
"Assets/_Project/Art/Sprites/background/BG3.png","683x2048","Sprite","Multiple",1575048,5595136,False,False,False,"Bilinear","Clamp",100,2048,"Compressed",False,"AutomaticCompressed",50,False,"","Mipmaps off; Read/Write off; Clamp; preserve Point/Bilinear by visual class; Android ETC2 override","Large texture has no Android override; Android override disabled"
"Assets/_Project/Art/Sprites/background/BG-Temp.png","941x1672","Sprite","Multiple",1880688,6293408,False,False,False,"Bilinear","Clamp",100,2048,"Compressed",False,"AutomaticCompressed",50,False,"","Mipmaps off; Read/Write off; Clamp; preserve Point/Bilinear by visual class; Android ETC2 override","Android override disabled"
"Assets/_Project/Art/Sprites/Bullet/All_Fire_Bullet_Pixel_16x16_00.png","640x400","Sprite","Multiple",47783,1024000,True,False,False,"Bilinear","Clamp",100,2048,"Compressed",False,"AutomaticCompressed",50,False,"","Mipmaps off; Read/Write off; Clamp; preserve Point/Bilinear by visual class; Android ETC2 override","Potential pixel sprite is not Point filtered; Android override disabled; Max Size greatly exceeds source dimensions"
"Assets/_Project/Art/Sprites/Bullet/All_Fire_Bullet_Pixel_16x16_01.png","640x400","Sprite","Multiple",42095,1024000,True,False,False,"Bilinear","Clamp",100,2048,"Compressed",False,"AutomaticCompressed",50,False,"","Mipmaps off; Read/Write off; Clamp; preserve Point/Bilinear by visual class; Android ETC2 override","Potential pixel sprite is not Point filtered; Android override disabled; Max Size greatly exceeds source dimensions"
"Assets/_Project/Art/Sprites/Bullet/All_Fire_Bullet_Pixel_16x16_02.png","640x400","Sprite","Multiple",42638,1024000,True,False,False,"Bilinear","Clamp",100,2048,"Compressed",False,"AutomaticCompressed",50,False,"","Mipmaps off; Read/Write off; Clamp; preserve Point/Bilinear by visual class; Android ETC2 override","Potential pixel sprite is not Point filtered; Android override disabled; Max Size greatly exceeds source dimensions"
"Assets/_Project/Art/Sprites/Bullet/All_Fire_Bullet_Pixel_16x16_03.png","640x400","Sprite","Multiple",42265,1024000,True,False,False,"Bilinear","Clamp",100,2048,"Compressed",False,"AutomaticCompressed",50,False,"","Mipmaps off; Read/Write off; Clamp; preserve Point/Bilinear by visual class; Android ETC2 override","Potential pixel sprite is not Point filtered; Android override disabled; Max Size greatly exceeds source dimensions"
"Assets/_Project/Art/Sprites/Bullet/All_Fire_Bullet_Pixel_16x16_04.png","640x400","Sprite","Multiple",42786,1024000,True,False,False,"Bilinear","Clamp",100,2048,"Compressed",False,"AutomaticCompressed",50,False,"","Mipmaps off; Read/Write off; Clamp; preserve Point/Bilinear by visual class; Android ETC2 override","Potential pixel sprite is not Point filtered; Android override disabled; Max Size greatly exceeds source dimensions"
"Assets/_Project/Art/Sprites/Bullet/All_Fire_Bullet_Pixel_16x16_05.png","640x400","Sprite","Multiple",46304,1024000,True,False,False,"Bilinear","Clamp",100,2048,"Compressed",False,"AutomaticCompressed",50,False,"","Mipmaps off; Read/Write off; Clamp; preserve Point/Bilinear by visual class; Android ETC2 override","Potential pixel sprite is not Point filtered; Android override disabled; Max Size greatly exceeds source dimensions"
"Assets/_Project/Art/Sprites/Bullet/All_Fire_Bullet_Pixel_16x16_06.png","640x400","Sprite","Multiple",41821,1024000,True,False,False,"Bilinear","Clamp",100,2048,"Compressed",False,"AutomaticCompressed",50,False,"","Mipmaps off; Read/Write off; Clamp; preserve Point/Bilinear by visual class; Android ETC2 override","Potential pixel sprite is not Point filtered; Android override disabled; Max Size greatly exceeds source dimensions"
"Assets/_Project/Art/Sprites/Bullet/All_Fire_Bullet_Pixel_16x16_07.png","640x400","Sprite","Multiple",41794,1024000,True,False,False,"Bilinear","Clamp",100,2048,"Compressed",False,"AutomaticCompressed",50,False,"","Mipmaps off; Read/Write off; Clamp; preserve Point/Bilinear by visual class; Android ETC2 override","Potential pixel sprite is not Point filtered; Android override disabled; Max Size greatly exceeds source dimensions"
"Assets/_Project/Art/System32/sci_fi_terminal_transparent.png","1028x1163","Sprite","Single",1201364,4782256,True,False,False,"Bilinear","Clamp",100,2048,"Compressed",False,"AutomaticCompressed",50,False,"","Mipmaps off; Read/Write off; Clamp; preserve Point/Bilinear by visual class; Android ETC2 override","Potential pixel sprite is not Point filtered; Android override disabled"
"Assets/_Project/Art/UI/coin.png","64x64","Sprite","Multiple",558,16384,True,False,False,"Bilinear","Clamp",100,2048,"Compressed",False,"AutomaticCompressed",50,False,"","Mipmaps off; Read/Write off; Clamp; preserve Point/Bilinear by visual class; Android ETC2 override","Potential pixel sprite is not Point filtered; Android override disabled; Max Size greatly exceeds source dimensions"
"Assets/_Project/Art/UI/GameplayDialogue/BubbleMessage.png","32x32","Sprite","Single",423,4096,True,False,False,"Point","Clamp",100,2048,"Uncompressed",False,"AutomaticCompressed",50,False,"","Mipmaps off; Read/Write off; Clamp; preserve Point/Bilinear by visual class; Android ETC2 override","Android override disabled; Max Size greatly exceeds source dimensions"
"Assets/_Project/Art/UI/GameplayDialogue/BubbleMessage_Frame.png","520x170","Sprite","Single",2885,353600,True,False,False,"Point","Clamp",100,2048,"Uncompressed",False,"AutomaticCompressed",50,False,"","Mipmaps off; Read/Write off; Clamp; preserve Point/Bilinear by visual class; Android ETC2 override","Android override disabled; Max Size greatly exceeds source dimensions"
"Assets/_Project/Art/UI/GameplayHudPanel/clock.png","512x512","Sprite","Single",3504,1048576,True,False,False,"Point","Clamp",100,2048,"Compressed",True,"AutomaticCompressed",50,False,"","Mipmaps off; Read/Write off; Clamp; preserve Point/Bilinear by visual class; Android ETC2 override","Max Size greatly exceeds source dimensions"
"Assets/_Project/Art/UI/GameplayHudPanel/Optimized/CoinIcon_optimized.png","96x96","Sprite","Single",1805,36864,True,False,False,"Point","Clamp",100,1024,"Uncompressed",True,"AutomaticCompressed",50,False,"","Mipmaps off; Read/Write off; Clamp; preserve Point/Bilinear by visual class; Android ETC2 override","Max Size greatly exceeds source dimensions"
"Assets/_Project/Art/UI/GameplayHudPanel/Optimized/HudPanel_optimized.png","512x128","Sprite","Single",2843,262144,True,False,False,"Point","Clamp",100,1024,"Uncompressed",True,"AutomaticCompressed",50,False,"","Mipmaps off; Read/Write off; Clamp; preserve Point/Bilinear by visual class; Android ETC2 override",""
"Assets/_Project/Art/UI/GameplayHudPanel/Optimized/SkullIcon_optimized.png","72x72","Sprite","Single",3251,20736,True,False,False,"Point","Clamp",100,1024,"Uncompressed",True,"AutomaticCompressed",50,False,"","Mipmaps off; Read/Write off; Clamp; preserve Point/Bilinear by visual class; Android ETC2 override","Max Size greatly exceeds source dimensions"
"Assets/_Project/Art/UI/GameplayHudPanel/Skull&Bones - FrodoUndead.png","347x427","Sprite","Multiple",72204,592676,True,False,False,"Bilinear","Clamp",100,2048,"Compressed",False,"AutomaticCompressed",50,False,"","Mipmaps off; Read/Write off; Clamp; preserve Point/Bilinear by visual class; Android ETC2 override","Potential pixel sprite is not Point filtered; Android override disabled; Max Size greatly exceeds source dimensions"
"Assets/_Project/Art/UI/GameplayHudPanel/vecteezy_game-coin-pixelated_54978935.png","1024x1024","Sprite","Single",103696,4194304,True,False,False,"Point","Clamp",100,2048,"Compressed",True,"AutomaticCompressed",50,False,"","Mipmaps off; Read/Write off; Clamp; preserve Point/Bilinear by visual class; Android ETC2 override",""
"Assets/_Project/Art/UI/Generated/BulletIcon_clean.png","888x885","Sprite","Single",565487,3143520,True,False,False,"Point","Clamp",100,4096,"Uncompressed",False,"AutomaticCompressed",50,False,"","Mipmaps off; Read/Write off; Clamp; preserve Point/Bilinear by visual class; Android ETC2 override","Android override disabled; Max Size greatly exceeds source dimensions"
"Assets/_Project/Art/UI/Generated/DamageIcon_clean.png","858x881","Sprite","Single",523178,3023592,True,False,False,"Point","Clamp",100,4096,"Uncompressed",False,"AutomaticCompressed",50,False,"","Mipmaps off; Read/Write off; Clamp; preserve Point/Bilinear by visual class; Android ETC2 override","Android override disabled; Max Size greatly exceeds source dimensions"
"Assets/_Project/Art/UI/Generated/FireIcon_clean.png","781x832","Sprite","Single",445176,2599168,True,False,False,"Point","Clamp",100,4096,"Uncompressed",False,"AutomaticCompressed",50,False,"","Mipmaps off; Read/Write off; Clamp; preserve Point/Bilinear by visual class; Android ETC2 override","Android override disabled; Max Size greatly exceeds source dimensions"
"Assets/_Project/Art/UI/Generated/HPIcon_clean.png","761x812","Sprite","Single",393439,2471728,True,False,False,"Point","Clamp",100,4096,"Uncompressed",False,"AutomaticCompressed",50,False,"","Mipmaps off; Read/Write off; Clamp; preserve Point/Bilinear by visual class; Android ETC2 override","Android override disabled; Max Size greatly exceeds source dimensions"
"Assets/_Project/Art/UI/Generated/pauseicon_clean.png","682x757","Sprite","Single",385906,2065096,True,False,False,"Point","Clamp",100,2048,"Compressed",True,"AutomaticCompressed",50,False,"","Mipmaps off; Read/Write off; Clamp; preserve Point/Bilinear by visual class; Android ETC2 override","Max Size greatly exceeds source dimensions"
"Assets/_Project/Art/UI/Generated/RowBG_clean.png","2350x399","Sprite","Single",461405,3750600,True,False,False,"Point","Clamp",100,4096,"Uncompressed",False,"AutomaticCompressed",50,False,"","Mipmaps off; Read/Write off; Clamp; preserve Point/Bilinear by visual class; Android ETC2 override","Large texture has no Android override; Large texture is uncompressed; Android override disabled"
"Assets/_Project/Art/UI/Generated/SquadIcon_clean.png","898x899","Sprite","Single",549806,3229208,True,False,False,"Point","Clamp",100,4096,"Uncompressed",False,"AutomaticCompressed",50,False,"","Mipmaps off; Read/Write off; Clamp; preserve Point/Bilinear by visual class; Android ETC2 override","Android override disabled; Max Size greatly exceeds source dimensions"
"Assets/_Project/Art/UI/Generated/UIframe_clean.png","1064x523","Sprite","Single",409064,2225888,True,False,False,"Point","Clamp",100,2048,"Compressed",True,"AutomaticCompressed",50,False,"","Mipmaps off; Read/Write off; Clamp; preserve Point/Bilinear by visual class; Android ETC2 override",""
"Assets/_Project/Art/UI/Generated/UpgradeButton_clean.png","1270x435","Sprite","Single",427446,2209800,True,False,False,"Point","Clamp",100,4096,"Uncompressed",False,"AutomaticCompressed",50,False,"","Mipmaps off; Read/Write off; Clamp; preserve Point/Bilinear by visual class; Android ETC2 override","Large texture is uncompressed; Android override disabled; Max Size greatly exceeds source dimensions"
"Assets/_Project/Art/UI/LOSE/CoinIcon_optimized.png","96x96","Sprite","Single",1805,36864,True,False,False,"Point","Clamp",100,256,"Uncompressed",True,"AutomaticCompressed",50,False,"","Mipmaps off; Read/Write off; Clamp; preserve Point/Bilinear by visual class; Android ETC2 override","Max Size greatly exceeds source dimensions"
"Assets/_Project/Art/UI/LOSE/CoinPanel 1.png","512x128","Sprite","Single",1612,262144,True,False,False,"Point","Clamp",100,1024,"Uncompressed",True,"AutomaticCompressed",50,False,"","Mipmaps off; Read/Write off; Clamp; preserve Point/Bilinear by visual class; Android ETC2 override",""
"Assets/_Project/Art/UI/LOSE/CoinPanel.png","512x128","Sprite","Single",1612,262144,True,False,False,"Point","Clamp",100,1024,"Uncompressed",True,"AutomaticCompressed",50,False,"","Mipmaps off; Read/Write off; Clamp; preserve Point/Bilinear by visual class; Android ETC2 override",""
"Assets/_Project/Art/UI/LOSE/HomeBtn 1.png","2048x683","Sprite","Single",8693,5595136,True,False,False,"Point","Clamp",100,2048,"Uncompressed",False,"AutomaticCompressed",50,False,"","Mipmaps off; Read/Write off; Clamp; preserve Point/Bilinear by visual class; Android ETC2 override","Large texture has no Android override; Large texture is uncompressed; Android override disabled"
"Assets/_Project/Art/UI/LOSE/HomeBtn.png","2048x683","Sprite","Single",8693,5595136,True,False,False,"Point","Clamp",100,2048,"Uncompressed",False,"AutomaticCompressed",50,False,"","Mipmaps off; Read/Write off; Clamp; preserve Point/Bilinear by visual class; Android ETC2 override","Large texture has no Android override; Large texture is uncompressed; Android override disabled"
"Assets/_Project/Art/UI/LOSE/Panel 1.png","1086x1448","Sprite","Single",16487,6290112,True,False,False,"Point","Clamp",100,2048,"Uncompressed",False,"AutomaticCompressed",50,False,"","Mipmaps off; Read/Write off; Clamp; preserve Point/Bilinear by visual class; Android ETC2 override","Large texture is uncompressed; Android override disabled"
"Assets/_Project/Art/UI/LOSE/Panel.png","1086x1448","Sprite","Single",16487,6290112,True,False,False,"Point","Clamp",100,2048,"Uncompressed",False,"AutomaticCompressed",50,False,"","Mipmaps off; Read/Write off; Clamp; preserve Point/Bilinear by visual class; Android ETC2 override","Large texture is uncompressed; Android override disabled"
"Assets/_Project/Art/UI/LOSE/RetryBtn 1.png","2048x683","Sprite","Single",9909,5595136,True,False,False,"Point","Clamp",100,2048,"Uncompressed",False,"AutomaticCompressed",50,False,"","Mipmaps off; Read/Write off; Clamp; preserve Point/Bilinear by visual class; Android ETC2 override","Large texture has no Android override; Large texture is uncompressed; Android override disabled"
"Assets/_Project/Art/UI/LOSE/RetryBtn.png","2048x683","Sprite","Single",9909,5595136,True,False,False,"Point","Clamp",100,2048,"Uncompressed",False,"AutomaticCompressed",50,False,"","Mipmaps off; Read/Write off; Clamp; preserve Point/Bilinear by visual class; Android ETC2 override","Large texture has no Android override; Large texture is uncompressed; Android override disabled"
"Assets/_Project/Art/UI/LOSE/UpgradeBtn.png","2048x683","Sprite","Single",273323,5595136,True,False,False,"Point","Clamp",100,2048,"Uncompressed",False,"AutomaticCompressed",50,False,"","Mipmaps off; Read/Write off; Clamp; preserve Point/Bilinear by visual class; Android ETC2 override","Large texture has no Android override; Large texture is uncompressed; Android override disabled"
"Assets/_Project/Art/UI/MainMenu/CoinIcon_optimized.png","96x96","Sprite","Single",1805,36864,True,False,False,"Point","Clamp",100,1024,"Uncompressed",True,"AutomaticCompressed",50,False,"","Mipmaps off; Read/Write off; Clamp; preserve Point/Bilinear by visual class; Android ETC2 override","Max Size greatly exceeds source dimensions"
"Assets/_Project/Art/UI/MainMenu/HudPanel_optimized.png","512x128","Sprite","Single",1612,262144,True,False,False,"Point","Clamp",100,1024,"Uncompressed",True,"AutomaticCompressed",50,False,"","Mipmaps off; Read/Write off; Clamp; preserve Point/Bilinear by visual class; Android ETC2 override",""
"Assets/_Project/Art/UI/MissionSystem/mission_badge_alert_32.png","32x32","Sprite","Single",223,4096,True,False,False,"Point","Clamp",100,2048,"Uncompressed",False,"AutomaticCompressed",50,False,"","Mipmaps off; Read/Write off; Clamp; preserve Point/Bilinear by visual class; Android ETC2 override","Android override disabled; Max Size greatly exceeds source dimensions"
"Assets/_Project/Art/UI/MissionSystem/mission_badge_check_32.png","32x32","Sprite","Single",325,4096,True,False,False,"Point","Clamp",100,2048,"Uncompressed",False,"AutomaticCompressed",50,False,"","Mipmaps off; Read/Write off; Clamp; preserve Point/Bilinear by visual class; Android ETC2 override","Android override disabled; Max Size greatly exceeds source dimensions"
"Assets/_Project/Art/UI/MissionSystem/mission_button_alert_128x160.png","128x160","Sprite","Single",1778,81920,True,False,False,"Point","Clamp",100,2048,"Uncompressed",False,"AutomaticCompressed",50,False,"","Mipmaps off; Read/Write off; Clamp; preserve Point/Bilinear by visual class; Android ETC2 override","Android override disabled; Max Size greatly exceeds source dimensions"
"Assets/_Project/Art/UI/MissionSystem/mission_button_base_128x160.png","128x160","Sprite","Single",1261,81920,True,False,False,"Point","Clamp",100,2048,"Uncompressed",False,"AutomaticCompressed",50,False,"","Mipmaps off; Read/Write off; Clamp; preserve Point/Bilinear by visual class; Android ETC2 override","Android override disabled; Max Size greatly exceeds source dimensions"
"Assets/_Project/Art/UI/MissionSystem/mission_button_complete_128x160.png","128x160","Sprite","Single",1855,81920,True,False,False,"Point","Clamp",100,2048,"Uncompressed",False,"AutomaticCompressed",50,False,"","Mipmaps off; Read/Write off; Clamp; preserve Point/Bilinear by visual class; Android ETC2 override","Android override disabled; Max Size greatly exceeds source dimensions"
"Assets/_Project/Art/UI/MissionSystem/mission_button_normal_128x160.png","128x160","Sprite","Single",1686,81920,True,False,False,"Point","Clamp",100,2048,"Uncompressed",False,"AutomaticCompressed",50,False,"","Mipmaps off; Read/Write off; Clamp; preserve Point/Bilinear by visual class; Android ETC2 override","Android override disabled; Max Size greatly exceeds source dimensions"
"Assets/_Project/Art/UI/MissionSystem/mission_check_icon_48.png","48x48","Sprite","Single",388,9216,True,False,False,"Point","Clamp",100,2048,"Uncompressed",False,"AutomaticCompressed",50,False,"","Mipmaps off; Read/Write off; Clamp; preserve Point/Bilinear by visual class; Android ETC2 override","Android override disabled; Max Size greatly exceeds source dimensions"
"Assets/_Project/Art/UI/MissionSystem/mission_icon_log_64.png","64x64","Sprite","Single",469,16384,True,False,False,"Point","Clamp",100,2048,"Uncompressed",False,"AutomaticCompressed",50,False,"","Mipmaps off; Read/Write off; Clamp; preserve Point/Bilinear by visual class; Android ETC2 override","Android override disabled; Max Size greatly exceeds source dimensions"
"Assets/_Project/Art/UI/MissionSystem/mission_lock_icon_48.png","48x48","Sprite","Single",222,9216,True,False,False,"Point","Clamp",100,2048,"Uncompressed",False,"AutomaticCompressed",50,False,"","Mipmaps off; Read/Write off; Clamp; preserve Point/Bilinear by visual class; Android ETC2 override","Android override disabled; Max Size greatly exceeds source dimensions"
"Assets/_Project/Art/UI/MissionSystem/mission_panel_9slice_128.png","128x128","Sprite","Single",662,65536,True,False,False,"Point","Clamp",100,2048,"Uncompressed",False,"AutomaticCompressed",50,False,"","Mipmaps off; Read/Write off; Clamp; preserve Point/Bilinear by visual class; Android ETC2 override","Android override disabled; Max Size greatly exceeds source dimensions"
"Assets/_Project/Art/UI/MissionSystem/mission_phase_locked_320x96.png","320x96","Sprite","Single",797,122880,True,False,False,"Point","Clamp",100,2048,"Uncompressed",False,"AutomaticCompressed",50,False,"","Mipmaps off; Read/Write off; Clamp; preserve Point/Bilinear by visual class; Android ETC2 override","Android override disabled; Max Size greatly exceeds source dimensions"
"Assets/_Project/Art/UI/MissionSystem/mission_progress_bg_128x16.png","128x16","Sprite","Single",157,8192,False,False,False,"Point","Clamp",100,2048,"Uncompressed",False,"AutomaticCompressed",50,False,"","Mipmaps off; Read/Write off; Clamp; preserve Point/Bilinear by visual class; Android ETC2 override","Android override disabled; Max Size greatly exceeds source dimensions"
"Assets/_Project/Art/UI/MissionSystem/mission_progress_fill_128x16.png","128x16","Sprite","Single",155,8192,False,False,False,"Point","Clamp",100,2048,"Uncompressed",False,"AutomaticCompressed",50,False,"","Mipmaps off; Read/Write off; Clamp; preserve Point/Bilinear by visual class; Android ETC2 override","Android override disabled; Max Size greatly exceeds source dimensions"
"Assets/_Project/Art/UI/MissionSystem/mission_row_active_320x80.png","320x80","Sprite","Single",874,102400,True,False,False,"Point","Clamp",100,2048,"Uncompressed",False,"AutomaticCompressed",50,False,"","Mipmaps off; Read/Write off; Clamp; preserve Point/Bilinear by visual class; Android ETC2 override","Android override disabled; Max Size greatly exceeds source dimensions"
"Assets/_Project/Art/UI/MissionSystem/mission_row_completed_320x80.png","320x80","Sprite","Single",881,102400,True,False,False,"Point","Clamp",100,2048,"Uncompressed",False,"AutomaticCompressed",50,False,"","Mipmaps off; Read/Write off; Clamp; preserve Point/Bilinear by visual class; Android ETC2 override","Android override disabled; Max Size greatly exceeds source dimensions"
"Assets/_Project/Art/UI/MissionSystem/mission_row_locked_320x80.png","320x80","Sprite","Single",879,102400,True,False,False,"Point","Clamp",100,2048,"Uncompressed",False,"AutomaticCompressed",50,False,"","Mipmaps off; Read/Write off; Clamp; preserve Point/Bilinear by visual class; Android ETC2 override","Android override disabled; Max Size greatly exceeds source dimensions"
"Assets/_Project/Art/UI/MissionSystem/V2/claim_button_disabled_v2.png","404x190","Sprite","Single",65968,307040,True,False,False,"Point","Clamp",100,2048,"Uncompressed",False,"AutomaticCompressed",50,False,"","Mipmaps off; Read/Write off; Clamp; preserve Point/Bilinear by visual class; Android ETC2 override","Android override disabled; Max Size greatly exceeds source dimensions"
"Assets/_Project/Art/UI/MissionSystem/V2/claim_button_normal_v2.png","429x186","Sprite","Single",71677,319176,True,False,False,"Point","Clamp",100,2048,"Uncompressed",False,"AutomaticCompressed",50,False,"","Mipmaps off; Read/Write off; Clamp; preserve Point/Bilinear by visual class; Android ETC2 override","Android override disabled; Max Size greatly exceeds source dimensions"
"Assets/_Project/Art/UI/MissionSystem/V2/claim_button_pressed_v2.png","403x191","Sprite","Single",69774,307892,True,False,False,"Point","Clamp",100,2048,"Uncompressed",False,"AutomaticCompressed",50,False,"","Mipmaps off; Read/Write off; Clamp; preserve Point/Bilinear by visual class; Android ETC2 override","Android override disabled; Max Size greatly exceeds source dimensions"
"Assets/_Project/Art/UI/MissionSystem/V2/icon_arrow_v2.png","84x83","Sprite","Single",10741,27888,True,False,False,"Point","Clamp",100,2048,"Uncompressed",False,"AutomaticCompressed",50,False,"","Mipmaps off; Read/Write off; Clamp; preserve Point/Bilinear by visual class; Android ETC2 override","Android override disabled; Max Size greatly exceeds source dimensions"
"Assets/_Project/Art/UI/MissionSystem/V2/icon_back_v2.png","110x107","Sprite","Single",15980,47080,True,False,False,"Point","Clamp",100,2048,"Uncompressed",False,"AutomaticCompressed",50,False,"","Mipmaps off; Read/Write off; Clamp; preserve Point/Bilinear by visual class; Android ETC2 override","Android override disabled; Max Size greatly exceeds source dimensions"
"Assets/_Project/Art/UI/MissionSystem/V2/icon_badge_alert_v2.png","83x84","Sprite","Single",12123,27888,True,False,False,"Point","Clamp",100,2048,"Uncompressed",False,"AutomaticCompressed",50,False,"","Mipmaps off; Read/Write off; Clamp; preserve Point/Bilinear by visual class; Android ETC2 override","Android override disabled; Max Size greatly exceeds source dimensions"
"Assets/_Project/Art/UI/MissionSystem/V2/icon_badge_reward_v2.png","116x122","Sprite","Single",20062,56608,True,False,False,"Point","Clamp",100,2048,"Uncompressed",False,"AutomaticCompressed",50,False,"","Mipmaps off; Read/Write off; Clamp; preserve Point/Bilinear by visual class; Android ETC2 override","Android override disabled; Max Size greatly exceeds source dimensions"
"Assets/_Project/Art/UI/MissionSystem/V2/icon_check_v2.png","81x80","Sprite","Single",10940,25920,True,False,False,"Point","Clamp",100,2048,"Uncompressed",False,"AutomaticCompressed",50,False,"","Mipmaps off; Read/Write off; Clamp; preserve Point/Bilinear by visual class; Android ETC2 override","Android override disabled; Max Size greatly exceeds source dimensions"
"Assets/_Project/Art/UI/MissionSystem/V2/icon_coin_v2.png","157x159","Sprite","Single",35264,99852,True,False,False,"Point","Clamp",100,2048,"Uncompressed",False,"AutomaticCompressed",50,False,"","Mipmaps off; Read/Write off; Clamp; preserve Point/Bilinear by visual class; Android ETC2 override","Android override disabled; Max Size greatly exceeds source dimensions"
"Assets/_Project/Art/UI/MissionSystem/V2/icon_lock_v2.png","81x81","Sprite","Single",9643,26244,True,False,False,"Point","Clamp",100,2048,"Uncompressed",False,"AutomaticCompressed",50,False,"","Mipmaps off; Read/Write off; Clamp; preserve Point/Bilinear by visual class; Android ETC2 override","Android override disabled; Max Size greatly exceeds source dimensions"
"Assets/_Project/Art/UI/MissionSystem/V2/mission_button_alert_v2.png","394x220","Sprite","Single",77997,346720,True,False,False,"Point","Clamp",100,2048,"Uncompressed",False,"AutomaticCompressed",50,False,"","Mipmaps off; Read/Write off; Clamp; preserve Point/Bilinear by visual class; Android ETC2 override","Android override disabled; Max Size greatly exceeds source dimensions"
"Assets/_Project/Art/UI/MissionSystem/V2/mission_button_idle_v2.png","385x181","Sprite","Single",61323,278740,True,False,False,"Point","Clamp",100,2048,"Uncompressed",False,"AutomaticCompressed",50,False,"","Mipmaps off; Read/Write off; Clamp; preserve Point/Bilinear by visual class; Android ETC2 override","Android override disabled; Max Size greatly exceeds source dimensions"
"Assets/_Project/Art/UI/MissionSystem/V2/mission_button_reward_v2.png","392x220","Sprite","Single",80540,344960,True,False,False,"Point","Clamp",100,2048,"Uncompressed",False,"AutomaticCompressed",50,False,"","Mipmaps off; Read/Write off; Clamp; preserve Point/Bilinear by visual class; Android ETC2 override","Android override disabled; Max Size greatly exceeds source dimensions"
"Assets/_Project/Art/UI/MissionSystem/V2/mission_objective_card_v2.png","668x171","Sprite","Single",82618,456912,True,False,False,"Point","Clamp",100,2048,"Uncompressed",False,"AutomaticCompressed",50,False,"","Mipmaps off; Read/Write off; Clamp; preserve Point/Bilinear by visual class; Android ETC2 override","Android override disabled; Max Size greatly exceeds source dimensions"
"Assets/_Project/Art/UI/MissionSystem/V2/mission_panel_v2.png","473x849","Sprite","Single",238586,1606308,True,False,False,"Point","Clamp",100,2048,"Uncompressed",False,"AutomaticCompressed",50,False,"","Mipmaps off; Read/Write off; Clamp; preserve Point/Bilinear by visual class; Android ETC2 override","Android override disabled; Max Size greatly exceeds source dimensions"
"Assets/_Project/Art/UI/MissionSystem/V2/mission_phase_locked_v2.png","606x110","Sprite","Single",50631,266640,True,False,False,"Point","Clamp",100,2048,"Uncompressed",False,"AutomaticCompressed",50,False,"","Mipmaps off; Read/Write off; Clamp; preserve Point/Bilinear by visual class; Android ETC2 override","Android override disabled; Max Size greatly exceeds source dimensions"
"Assets/_Project/Art/UI/MissionSystem/V2/mission_row_active_v2.png","606x127","Sprite","Single",57857,307848,True,False,False,"Point","Clamp",100,2048,"Uncompressed",False,"AutomaticCompressed",50,False,"","Mipmaps off; Read/Write off; Clamp; preserve Point/Bilinear by visual class; Android ETC2 override","Android override disabled; Max Size greatly exceeds source dimensions"
"Assets/_Project/Art/UI/MissionSystem/V2/mission_row_claimable_v2.png","606x129","Sprite","Single",60427,312696,True,False,False,"Point","Clamp",100,2048,"Uncompressed",False,"AutomaticCompressed",50,False,"","Mipmaps off; Read/Write off; Clamp; preserve Point/Bilinear by visual class; Android ETC2 override","Android override disabled; Max Size greatly exceeds source dimensions"
"Assets/_Project/Art/UI/MissionSystem/V2/mission_row_locked_v2.png","606x121","Sprite","Single",54122,293304,True,False,False,"Point","Clamp",100,2048,"Uncompressed",False,"AutomaticCompressed",50,False,"","Mipmaps off; Read/Write off; Clamp; preserve Point/Bilinear by visual class; Android ETC2 override","Android override disabled; Max Size greatly exceeds source dimensions"
"Assets/_Project/Art/UI/MissionSystem/V2/progress_bg_v2.png","442x45","Sprite","Single",19922,79560,True,False,False,"Point","Clamp",100,2048,"Uncompressed",False,"AutomaticCompressed",50,False,"","Mipmaps off; Read/Write off; Clamp; preserve Point/Bilinear by visual class; Android ETC2 override","Android override disabled; Max Size greatly exceeds source dimensions"
"Assets/_Project/Art/UI/MissionSystem/V2/progress_fill_v2.png","372x46","Sprite","Single",14993,68448,True,False,False,"Point","Clamp",100,2048,"Uncompressed",False,"AutomaticCompressed",50,False,"","Mipmaps off; Read/Write off; Clamp; preserve Point/Bilinear by visual class; Android ETC2 override","Android override disabled; Max Size greatly exceeds source dimensions"
"Assets/_Project/Art/UI/Misson/TrueGate_Mission_Assets/mission_badge_alert_32.png","32x32","Sprite","Single",223,4096,True,False,False,"Point","Clamp",100,2048,"Uncompressed",False,"AutomaticCompressed",50,False,"","Mipmaps off; Read/Write off; Clamp; preserve Point/Bilinear by visual class; Android ETC2 override","Android override disabled; Max Size greatly exceeds source dimensions"
"Assets/_Project/Art/UI/Misson/TrueGate_Mission_Assets/mission_badge_check_32.png","32x32","Sprite","Single",325,4096,True,False,False,"Point","Clamp",100,2048,"Uncompressed",False,"AutomaticCompressed",50,False,"","Mipmaps off; Read/Write off; Clamp; preserve Point/Bilinear by visual class; Android ETC2 override","Android override disabled; Max Size greatly exceeds source dimensions"
"Assets/_Project/Art/UI/Misson/TrueGate_Mission_Assets/mission_button_alert_128x160.png","128x160","Sprite","Single",1778,81920,True,False,False,"Point","Clamp",100,2048,"Uncompressed",False,"AutomaticCompressed",50,False,"","Mipmaps off; Read/Write off; Clamp; preserve Point/Bilinear by visual class; Android ETC2 override","Android override disabled; Max Size greatly exceeds source dimensions"
"Assets/_Project/Art/UI/Misson/TrueGate_Mission_Assets/mission_button_base_128x160.png","128x160","Sprite","Single",1261,81920,True,False,False,"Point","Clamp",100,2048,"Uncompressed",False,"AutomaticCompressed",50,False,"","Mipmaps off; Read/Write off; Clamp; preserve Point/Bilinear by visual class; Android ETC2 override","Android override disabled; Max Size greatly exceeds source dimensions"
"Assets/_Project/Art/UI/Misson/TrueGate_Mission_Assets/mission_button_complete_128x160.png","128x160","Sprite","Single",1855,81920,True,False,False,"Point","Clamp",100,2048,"Uncompressed",False,"AutomaticCompressed",50,False,"","Mipmaps off; Read/Write off; Clamp; preserve Point/Bilinear by visual class; Android ETC2 override","Android override disabled; Max Size greatly exceeds source dimensions"
"Assets/_Project/Art/UI/Misson/TrueGate_Mission_Assets/mission_button_normal_128x160.png","128x160","Sprite","Single",1686,81920,True,False,False,"Point","Clamp",100,2048,"Uncompressed",False,"AutomaticCompressed",50,False,"","Mipmaps off; Read/Write off; Clamp; preserve Point/Bilinear by visual class; Android ETC2 override","Android override disabled; Max Size greatly exceeds source dimensions"
"Assets/_Project/Art/UI/Misson/TrueGate_Mission_Assets/mission_check_icon_48.png","48x48","Sprite","Single",388,9216,True,False,False,"Point","Clamp",100,2048,"Uncompressed",False,"AutomaticCompressed",50,False,"","Mipmaps off; Read/Write off; Clamp; preserve Point/Bilinear by visual class; Android ETC2 override","Android override disabled; Max Size greatly exceeds source dimensions"
"Assets/_Project/Art/UI/Misson/TrueGate_Mission_Assets/mission_icon_log_64.png","64x64","Sprite","Single",469,16384,True,False,False,"Point","Clamp",100,2048,"Uncompressed",False,"AutomaticCompressed",50,False,"","Mipmaps off; Read/Write off; Clamp; preserve Point/Bilinear by visual class; Android ETC2 override","Android override disabled; Max Size greatly exceeds source dimensions"
"Assets/_Project/Art/UI/Misson/TrueGate_Mission_Assets/mission_lock_icon_48.png","48x48","Sprite","Single",222,9216,True,False,False,"Point","Clamp",100,2048,"Uncompressed",False,"AutomaticCompressed",50,False,"","Mipmaps off; Read/Write off; Clamp; preserve Point/Bilinear by visual class; Android ETC2 override","Android override disabled; Max Size greatly exceeds source dimensions"
"Assets/_Project/Art/UI/Misson/TrueGate_Mission_Assets/mission_panel_9slice_128.png","128x128","Sprite","Single",662,65536,True,False,False,"Point","Clamp",100,2048,"Uncompressed",False,"AutomaticCompressed",50,False,"","Mipmaps off; Read/Write off; Clamp; preserve Point/Bilinear by visual class; Android ETC2 override","Android override disabled; Max Size greatly exceeds source dimensions"
"Assets/_Project/Art/UI/Misson/TrueGate_Mission_Assets/mission_phase_locked_320x96.png","320x96","Sprite","Single",797,122880,True,False,False,"Point","Clamp",100,2048,"Uncompressed",False,"AutomaticCompressed",50,False,"","Mipmaps off; Read/Write off; Clamp; preserve Point/Bilinear by visual class; Android ETC2 override","Android override disabled; Max Size greatly exceeds source dimensions"
"Assets/_Project/Art/UI/Misson/TrueGate_Mission_Assets/mission_progress_bg_128x16.png","128x16","Sprite","Single",157,8192,False,False,False,"Point","Clamp",100,2048,"Uncompressed",False,"AutomaticCompressed",50,False,"","Mipmaps off; Read/Write off; Clamp; preserve Point/Bilinear by visual class; Android ETC2 override","Android override disabled; Max Size greatly exceeds source dimensions"
"Assets/_Project/Art/UI/Misson/TrueGate_Mission_Assets/mission_progress_fill_128x16.png","128x16","Sprite","Single",155,8192,False,False,False,"Point","Clamp",100,2048,"Uncompressed",False,"AutomaticCompressed",50,False,"","Mipmaps off; Read/Write off; Clamp; preserve Point/Bilinear by visual class; Android ETC2 override","Android override disabled; Max Size greatly exceeds source dimensions"
"Assets/_Project/Art/UI/Misson/TrueGate_Mission_Assets/mission_row_active_320x80.png","320x80","Sprite","Single",930,102400,True,False,False,"Point","Clamp",100,2048,"Uncompressed",False,"AutomaticCompressed",50,False,"","Mipmaps off; Read/Write off; Clamp; preserve Point/Bilinear by visual class; Android ETC2 override","Android override disabled; Max Size greatly exceeds source dimensions"
"Assets/_Project/Art/UI/Misson/TrueGate_Mission_Assets/mission_row_completed_320x80.png","320x80","Sprite","Single",915,102400,True,False,False,"Point","Clamp",100,2048,"Uncompressed",False,"AutomaticCompressed",50,False,"","Mipmaps off; Read/Write off; Clamp; preserve Point/Bilinear by visual class; Android ETC2 override","Android override disabled; Max Size greatly exceeds source dimensions"
"Assets/_Project/Art/UI/Misson/TrueGate_Mission_Assets/mission_row_locked_320x80.png","320x80","Sprite","Single",789,102400,True,False,False,"Point","Clamp",100,2048,"Uncompressed",False,"AutomaticCompressed",50,False,"","Mipmaps off; Read/Write off; Clamp; preserve Point/Bilinear by visual class; Android ETC2 override","Android override disabled; Max Size greatly exceeds source dimensions"
"Assets/_Project/Art/UI/Misson/TrueGate_Mission_Assets/preview_main_menu_daily_reward_replaced.png","418x856","Sprite","Multiple",324084,1431232,False,False,False,"Bilinear","Clamp",100,2048,"Compressed",False,"AutomaticCompressed",50,False,"","Mipmaps off; Read/Write off; Clamp; preserve Point/Bilinear by visual class; Android ETC2 override","Potential pixel sprite is not Point filtered; Android override disabled; Max Size greatly exceeds source dimensions"
"Assets/_Project/Art/UI/Misson/TrueGate_Mission_Assets/preview_mission_log_screen.png","418x856","Sprite","Multiple",35022,1431232,True,False,False,"Bilinear","Clamp",100,2048,"Compressed",False,"AutomaticCompressed",50,False,"","Mipmaps off; Read/Write off; Clamp; preserve Point/Bilinear by visual class; Android ETC2 override","Potential pixel sprite is not Point filtered; Android override disabled; Max Size greatly exceeds source dimensions"
"Assets/_Project/Art/UI/pauseicon.png","1254x1254","Sprite","Multiple",873248,6290064,False,False,False,"Bilinear","Clamp",100,2048,"Compressed",False,"AutomaticCompressed",50,False,"","Mipmaps off; Read/Write off; Clamp; preserve Point/Bilinear by visual class; Android ETC2 override","Potential pixel sprite is not Point filtered; Android override disabled"
"Assets/_Project/Art/UI/PausePanel/LongBlueBtn.png","2172x724","Sprite","Single",273323,6290112,True,False,False,"Point","Clamp",100,4096,"Uncompressed",False,"AutomaticCompressed",50,False,"","Mipmaps off; Read/Write off; Clamp; preserve Point/Bilinear by visual class; Android ETC2 override","Large texture has no Android override; Large texture is uncompressed; Android override disabled"
"Assets/_Project/Art/UI/PausePanel/LongWithBtn.png","2172x724","Sprite","Single",8693,6290112,True,False,False,"Point","Clamp",100,4096,"Uncompressed",False,"AutomaticCompressed",50,False,"","Mipmaps off; Read/Write off; Clamp; preserve Point/Bilinear by visual class; Android ETC2 override","Large texture has no Android override; Large texture is uncompressed; Android override disabled"
"Assets/_Project/Art/UI/PausePanel/LongYellowBtn.png","2172x724","Sprite","Single",9909,6290112,True,False,False,"Point","Clamp",100,4096,"Uncompressed",False,"AutomaticCompressed",50,False,"","Mipmaps off; Read/Write off; Clamp; preserve Point/Bilinear by visual class; Android ETC2 override","Large texture has no Android override; Large texture is uncompressed; Android override disabled"
"Assets/_Project/Art/UI/PausePanel/Optimized/LongBlueBtn_optimized.png","827x193","Sprite","Single",109250,638444,True,False,False,"Point","Clamp",100,2048,"Uncompressed",False,"AutomaticCompressed",50,False,"","Mipmaps off; Read/Write off; Clamp; preserve Point/Bilinear by visual class; Android ETC2 override","Android override disabled; Max Size greatly exceeds source dimensions"
"Assets/_Project/Art/UI/PausePanel/Optimized/LongWhiteBtn_optimized.png","645x149","Sprite","Single",3711,384420,True,False,False,"Point","Clamp",100,2048,"Uncompressed",False,"AutomaticCompressed",50,False,"","Mipmaps off; Read/Write off; Clamp; preserve Point/Bilinear by visual class; Android ETC2 override","Android override disabled; Max Size greatly exceeds source dimensions"
"Assets/_Project/Art/UI/PausePanel/Optimized/LongYellowBtn_optimized.png","796x187","Sprite","Single",5126,595408,True,False,False,"Point","Clamp",100,2048,"Uncompressed",False,"AutomaticCompressed",50,False,"","Mipmaps off; Read/Write off; Clamp; preserve Point/Bilinear by visual class; Android ETC2 override","Android override disabled; Max Size greatly exceeds source dimensions"
"Assets/_Project/Art/UI/PausePanel/Optimized/Panel_optimized.png","573x841","Sprite","Single",16912,1927572,True,False,False,"Point","Clamp",100,2048,"Uncompressed",False,"AutomaticCompressed",50,False,"","Mipmaps off; Read/Write off; Clamp; preserve Point/Bilinear by visual class; Android ETC2 override","Android override disabled; Max Size greatly exceeds source dimensions"
"Assets/_Project/Art/UI/PausePanel/Optimized/PauseIcon_optimized.png","384x384","Sprite","Single",5062,589824,True,False,False,"Point","Clamp",100,2048,"Uncompressed",False,"AutomaticCompressed",50,False,"","Mipmaps off; Read/Write off; Clamp; preserve Point/Bilinear by visual class; Android ETC2 override","Android override disabled; Max Size greatly exceeds source dimensions"
"Assets/_Project/Art/UI/PausePanel/Panel.png","1086x1448","Sprite","Single",16487,6290112,True,False,False,"Point","Clamp",100,4096,"Uncompressed",False,"AutomaticCompressed",50,False,"","Mipmaps off; Read/Write off; Clamp; preserve Point/Bilinear by visual class; Android ETC2 override","Large texture is uncompressed; Android override disabled; Max Size greatly exceeds source dimensions"
"Assets/_Project/Art/UI/PausePanel/PauseIcon.png","1254x1254","Sprite","Single",11702,6290064,True,False,False,"Point","Clamp",100,4096,"Uncompressed",False,"AutomaticCompressed",50,False,"","Mipmaps off; Read/Write off; Clamp; preserve Point/Bilinear by visual class; Android ETC2 override","Large texture is uncompressed; Android override disabled; Max Size greatly exceeds source dimensions"
"Assets/_Project/Art/UI/SettingPanel/back_button.png","72x72","Sprite","Single",551,20736,True,False,False,"Point","Clamp",100,512,"Uncompressed",False,"AutomaticCompressed",50,False,"","Mipmaps off; Read/Write off; Clamp; preserve Point/Bilinear by visual class; Android ETC2 override","Android override disabled; Max Size greatly exceeds source dimensions"
"Assets/_Project/Art/UI/SettingPanel/icon_damage_text.png","78x54","Sprite","Single",1350,16848,True,False,False,"Point","Clamp",100,512,"Uncompressed",False,"AutomaticCompressed",50,False,"","Mipmaps off; Read/Write off; Clamp; preserve Point/Bilinear by visual class; Android ETC2 override","Android override disabled; Max Size greatly exceeds source dimensions"
"Assets/_Project/Art/UI/SettingPanel/icon_gear.png","64x64","Sprite","Single",440,16384,True,False,False,"Point","Clamp",100,512,"Uncompressed",False,"AutomaticCompressed",50,False,"","Mipmaps off; Read/Write off; Clamp; preserve Point/Bilinear by visual class; Android ETC2 override","Android override disabled; Max Size greatly exceeds source dimensions"
"Assets/_Project/Art/UI/SettingPanel/icon_music.png","64x64","Sprite","Single",469,16384,True,False,False,"Point","Clamp",100,512,"Uncompressed",False,"AutomaticCompressed",50,False,"","Mipmaps off; Read/Write off; Clamp; preserve Point/Bilinear by visual class; Android ETC2 override","Android override disabled; Max Size greatly exceeds source dimensions"
"Assets/_Project/Art/UI/SettingPanel/icon_reset.png","40x40","Sprite","Single",268,6400,True,False,False,"Point","Clamp",100,512,"Uncompressed",False,"AutomaticCompressed",50,False,"","Mipmaps off; Read/Write off; Clamp; preserve Point/Bilinear by visual class; Android ETC2 override","Android override disabled; Max Size greatly exceeds source dimensions"
"Assets/_Project/Art/UI/SettingPanel/icon_sfx.png","64x64","Sprite","Single",481,16384,True,False,False,"Point","Clamp",100,512,"Uncompressed",False,"AutomaticCompressed",50,False,"","Mipmaps off; Read/Write off; Clamp; preserve Point/Bilinear by visual class; Android ETC2 override","Android override disabled; Max Size greatly exceeds source dimensions"
"Assets/_Project/Art/UI/SettingPanel/icon_vibration.png","64x64","Sprite","Single",613,16384,True,False,False,"Point","Clamp",100,512,"Uncompressed",False,"AutomaticCompressed",50,False,"","Mipmaps off; Read/Write off; Clamp; preserve Point/Bilinear by visual class; Android ETC2 override","Android override disabled; Max Size greatly exceeds source dimensions"
"Assets/_Project/Art/UI/SettingPanel/reset_button_bg.png","340x72","Sprite","Single",817,97920,True,False,False,"Point","Clamp",100,1024,"Uncompressed",False,"AutomaticCompressed",50,False,"","Mipmaps off; Read/Write off; Clamp; preserve Point/Bilinear by visual class; Android ETC2 override","Android override disabled; Max Size greatly exceeds source dimensions"
"Assets/_Project/Art/UI/SettingPanel/setting_main_panel_9slice_source.png","760x860","Sprite","Single",5397,2614400,True,False,False,"Point","Clamp",100,2048,"Uncompressed",False,"AutomaticCompressed",50,False,"","Mipmaps off; Read/Write off; Clamp; preserve Point/Bilinear by visual class; Android ETC2 override","Android override disabled; Max Size greatly exceeds source dimensions"
"Assets/_Project/Art/UI/SettingPanel/setting_row_card_9slice_source.png","620x112","Sprite","Single",1084,277760,True,False,False,"Point","Clamp",100,1024,"Uncompressed",False,"AutomaticCompressed",50,False,"","Mipmaps off; Read/Write off; Clamp; preserve Point/Bilinear by visual class; Android ETC2 override","Android override disabled"
"Assets/_Project/Art/UI/SettingPanel/settings_elements_contact_sheet.png","760x620","Sprite","Multiple",18212,1884800,False,False,False,"Bilinear","Clamp",100,2048,"Compressed",False,"AutomaticCompressed",50,False,"","Mipmaps off; Read/Write off; Clamp; preserve Point/Bilinear by visual class; Android ETC2 override","Potential pixel sprite is not Point filtered; Android override disabled; Max Size greatly exceeds source dimensions"
"Assets/_Project/Art/UI/SettingPanel/settings_panel_layout_preview.png","1080x1920","Sprite","Multiple",53807,8294400,False,False,False,"Bilinear","Clamp",100,2048,"Compressed",False,"AutomaticCompressed",50,False,"","Mipmaps off; Read/Write off; Clamp; preserve Point/Bilinear by visual class; Android ETC2 override","Android override disabled"
"Assets/_Project/Art/UI/SettingPanel/toggle_off.png","164x72","Sprite","Single",1193,47232,True,False,False,"Point","Clamp",100,512,"Uncompressed",False,"AutomaticCompressed",50,False,"","Mipmaps off; Read/Write off; Clamp; preserve Point/Bilinear by visual class; Android ETC2 override","Android override disabled; Max Size greatly exceeds source dimensions"
"Assets/_Project/Art/UI/SettingPanel/toggle_on.png","164x72","Sprite","Single",1744,47232,True,False,False,"Point","Clamp",100,512,"Uncompressed",False,"AutomaticCompressed",50,False,"","Mipmaps off; Read/Write off; Clamp; preserve Point/Bilinear by visual class; Android ETC2 override","Android override disabled; Max Size greatly exceeds source dimensions"
"Assets/_Project/Art/UI/Tutorial/swipe_left_right_icon.png","968x595","Sprite","Single",378509,2303840,True,False,False,"Point","Clamp",100,2048,"Uncompressed",False,"AutomaticCompressed",50,False,"","Mipmaps off; Read/Write off; Clamp; preserve Point/Bilinear by visual class; Android ETC2 override","Android override disabled; Max Size greatly exceeds source dimensions"
"Assets/_Project/Art/UI/UIbychatgpt/BulletIcon.png","1254x1254","Sprite","Multiple",968608,6290064,False,False,False,"Bilinear","Clamp",100,2048,"Compressed",False,"AutomaticCompressed",50,False,"","Mipmaps off; Read/Write off; Clamp; preserve Point/Bilinear by visual class; Android ETC2 override","Potential pixel sprite is not Point filtered; Android override disabled"
"Assets/_Project/Art/UI/UIbychatgpt/DamageIcon.png","1254x1254","Sprite","Multiple",970263,6290064,False,False,False,"Bilinear","Clamp",100,2048,"Compressed",False,"AutomaticCompressed",50,False,"","Mipmaps off; Read/Write off; Clamp; preserve Point/Bilinear by visual class; Android ETC2 override","Potential pixel sprite is not Point filtered; Android override disabled"
"Assets/_Project/Art/UI/UIbychatgpt/Fireicon.png","1254x1254","Sprite","Multiple",914208,6290064,False,False,False,"Bilinear","Clamp",100,2048,"Compressed",False,"AutomaticCompressed",50,False,"","Mipmaps off; Read/Write off; Clamp; preserve Point/Bilinear by visual class; Android ETC2 override","Potential pixel sprite is not Point filtered; Android override disabled"
"Assets/_Project/Art/UI/UIbychatgpt/HPIcon.png","1254x1254","Sprite","Multiple",872773,6290064,False,False,False,"Bilinear","Clamp",100,2048,"Compressed",False,"AutomaticCompressed",50,False,"","Mipmaps off; Read/Write off; Clamp; preserve Point/Bilinear by visual class; Android ETC2 override","Potential pixel sprite is not Point filtered; Android override disabled"
"Assets/_Project/Art/UI/UIbychatgpt/RowBG.png","2048x512","Sprite","Multiple",790249,4194304,False,False,False,"Bilinear","Clamp",100,2048,"Compressed",False,"AutomaticCompressed",50,False,"","Mipmaps off; Read/Write off; Clamp; preserve Point/Bilinear by visual class; Android ETC2 override","Potential pixel sprite is not Point filtered; Large texture has no Android override; Android override disabled"
"Assets/_Project/Art/UI/UIbychatgpt/SquadIcon.png","1254x1254","Sprite","Multiple",953296,6290064,False,False,False,"Bilinear","Clamp",100,2048,"Compressed",False,"AutomaticCompressed",50,False,"","Mipmaps off; Read/Write off; Clamp; preserve Point/Bilinear by visual class; Android ETC2 override","Potential pixel sprite is not Point filtered; Android override disabled"
"Assets/_Project/Art/UI/UIbychatgpt/UpgradeButon.png","1536x1024","Sprite","Multiple",1121551,6291456,False,False,False,"Bilinear","Clamp",100,2048,"Compressed",False,"AutomaticCompressed",50,False,"","Mipmaps off; Read/Write off; Clamp; preserve Point/Bilinear by visual class; Android ETC2 override","Potential pixel sprite is not Point filtered; Android override disabled"
"Assets/_Project/Art/UI/UIframe.png","1254x1254","Sprite","Multiple",898172,6290064,False,False,False,"Bilinear","Clamp",100,2048,"Compressed",False,"AutomaticCompressed",50,False,"","Mipmaps off; Read/Write off; Clamp; preserve Point/Bilinear by visual class; Android ETC2 override","Potential pixel sprite is not Point filtered; Android override disabled"
"Assets/_Project/Prefabs/Bullets/01.png","126x121","Sprite","Multiple",8809,60984,True,False,False,"Bilinear","Clamp",100,2048,"Compressed",False,"AutomaticCompressed",50,False,"","Mipmaps off; Read/Write off; Clamp; preserve Point/Bilinear by visual class; Android ETC2 override","Potential pixel sprite is not Point filtered; Android override disabled; Max Size greatly exceeds source dimensions"
"Assets/_Project/Prefabs/Bullets/02.png","127x123","Sprite","Multiple",8780,62484,True,False,False,"Bilinear","Clamp",100,2048,"Compressed",False,"AutomaticCompressed",50,False,"","Mipmaps off; Read/Write off; Clamp; preserve Point/Bilinear by visual class; Android ETC2 override","Potential pixel sprite is not Point filtered; Android override disabled; Max Size greatly exceeds source dimensions"
"Assets/_Project/Prefabs/Bullets/03.png","126x123","Sprite","Multiple",8378,61992,True,False,False,"Bilinear","Clamp",100,2048,"Compressed",False,"AutomaticCompressed",50,False,"","Mipmaps off; Read/Write off; Clamp; preserve Point/Bilinear by visual class; Android ETC2 override","Potential pixel sprite is not Point filtered; Android override disabled; Max Size greatly exceeds source dimensions"
"Assets/_Project/Prefabs/Bullets/04.png","127x123","Sprite","Multiple",9216,62484,True,False,False,"Bilinear","Clamp",100,2048,"Compressed",False,"AutomaticCompressed",50,False,"","Mipmaps off; Read/Write off; Clamp; preserve Point/Bilinear by visual class; Android ETC2 override","Potential pixel sprite is not Point filtered; Android override disabled; Max Size greatly exceeds source dimensions"
"Assets/_Project/Prefabs/Bullets/05.png","141x129","Sprite","Multiple",9719,72756,True,False,False,"Bilinear","Clamp",100,2048,"Compressed",False,"AutomaticCompressed",50,False,"","Mipmaps off; Read/Write off; Clamp; preserve Point/Bilinear by visual class; Android ETC2 override","Potential pixel sprite is not Point filtered; Android override disabled; Max Size greatly exceeds source dimensions"
"Assets/_Project/Prefabs/Bullets/06.png","127x123","Sprite","Multiple",9095,62484,True,False,False,"Bilinear","Clamp",100,2048,"Compressed",False,"AutomaticCompressed",50,False,"","Mipmaps off; Read/Write off; Clamp; preserve Point/Bilinear by visual class; Android ETC2 override","Potential pixel sprite is not Point filtered; Android override disabled; Max Size greatly exceeds source dimensions"
"Assets/_Project/Prefabs/Bullets/07.png","123x119","Sprite","Multiple",7628,58548,True,False,False,"Bilinear","Clamp",100,2048,"Compressed",False,"AutomaticCompressed",50,False,"","Mipmaps off; Read/Write off; Clamp; preserve Point/Bilinear by visual class; Android ETC2 override","Potential pixel sprite is not Point filtered; Android override disabled; Max Size greatly exceeds source dimensions"
"Assets/_Project/Prefabs/Bullets/08.png","122x119","Sprite","Multiple",7286,58072,True,False,False,"Bilinear","Clamp",100,2048,"Compressed",False,"AutomaticCompressed",50,False,"","Mipmaps off; Read/Write off; Clamp; preserve Point/Bilinear by visual class; Android ETC2 override","Potential pixel sprite is not Point filtered; Android override disabled; Max Size greatly exceeds source dimensions"
"Assets/_Project/Prefabs/Bullets/09.png","123x119","Sprite","Multiple",6470,58548,True,False,False,"Bilinear","Clamp",100,2048,"Compressed",False,"AutomaticCompressed",50,False,"","Mipmaps off; Read/Write off; Clamp; preserve Point/Bilinear by visual class; Android ETC2 override","Potential pixel sprite is not Point filtered; Android override disabled; Max Size greatly exceeds source dimensions"
"Assets/_Project/Prefabs/Bullets/10.png","119x115","Sprite","Multiple",6784,54740,True,False,False,"Bilinear","Clamp",100,2048,"Compressed",False,"AutomaticCompressed",50,False,"","Mipmaps off; Read/Write off; Clamp; preserve Point/Bilinear by visual class; Android ETC2 override","Potential pixel sprite is not Point filtered; Android override disabled; Max Size greatly exceeds source dimensions"
"Assets/_Project/Prefabs/Bullets/11.png","249x144","Sprite","Multiple",14596,143424,True,False,False,"Bilinear","Clamp",100,2048,"Compressed",False,"AutomaticCompressed",50,False,"","Mipmaps off; Read/Write off; Clamp; preserve Point/Bilinear by visual class; Android ETC2 override","Potential pixel sprite is not Point filtered; Android override disabled; Max Size greatly exceeds source dimensions"
"Assets/_Project/Prefabs/Bullets/12.png","259x146","Sprite","Multiple",15281,151256,True,False,False,"Bilinear","Clamp",100,2048,"Compressed",False,"AutomaticCompressed",50,False,"","Mipmaps off; Read/Write off; Clamp; preserve Point/Bilinear by visual class; Android ETC2 override","Potential pixel sprite is not Point filtered; Android override disabled; Max Size greatly exceeds source dimensions"
"Assets/_Project/Prefabs/Bullets/13.png","251x144","Sprite","Multiple",15093,144576,True,False,False,"Bilinear","Clamp",100,2048,"Compressed",False,"AutomaticCompressed",50,False,"","Mipmaps off; Read/Write off; Clamp; preserve Point/Bilinear by visual class; Android ETC2 override","Potential pixel sprite is not Point filtered; Android override disabled; Max Size greatly exceeds source dimensions"
"Assets/_Project/Prefabs/Bullets/14.png","251x144","Sprite","Multiple",14254,144576,True,False,False,"Bilinear","Clamp",100,2048,"Compressed",False,"AutomaticCompressed",50,False,"","Mipmaps off; Read/Write off; Clamp; preserve Point/Bilinear by visual class; Android ETC2 override","Potential pixel sprite is not Point filtered; Android override disabled; Max Size greatly exceeds source dimensions"
"Assets/_Project/Prefabs/Bullets/15.png","243x140","Sprite","Multiple",12236,136080,True,False,False,"Bilinear","Clamp",100,2048,"Compressed",False,"AutomaticCompressed",50,False,"","Mipmaps off; Read/Write off; Clamp; preserve Point/Bilinear by visual class; Android ETC2 override","Potential pixel sprite is not Point filtered; Android override disabled; Max Size greatly exceeds source dimensions"
"Assets/_Project/Prefabs/Bullets/16.png","245x141","Sprite","Multiple",12349,138180,True,False,False,"Bilinear","Clamp",100,2048,"Compressed",False,"AutomaticCompressed",50,False,"","Mipmaps off; Read/Write off; Clamp; preserve Point/Bilinear by visual class; Android ETC2 override","Potential pixel sprite is not Point filtered; Android override disabled; Max Size greatly exceeds source dimensions"
"Assets/_Project/Prefabs/Bullets/17.png","242x138","Sprite","Multiple",11700,133584,True,False,False,"Bilinear","Clamp",100,2048,"Compressed",False,"AutomaticCompressed",50,False,"","Mipmaps off; Read/Write off; Clamp; preserve Point/Bilinear by visual class; Android ETC2 override","Potential pixel sprite is not Point filtered; Android override disabled; Max Size greatly exceeds source dimensions"
"Assets/_Project/Prefabs/Bullets/18.png","240x138","Sprite","Multiple",11519,132480,True,False,False,"Bilinear","Clamp",100,2048,"Compressed",False,"AutomaticCompressed",50,False,"","Mipmaps off; Read/Write off; Clamp; preserve Point/Bilinear by visual class; Android ETC2 override","Potential pixel sprite is not Point filtered; Android override disabled; Max Size greatly exceeds source dimensions"
"Assets/_Project/Prefabs/Bullets/19.png","246x142","Sprite","Multiple",13549,139728,True,False,False,"Bilinear","Clamp",100,2048,"Compressed",False,"AutomaticCompressed",50,False,"","Mipmaps off; Read/Write off; Clamp; preserve Point/Bilinear by visual class; Android ETC2 override","Potential pixel sprite is not Point filtered; Android override disabled; Max Size greatly exceeds source dimensions"
"Assets/_Project/Prefabs/Bullets/20.png","237x136","Sprite","Multiple",9973,128928,True,False,False,"Bilinear","Clamp",100,2048,"Compressed",False,"AutomaticCompressed",50,False,"","Mipmaps off; Read/Write off; Clamp; preserve Point/Bilinear by visual class; Android ETC2 override","Potential pixel sprite is not Point filtered; Android override disabled; Max Size greatly exceeds source dimensions"
"Assets/_Project/Prefabs/Bullets/21.png","210x92","Sprite","Multiple",13364,77280,True,False,False,"Bilinear","Clamp",100,2048,"Compressed",False,"AutomaticCompressed",50,False,"","Mipmaps off; Read/Write off; Clamp; preserve Point/Bilinear by visual class; Android ETC2 override","Potential pixel sprite is not Point filtered; Android override disabled; Max Size greatly exceeds source dimensions"
"Assets/_Project/Prefabs/Bullets/22.png","211x92","Sprite","Multiple",12781,77648,True,False,False,"Bilinear","Clamp",100,2048,"Compressed",False,"AutomaticCompressed",50,False,"","Mipmaps off; Read/Write off; Clamp; preserve Point/Bilinear by visual class; Android ETC2 override","Potential pixel sprite is not Point filtered; Android override disabled; Max Size greatly exceeds source dimensions"
"Assets/_Project/Prefabs/Bullets/23.png","212x92","Sprite","Multiple",14550,78016,True,False,False,"Bilinear","Clamp",100,2048,"Compressed",False,"AutomaticCompressed",50,False,"","Mipmaps off; Read/Write off; Clamp; preserve Point/Bilinear by visual class; Android ETC2 override","Potential pixel sprite is not Point filtered; Android override disabled; Max Size greatly exceeds source dimensions"
"Assets/_Project/Prefabs/Bullets/24.png","211x92","Sprite","Multiple",12939,77648,True,False,False,"Bilinear","Clamp",100,2048,"Compressed",False,"AutomaticCompressed",50,False,"","Mipmaps off; Read/Write off; Clamp; preserve Point/Bilinear by visual class; Android ETC2 override","Potential pixel sprite is not Point filtered; Android override disabled; Max Size greatly exceeds source dimensions"
"Assets/_Project/Prefabs/Bullets/25.png","210x90","Sprite","Multiple",12584,75600,True,False,False,"Bilinear","Clamp",100,2048,"Compressed",False,"AutomaticCompressed",50,False,"","Mipmaps off; Read/Write off; Clamp; preserve Point/Bilinear by visual class; Android ETC2 override","Potential pixel sprite is not Point filtered; Android override disabled; Max Size greatly exceeds source dimensions"
"Assets/_Project/Prefabs/Bullets/26.png","210x91","Sprite","Multiple",10287,76440,True,False,False,"Bilinear","Clamp",100,2048,"Compressed",False,"AutomaticCompressed",50,False,"","Mipmaps off; Read/Write off; Clamp; preserve Point/Bilinear by visual class; Android ETC2 override","Potential pixel sprite is not Point filtered; Android override disabled; Max Size greatly exceeds source dimensions"
"Assets/_Project/Prefabs/Bullets/27.png","209x90","Sprite","Multiple",11595,75240,True,False,False,"Bilinear","Clamp",100,2048,"Compressed",False,"AutomaticCompressed",50,False,"","Mipmaps off; Read/Write off; Clamp; preserve Point/Bilinear by visual class; Android ETC2 override","Potential pixel sprite is not Point filtered; Android override disabled; Max Size greatly exceeds source dimensions"
"Assets/_Project/Prefabs/Bullets/28.png","210x92","Sprite","Multiple",13624,77280,True,False,False,"Bilinear","Clamp",100,2048,"Compressed",False,"AutomaticCompressed",50,False,"","Mipmaps off; Read/Write off; Clamp; preserve Point/Bilinear by visual class; Android ETC2 override","Potential pixel sprite is not Point filtered; Android override disabled; Max Size greatly exceeds source dimensions"
"Assets/_Project/Prefabs/Bullets/29.png","208x89","Sprite","Multiple",9618,74048,True,False,False,"Bilinear","Clamp",100,2048,"Compressed",False,"AutomaticCompressed",50,False,"","Mipmaps off; Read/Write off; Clamp; preserve Point/Bilinear by visual class; Android ETC2 override","Potential pixel sprite is not Point filtered; Android override disabled; Max Size greatly exceeds source dimensions"
"Assets/_Project/Prefabs/Bullets/30.png","317x239","Sprite","Multiple",50630,303052,True,False,False,"Bilinear","Clamp",100,2048,"Compressed",False,"AutomaticCompressed",50,False,"","Mipmaps off; Read/Write off; Clamp; preserve Point/Bilinear by visual class; Android ETC2 override","Potential pixel sprite is not Point filtered; Android override disabled; Max Size greatly exceeds source dimensions"
"Assets/_Project/Prefabs/Bullets/31.png","321x241","Sprite","Multiple",52470,309444,True,False,False,"Bilinear","Clamp",100,2048,"Compressed",False,"AutomaticCompressed",50,False,"","Mipmaps off; Read/Write off; Clamp; preserve Point/Bilinear by visual class; Android ETC2 override","Potential pixel sprite is not Point filtered; Android override disabled; Max Size greatly exceeds source dimensions"
"Assets/_Project/Prefabs/Bullets/32.png","323x242","Sprite","Multiple",53187,312664,True,False,False,"Bilinear","Clamp",100,2048,"Compressed",False,"AutomaticCompressed",50,False,"","Mipmaps off; Read/Write off; Clamp; preserve Point/Bilinear by visual class; Android ETC2 override","Potential pixel sprite is not Point filtered; Android override disabled; Max Size greatly exceeds source dimensions"
"Assets/_Project/Prefabs/Bullets/33.png","325x238","Sprite","Multiple",41704,309400,True,False,False,"Bilinear","Clamp",100,2048,"Compressed",False,"AutomaticCompressed",50,False,"","Mipmaps off; Read/Write off; Clamp; preserve Point/Bilinear by visual class; Android ETC2 override","Potential pixel sprite is not Point filtered; Android override disabled; Max Size greatly exceeds source dimensions"
"Assets/_Project/Prefabs/Bullets/34.png","283x212","Sprite","Multiple",34970,239984,True,False,False,"Bilinear","Clamp",100,2048,"Compressed",False,"AutomaticCompressed",50,False,"","Mipmaps off; Read/Write off; Clamp; preserve Point/Bilinear by visual class; Android ETC2 override","Potential pixel sprite is not Point filtered; Android override disabled; Max Size greatly exceeds source dimensions"
"Assets/_Project/Prefabs/Bullets/35.png","283x220","Sprite","Multiple",33834,249040,True,False,False,"Bilinear","Clamp",100,2048,"Compressed",False,"AutomaticCompressed",50,False,"","Mipmaps off; Read/Write off; Clamp; preserve Point/Bilinear by visual class; Android ETC2 override","Potential pixel sprite is not Point filtered; Android override disabled; Max Size greatly exceeds source dimensions"
"Assets/_Project/Prefabs/Bullets/36.png","273x217","Sprite","Multiple",33560,236964,True,False,False,"Bilinear","Clamp",100,2048,"Compressed",False,"AutomaticCompressed",50,False,"","Mipmaps off; Read/Write off; Clamp; preserve Point/Bilinear by visual class; Android ETC2 override","Potential pixel sprite is not Point filtered; Android override disabled; Max Size greatly exceeds source dimensions"
"Assets/_Project/Prefabs/Bullets/37.png","288x223","Sprite","Multiple",37964,256896,True,False,False,"Bilinear","Clamp",100,2048,"Compressed",False,"AutomaticCompressed",50,False,"","Mipmaps off; Read/Write off; Clamp; preserve Point/Bilinear by visual class; Android ETC2 override","Potential pixel sprite is not Point filtered; Android override disabled; Max Size greatly exceeds source dimensions"
"Assets/_Project/Prefabs/Bullets/38.png","266x199","Sprite","Multiple",23068,211736,True,False,False,"Bilinear","Clamp",100,2048,"Compressed",False,"AutomaticCompressed",50,False,"","Mipmaps off; Read/Write off; Clamp; preserve Point/Bilinear by visual class; Android ETC2 override","Potential pixel sprite is not Point filtered; Android override disabled; Max Size greatly exceeds source dimensions"
"Assets/_Project/Prefabs/Bullets/39.png","256x156","Sprite","Multiple",21336,159744,True,False,False,"Bilinear","Clamp",100,2048,"Compressed",False,"AutomaticCompressed",50,False,"","Mipmaps off; Read/Write off; Clamp; preserve Point/Bilinear by visual class; Android ETC2 override","Potential pixel sprite is not Point filtered; Android override disabled; Max Size greatly exceeds source dimensions"
"Assets/_Project/Prefabs/Bullets/40.png","263x158","Sprite","Multiple",24704,166216,True,False,False,"Bilinear","Clamp",100,2048,"Compressed",False,"AutomaticCompressed",50,False,"","Mipmaps off; Read/Write off; Clamp; preserve Point/Bilinear by visual class; Android ETC2 override","Potential pixel sprite is not Point filtered; Android override disabled; Max Size greatly exceeds source dimensions"
"Assets/_Project/Prefabs/Bullets/41.png","257x156","Sprite","Multiple",20594,160368,True,False,False,"Bilinear","Clamp",100,2048,"Compressed",False,"AutomaticCompressed",50,False,"","Mipmaps off; Read/Write off; Clamp; preserve Point/Bilinear by visual class; Android ETC2 override","Potential pixel sprite is not Point filtered; Android override disabled; Max Size greatly exceeds source dimensions"
"Assets/_Project/Prefabs/Bullets/42.png","258x158","Sprite","Multiple",20148,163056,True,False,False,"Bilinear","Clamp",100,2048,"Compressed",False,"AutomaticCompressed",50,False,"","Mipmaps off; Read/Write off; Clamp; preserve Point/Bilinear by visual class; Android ETC2 override","Potential pixel sprite is not Point filtered; Android override disabled; Max Size greatly exceeds source dimensions"
"Assets/_Project/Prefabs/Bullets/43.png","249x150","Sprite","Multiple",16505,149400,True,False,False,"Bilinear","Clamp",100,2048,"Compressed",False,"AutomaticCompressed",50,False,"","Mipmaps off; Read/Write off; Clamp; preserve Point/Bilinear by visual class; Android ETC2 override","Potential pixel sprite is not Point filtered; Android override disabled; Max Size greatly exceeds source dimensions"
"Assets/_Project/Prefabs/Bullets/44.png","251x152","Sprite","Multiple",17755,152608,True,False,False,"Bilinear","Clamp",100,2048,"Compressed",False,"AutomaticCompressed",50,False,"","Mipmaps off; Read/Write off; Clamp; preserve Point/Bilinear by visual class; Android ETC2 override","Potential pixel sprite is not Point filtered; Android override disabled; Max Size greatly exceeds source dimensions"
"Assets/_Project/Prefabs/Bullets/45.png","248x150","Sprite","Multiple",18430,148800,True,False,False,"Bilinear","Clamp",100,2048,"Compressed",False,"AutomaticCompressed",50,False,"","Mipmaps off; Read/Write off; Clamp; preserve Point/Bilinear by visual class; Android ETC2 override","Potential pixel sprite is not Point filtered; Android override disabled; Max Size greatly exceeds source dimensions"
"Assets/_Project/Prefabs/Bullets/46.png","253x154","Sprite","Multiple",19109,155848,True,False,False,"Bilinear","Clamp",100,2048,"Compressed",False,"AutomaticCompressed",50,False,"","Mipmaps off; Read/Write off; Clamp; preserve Point/Bilinear by visual class; Android ETC2 override","Potential pixel sprite is not Point filtered; Android override disabled; Max Size greatly exceeds source dimensions"
"Assets/_Project/Prefabs/Bullets/47.png","243x146","Sprite","Multiple",14609,141912,True,False,False,"Bilinear","Clamp",100,2048,"Compressed",False,"AutomaticCompressed",50,False,"","Mipmaps off; Read/Write off; Clamp; preserve Point/Bilinear by visual class; Android ETC2 override","Potential pixel sprite is not Point filtered; Android override disabled; Max Size greatly exceeds source dimensions"
"Assets/_Project/Prefabs/Bullets/48.png","231x132","Sprite","Multiple",25812,121968,True,False,False,"Bilinear","Clamp",100,2048,"Compressed",False,"AutomaticCompressed",50,False,"","Mipmaps off; Read/Write off; Clamp; preserve Point/Bilinear by visual class; Android ETC2 override","Potential pixel sprite is not Point filtered; Android override disabled; Max Size greatly exceeds source dimensions"
"Assets/_Project/Prefabs/Bullets/49.png","231x132","Sprite","Multiple",11207,121968,True,False,False,"Bilinear","Clamp",100,2048,"Compressed",False,"AutomaticCompressed",50,False,"","Mipmaps off; Read/Write off; Clamp; preserve Point/Bilinear by visual class; Android ETC2 override","Potential pixel sprite is not Point filtered; Android override disabled; Max Size greatly exceeds source dimensions"
"Assets/_Project/Prefabs/Bullets/50.png","231x132","Sprite","Multiple",10992,121968,True,False,False,"Bilinear","Clamp",100,2048,"Compressed",False,"AutomaticCompressed",50,False,"","Mipmaps off; Read/Write off; Clamp; preserve Point/Bilinear by visual class; Android ETC2 override","Potential pixel sprite is not Point filtered; Android override disabled; Max Size greatly exceeds source dimensions"
"Assets/_Project/Prefabs/Bullets/51.png","231x132","Sprite","Multiple",11183,121968,True,False,False,"Bilinear","Clamp",100,2048,"Compressed",False,"AutomaticCompressed",50,False,"","Mipmaps off; Read/Write off; Clamp; preserve Point/Bilinear by visual class; Android ETC2 override","Potential pixel sprite is not Point filtered; Android override disabled; Max Size greatly exceeds source dimensions"
"Assets/_Project/Prefabs/Bullets/52.png","231x132","Sprite","Multiple",10980,121968,True,False,False,"Bilinear","Clamp",100,2048,"Compressed",False,"AutomaticCompressed",50,False,"","Mipmaps off; Read/Write off; Clamp; preserve Point/Bilinear by visual class; Android ETC2 override","Potential pixel sprite is not Point filtered; Android override disabled; Max Size greatly exceeds source dimensions"
"Assets/_Project/Prefabs/Bullets/53.png","231x132","Sprite","Multiple",11187,121968,True,False,False,"Bilinear","Clamp",100,2048,"Compressed",False,"AutomaticCompressed",50,False,"","Mipmaps off; Read/Write off; Clamp; preserve Point/Bilinear by visual class; Android ETC2 override","Potential pixel sprite is not Point filtered; Android override disabled; Max Size greatly exceeds source dimensions"
"Assets/_Project/Prefabs/Bullets/54.png","231x132","Sprite","Multiple",10654,121968,True,False,False,"Bilinear","Clamp",100,2048,"Compressed",False,"AutomaticCompressed",50,False,"","Mipmaps off; Read/Write off; Clamp; preserve Point/Bilinear by visual class; Android ETC2 override","Potential pixel sprite is not Point filtered; Android override disabled; Max Size greatly exceeds source dimensions"
"Assets/_Project/Prefabs/Bullets/55.png","233x134","Sprite","Multiple",33984,124888,True,False,False,"Bilinear","Clamp",100,2048,"Compressed",False,"AutomaticCompressed",50,False,"","Mipmaps off; Read/Write off; Clamp; preserve Point/Bilinear by visual class; Android ETC2 override","Potential pixel sprite is not Point filtered; Android override disabled; Max Size greatly exceeds source dimensions"
"Assets/_Project/Prefabs/Bullets/56.png","233x134","Sprite","Multiple",34786,124888,True,False,False,"Bilinear","Clamp",100,2048,"Compressed",False,"AutomaticCompressed",50,False,"","Mipmaps off; Read/Write off; Clamp; preserve Point/Bilinear by visual class; Android ETC2 override","Potential pixel sprite is not Point filtered; Android override disabled; Max Size greatly exceeds source dimensions"
"Assets/_Project/Prefabs/Bullets/57.png","233x134","Sprite","Multiple",35071,124888,True,False,False,"Bilinear","Clamp",100,2048,"Compressed",False,"AutomaticCompressed",50,False,"","Mipmaps off; Read/Write off; Clamp; preserve Point/Bilinear by visual class; Android ETC2 override","Potential pixel sprite is not Point filtered; Android override disabled; Max Size greatly exceeds source dimensions"
"Assets/_Project/Prefabs/Bullets/58.png","233x134","Sprite","Multiple",34581,124888,True,False,False,"Bilinear","Clamp",100,2048,"Compressed",False,"AutomaticCompressed",50,False,"","Mipmaps off; Read/Write off; Clamp; preserve Point/Bilinear by visual class; Android ETC2 override","Potential pixel sprite is not Point filtered; Android override disabled; Max Size greatly exceeds source dimensions"
"Assets/_Project/Prefabs/Bullets/59.png","233x134","Sprite","Multiple",34879,124888,True,False,False,"Bilinear","Clamp",100,2048,"Compressed",False,"AutomaticCompressed",50,False,"","Mipmaps off; Read/Write off; Clamp; preserve Point/Bilinear by visual class; Android ETC2 override","Potential pixel sprite is not Point filtered; Android override disabled; Max Size greatly exceeds source dimensions"
"Assets/_Project/Prefabs/Bullets/60.png","233x134","Sprite","Multiple",35014,124888,True,False,False,"Bilinear","Clamp",100,2048,"Compressed",False,"AutomaticCompressed",50,False,"","Mipmaps off; Read/Write off; Clamp; preserve Point/Bilinear by visual class; Android ETC2 override","Potential pixel sprite is not Point filtered; Android override disabled; Max Size greatly exceeds source dimensions"
"Assets/_Project/Prefabs/Bullets/61.png","233x134","Sprite","Multiple",34020,124888,True,False,False,"Bilinear","Clamp",100,2048,"Compressed",False,"AutomaticCompressed",50,False,"","Mipmaps off; Read/Write off; Clamp; preserve Point/Bilinear by visual class; Android ETC2 override","Potential pixel sprite is not Point filtered; Android override disabled; Max Size greatly exceeds source dimensions"
"Assets/_Project/Prefabs/Bullets/62.png","233x134","Sprite","Multiple",34864,124888,True,False,False,"Bilinear","Clamp",100,2048,"Compressed",False,"AutomaticCompressed",50,False,"","Mipmaps off; Read/Write off; Clamp; preserve Point/Bilinear by visual class; Android ETC2 override","Potential pixel sprite is not Point filtered; Android override disabled; Max Size greatly exceeds source dimensions"
"Assets/_Project/Prefabs/Bullets/63.png","233x134","Sprite","Multiple",34729,124888,True,False,False,"Bilinear","Clamp",100,2048,"Compressed",False,"AutomaticCompressed",50,False,"","Mipmaps off; Read/Write off; Clamp; preserve Point/Bilinear by visual class; Android ETC2 override","Potential pixel sprite is not Point filtered; Android override disabled; Max Size greatly exceeds source dimensions"
"Assets/_Project/Prefabs/Bullets/64.png","233x134","Sprite","Multiple",22685,124888,True,False,False,"Bilinear","Clamp",100,2048,"Compressed",False,"AutomaticCompressed",50,False,"","Mipmaps off; Read/Write off; Clamp; preserve Point/Bilinear by visual class; Android ETC2 override","Potential pixel sprite is not Point filtered; Android override disabled; Max Size greatly exceeds source dimensions"
"Assets/_Project/Prefabs/Bullets/65.png","233x134","Sprite","Multiple",24327,124888,True,False,False,"Bilinear","Clamp",100,2048,"Compressed",False,"AutomaticCompressed",50,False,"","Mipmaps off; Read/Write off; Clamp; preserve Point/Bilinear by visual class; Android ETC2 override","Potential pixel sprite is not Point filtered; Android override disabled; Max Size greatly exceeds source dimensions"
"Assets/_Project/Prefabs/Bullets/66.png","233x134","Sprite","Multiple",24131,124888,True,False,False,"Bilinear","Clamp",100,2048,"Compressed",False,"AutomaticCompressed",50,False,"","Mipmaps off; Read/Write off; Clamp; preserve Point/Bilinear by visual class; Android ETC2 override","Potential pixel sprite is not Point filtered; Android override disabled; Max Size greatly exceeds source dimensions"
"Assets/_Project/Prefabs/Character/Girl-Sheet.png","1056x24","Sprite","Multiple",8920,101376,True,False,False,"Point","Clamp",100,2048,"Compressed",True,"AutomaticCompressed",50,False,"","Mipmaps off; Read/Write off; Clamp; preserve Point/Bilinear by visual class; Android ETC2 override",""
"Assets/_Project/Prefabs/Enemies/ChomBombs (full) v1.1/ChomBombs/Chomb ALL No Shadow/Chomb_noShadow1.png","224x512","Sprite","Multiple",14067,458752,True,False,False,"Bilinear","Clamp",100,2048,"Compressed",False,"AutomaticCompressed",50,False,"","Mipmaps off; Read/Write off; Clamp; preserve Point/Bilinear by visual class; Android ETC2 override","Potential pixel sprite is not Point filtered; Android override disabled; Max Size greatly exceeds source dimensions"
"Assets/_Project/Prefabs/Enemies/ChomBombs (full) v1.1/ChomBombs/Chomb ALL No Shadow/Chomb_noShadow2.png","224x512","Sprite","Multiple",14554,458752,True,False,False,"Bilinear","Clamp",100,2048,"Compressed",False,"AutomaticCompressed",50,False,"","Mipmaps off; Read/Write off; Clamp; preserve Point/Bilinear by visual class; Android ETC2 override","Potential pixel sprite is not Point filtered; Android override disabled; Max Size greatly exceeds source dimensions"
"Assets/_Project/Prefabs/Enemies/ChomBombs (full) v1.1/ChomBombs/Chomb ALL No Shadow/Chomb_noShadow3.png","224x512","Sprite","Multiple",13733,458752,True,False,False,"Bilinear","Clamp",100,2048,"Compressed",False,"AutomaticCompressed",50,False,"","Mipmaps off; Read/Write off; Clamp; preserve Point/Bilinear by visual class; Android ETC2 override","Potential pixel sprite is not Point filtered; Android override disabled; Max Size greatly exceeds source dimensions"
"Assets/_Project/Prefabs/Enemies/ChomBombs (full) v1.1/ChomBombs/Chomb ALL No Shadow/Chomb_noShadow4.png","224x512","Sprite","Multiple",14318,458752,True,False,False,"Bilinear","Clamp",100,2048,"Compressed",False,"AutomaticCompressed",50,False,"","Mipmaps off; Read/Write off; Clamp; preserve Point/Bilinear by visual class; Android ETC2 override","Potential pixel sprite is not Point filtered; Android override disabled; Max Size greatly exceeds source dimensions"
"Assets/_Project/Prefabs/Enemies/ChomBombs (full) v1.1/ChomBombs/Chomb All/Chomb1.png","224x512","Sprite","Multiple",14916,458752,True,False,False,"Bilinear","Clamp",100,2048,"Compressed",False,"AutomaticCompressed",50,False,"","Mipmaps off; Read/Write off; Clamp; preserve Point/Bilinear by visual class; Android ETC2 override","Potential pixel sprite is not Point filtered; Android override disabled; Max Size greatly exceeds source dimensions"
"Assets/_Project/Prefabs/Enemies/ChomBombs (full) v1.1/ChomBombs/Chomb All/Chomb2.png","224x512","Sprite","Multiple",15269,458752,True,False,False,"Bilinear","Clamp",100,2048,"Compressed",False,"AutomaticCompressed",50,False,"","Mipmaps off; Read/Write off; Clamp; preserve Point/Bilinear by visual class; Android ETC2 override","Potential pixel sprite is not Point filtered; Android override disabled; Max Size greatly exceeds source dimensions"
"Assets/_Project/Prefabs/Enemies/ChomBombs (full) v1.1/ChomBombs/Chomb All/Chomb3.png","224x512","Sprite","Multiple",14710,458752,True,False,False,"Bilinear","Clamp",100,2048,"Compressed",False,"AutomaticCompressed",50,False,"","Mipmaps off; Read/Write off; Clamp; preserve Point/Bilinear by visual class; Android ETC2 override","Potential pixel sprite is not Point filtered; Android override disabled; Max Size greatly exceeds source dimensions"
"Assets/_Project/Prefabs/Enemies/ChomBombs (full) v1.1/ChomBombs/Chomb All/Chomb4.png","224x512","Sprite","Multiple",14870,458752,True,False,False,"Bilinear","Clamp",100,2048,"Compressed",False,"AutomaticCompressed",50,False,"","Mipmaps off; Read/Write off; Clamp; preserve Point/Bilinear by visual class; Android ETC2 override","Potential pixel sprite is not Point filtered; Android override disabled; Max Size greatly exceeds source dimensions"
"Assets/_Project/Prefabs/Enemies/ChomBombs (full) v1.1/ChomBombs/Chomb individual/chomb_boom.png","224x96","Sprite","Multiple",3311,86016,True,False,False,"Bilinear","Clamp",100,2048,"Compressed",False,"AutomaticCompressed",50,False,"","Mipmaps off; Read/Write off; Clamp; preserve Point/Bilinear by visual class; Android ETC2 override","Potential pixel sprite is not Point filtered; Android override disabled; Max Size greatly exceeds source dimensions"
"Assets/_Project/Prefabs/Enemies/ChomBombs (full) v1.1/ChomBombs/Chomb individual/chomb_hurt.png","128x96","Sprite","Multiple",3522,49152,True,False,False,"Bilinear","Clamp",100,2048,"Compressed",False,"AutomaticCompressed",50,False,"","Mipmaps off; Read/Write off; Clamp; preserve Point/Bilinear by visual class; Android ETC2 override","Potential pixel sprite is not Point filtered; Android override disabled; Max Size greatly exceeds source dimensions"
"Assets/_Project/Prefabs/Enemies/ChomBombs (full) v1.1/ChomBombs/Chomb individual/chomb_walk.png","192x96","Sprite","Multiple",3766,73728,True,False,False,"Bilinear","Clamp",100,2048,"Compressed",False,"AutomaticCompressed",50,False,"","Mipmaps off; Read/Write off; Clamp; preserve Point/Bilinear by visual class; Android ETC2 override","Potential pixel sprite is not Point filtered; Android override disabled; Max Size greatly exceeds source dimensions"
"Assets/_Project/Prefabs/Enemies/ChomBombs (full) v1.1/ChomBombs/Chomb individual/chomp_idle.png","128x96","Sprite","Multiple",2651,49152,True,False,False,"Bilinear","Clamp",100,2048,"Compressed",False,"AutomaticCompressed",50,False,"","Mipmaps off; Read/Write off; Clamp; preserve Point/Bilinear by visual class; Android ETC2 override","Potential pixel sprite is not Point filtered; Android override disabled; Max Size greatly exceeds source dimensions"
"Assets/_Project/Prefabs/Enemies/ChomBombs (full) v1.1/ChomBombs/Chomb individual/explodeFx.png","192x32","Sprite","Multiple",1962,24576,True,False,False,"Bilinear","Clamp",100,2048,"Compressed",False,"AutomaticCompressed",50,False,"","Mipmaps off; Read/Write off; Clamp; preserve Point/Bilinear by visual class; Android ETC2 override","Potential pixel sprite is not Point filtered; Android override disabled; Max Size greatly exceeds source dimensions"
"Assets/_Project/Prefabs/Enemies/Slime/PSD/Slime1/Slime1_Attack.psd","640x256","Sprite","Multiple",214542,655360,False,False,False,"Bilinear","Clamp",100,2048,"Compressed",False,"AutomaticCompressed",50,False,"","Mipmaps off; Read/Write off; Clamp; preserve Point/Bilinear by visual class; Android ETC2 override","Potential pixel sprite is not Point filtered; Android override disabled; Max Size greatly exceeds source dimensions"
"Assets/_Project/Prefabs/Enemies/Slime/PSD/Slime1/Slime1_Death.psd","640x256","Sprite","Multiple",192628,655360,False,False,False,"Bilinear","Clamp",100,2048,"Compressed",False,"AutomaticCompressed",50,False,"","Mipmaps off; Read/Write off; Clamp; preserve Point/Bilinear by visual class; Android ETC2 override","Potential pixel sprite is not Point filtered; Android override disabled; Max Size greatly exceeds source dimensions"
"Assets/_Project/Prefabs/Enemies/Slime/PSD/Slime1/Slime1_Hurt.psd","320x256","Sprite","Multiple",120515,327680,False,False,False,"Bilinear","Clamp",100,2048,"Compressed",False,"AutomaticCompressed",50,False,"","Mipmaps off; Read/Write off; Clamp; preserve Point/Bilinear by visual class; Android ETC2 override","Potential pixel sprite is not Point filtered; Android override disabled; Max Size greatly exceeds source dimensions"
"Assets/_Project/Prefabs/Enemies/Slime/PSD/Slime1/Slime1_Idle.psd","384x256","Sprite","Multiple",129236,393216,False,False,False,"Bilinear","Clamp",100,2048,"Compressed",False,"AutomaticCompressed",50,False,"","Mipmaps off; Read/Write off; Clamp; preserve Point/Bilinear by visual class; Android ETC2 override","Potential pixel sprite is not Point filtered; Android override disabled; Max Size greatly exceeds source dimensions"
"Assets/_Project/Prefabs/Enemies/Slime/PSD/Slime1/Slime1_Run.psd","512x256","Sprite","Multiple",159746,524288,False,False,False,"Bilinear","Clamp",100,2048,"Compressed",False,"AutomaticCompressed",50,False,"","Mipmaps off; Read/Write off; Clamp; preserve Point/Bilinear by visual class; Android ETC2 override","Potential pixel sprite is not Point filtered; Android override disabled; Max Size greatly exceeds source dimensions"
"Assets/_Project/Prefabs/Enemies/Slime/PSD/Slime1/Slime1_Walk.psd","512x256","Sprite","Multiple",156329,524288,False,False,False,"Bilinear","Clamp",100,2048,"Compressed",False,"AutomaticCompressed",50,False,"","Mipmaps off; Read/Write off; Clamp; preserve Point/Bilinear by visual class; Android ETC2 override","Potential pixel sprite is not Point filtered; Android override disabled; Max Size greatly exceeds source dimensions"
"Assets/_Project/Prefabs/Enemies/Slime/PSD/Slime2/Slime2_Attack.psd","704x256","Sprite","Multiple",296726,720896,True,False,False,"Bilinear","Clamp",100,2048,"Compressed",False,"AutomaticCompressed",50,False,"","Mipmaps off; Read/Write off; Clamp; preserve Point/Bilinear by visual class; Android ETC2 override","Potential pixel sprite is not Point filtered; Android override disabled; Max Size greatly exceeds source dimensions"
"Assets/_Project/Prefabs/Enemies/Slime/PSD/Slime2/Slime2_Death.psd","640x256","Sprite","Multiple",261891,655360,False,False,False,"Bilinear","Clamp",100,2048,"Compressed",False,"AutomaticCompressed",50,False,"","Mipmaps off; Read/Write off; Clamp; preserve Point/Bilinear by visual class; Android ETC2 override","Potential pixel sprite is not Point filtered; Android override disabled; Max Size greatly exceeds source dimensions"
"Assets/_Project/Prefabs/Enemies/Slime/PSD/Slime2/Slime2_Hurt.psd","320x256","Sprite","Multiple",155947,327680,False,False,False,"Bilinear","Clamp",100,2048,"Compressed",False,"AutomaticCompressed",50,False,"","Mipmaps off; Read/Write off; Clamp; preserve Point/Bilinear by visual class; Android ETC2 override","Potential pixel sprite is not Point filtered; Android override disabled; Max Size greatly exceeds source dimensions"
"Assets/_Project/Prefabs/Enemies/Slime/PSD/Slime2/Slime2_Idle.psd","384x256","Sprite","Multiple",164459,393216,False,False,False,"Bilinear","Clamp",100,2048,"Compressed",False,"AutomaticCompressed",50,False,"","Mipmaps off; Read/Write off; Clamp; preserve Point/Bilinear by visual class; Android ETC2 override","Potential pixel sprite is not Point filtered; Android override disabled; Max Size greatly exceeds source dimensions"
"Assets/_Project/Prefabs/Enemies/Slime/PSD/Slime2/Slime2_Run.psd","512x256","Sprite","Multiple",210926,524288,False,False,False,"Bilinear","Clamp",100,2048,"Compressed",False,"AutomaticCompressed",50,False,"","Mipmaps off; Read/Write off; Clamp; preserve Point/Bilinear by visual class; Android ETC2 override","Potential pixel sprite is not Point filtered; Android override disabled; Max Size greatly exceeds source dimensions"
"Assets/_Project/Prefabs/Enemies/Slime/PSD/Slime2/Slime2_Walk.psd","512x256","Sprite","Multiple",207166,524288,False,False,False,"Bilinear","Clamp",100,2048,"Compressed",False,"AutomaticCompressed",50,False,"","Mipmaps off; Read/Write off; Clamp; preserve Point/Bilinear by visual class; Android ETC2 override","Potential pixel sprite is not Point filtered; Android override disabled; Max Size greatly exceeds source dimensions"
"Assets/_Project/Prefabs/Enemies/Slime/PSD/Slime3/Slime3_Attack.psd","576x256","Sprite","Multiple",427439,589824,False,False,False,"Bilinear","Clamp",100,2048,"Compressed",False,"AutomaticCompressed",50,False,"","Mipmaps off; Read/Write off; Clamp; preserve Point/Bilinear by visual class; Android ETC2 override","Potential pixel sprite is not Point filtered; Android override disabled; Max Size greatly exceeds source dimensions"
"Assets/_Project/Prefabs/Enemies/Slime/PSD/Slime3/Slime3_Death.psd","640x256","Sprite","Multiple",296461,655360,False,False,False,"Bilinear","Clamp",100,2048,"Compressed",False,"AutomaticCompressed",50,False,"","Mipmaps off; Read/Write off; Clamp; preserve Point/Bilinear by visual class; Android ETC2 override","Potential pixel sprite is not Point filtered; Android override disabled; Max Size greatly exceeds source dimensions"
"Assets/_Project/Prefabs/Enemies/Slime/PSD/Slime3/Slime3_Hurt.psd","320x256","Sprite","Multiple",171136,327680,False,False,False,"Bilinear","Clamp",100,2048,"Compressed",False,"AutomaticCompressed",50,False,"","Mipmaps off; Read/Write off; Clamp; preserve Point/Bilinear by visual class; Android ETC2 override","Potential pixel sprite is not Point filtered; Android override disabled; Max Size greatly exceeds source dimensions"
"Assets/_Project/Prefabs/Enemies/Slime/PSD/Slime3/Slime3_Idle.psd","384x256","Sprite","Multiple",179572,393216,False,False,False,"Bilinear","Clamp",100,2048,"Compressed",False,"AutomaticCompressed",50,False,"","Mipmaps off; Read/Write off; Clamp; preserve Point/Bilinear by visual class; Android ETC2 override","Potential pixel sprite is not Point filtered; Android override disabled; Max Size greatly exceeds source dimensions"
"Assets/_Project/Prefabs/Enemies/Slime/PSD/Slime3/Slime3_Run.psd","512x256","Sprite","Multiple",234711,524288,False,False,False,"Bilinear","Clamp",100,2048,"Compressed",False,"AutomaticCompressed",50,False,"","Mipmaps off; Read/Write off; Clamp; preserve Point/Bilinear by visual class; Android ETC2 override","Potential pixel sprite is not Point filtered; Android override disabled; Max Size greatly exceeds source dimensions"
"Assets/_Project/Prefabs/Enemies/Slime/PSD/Slime3/Slime3_Walk.psd","512x256","Sprite","Multiple",224880,524288,False,False,False,"Bilinear","Clamp",100,2048,"Compressed",False,"AutomaticCompressed",50,False,"","Mipmaps off; Read/Write off; Clamp; preserve Point/Bilinear by visual class; Android ETC2 override","Potential pixel sprite is not Point filtered; Android override disabled; Max Size greatly exceeds source dimensions"
"Assets/_Project/Prefabs/Enemies/Vomfy/VomfyAll/Extras/fx fire.png","192x96","Sprite","Multiple",1385,73728,True,False,False,"Bilinear","Clamp",100,2048,"Compressed",False,"AutomaticCompressed",50,False,"","Mipmaps off; Read/Write off; Clamp; preserve Point/Bilinear by visual class; Android ETC2 override","Potential pixel sprite is not Point filtered; Android override disabled; Max Size greatly exceeds source dimensions"
"Assets/_Project/Prefabs/Enemies/Vomfy/VomfyAll/Extras/fx Rainbow.png","192x96","Sprite","Multiple",2510,73728,True,False,False,"Bilinear","Clamp",100,2048,"Compressed",False,"AutomaticCompressed",50,False,"","Mipmaps off; Read/Write off; Clamp; preserve Point/Bilinear by visual class; Android ETC2 override","Potential pixel sprite is not Point filtered; Android override disabled; Max Size greatly exceeds source dimensions"
"Assets/_Project/Prefabs/Enemies/Vomfy/VomfyAll/Extras/fx rainbowbeam.png","192x96","Sprite","Multiple",4216,73728,True,False,False,"Point","Clamp",100,2048,"Compressed",False,"AutomaticCompressed",50,False,"","Mipmaps off; Read/Write off; Clamp; preserve Point/Bilinear by visual class; Android ETC2 override","Android override disabled; Max Size greatly exceeds source dimensions"
"Assets/_Project/Prefabs/Enemies/Vomfy/VomfyAll/NoShadow/all_Vomfy_NoShadow1.png","512x512","Sprite","Multiple",29867,1048576,True,False,False,"Bilinear","Clamp",100,2048,"Compressed",False,"AutomaticCompressed",50,False,"","Mipmaps off; Read/Write off; Clamp; preserve Point/Bilinear by visual class; Android ETC2 override","Potential pixel sprite is not Point filtered; Android override disabled; Max Size greatly exceeds source dimensions"
"Assets/_Project/Prefabs/Enemies/Vomfy/VomfyAll/NoShadow/all_Vomfy_NoShadow2.png","512x512","Sprite","Multiple",29843,1048576,True,False,False,"Bilinear","Clamp",100,2048,"Compressed",False,"AutomaticCompressed",50,False,"","Mipmaps off; Read/Write off; Clamp; preserve Point/Bilinear by visual class; Android ETC2 override","Potential pixel sprite is not Point filtered; Android override disabled; Max Size greatly exceeds source dimensions"
"Assets/_Project/Prefabs/Enemies/Vomfy/VomfyAll/NoShadow/all_Vomfy_NoShadow3.png","512x512","Sprite","Multiple",29811,1048576,True,False,False,"Bilinear","Clamp",100,2048,"Compressed",False,"AutomaticCompressed",50,False,"","Mipmaps off; Read/Write off; Clamp; preserve Point/Bilinear by visual class; Android ETC2 override","Potential pixel sprite is not Point filtered; Android override disabled; Max Size greatly exceeds source dimensions"
"Assets/_Project/Prefabs/Enemies/Vomfy/VomfyAll/NoShadow/all_Vomfy_NoShadow4.png","512x512","Sprite","Multiple",29766,1048576,True,False,False,"Bilinear","Clamp",100,2048,"Compressed",False,"AutomaticCompressed",50,False,"","Mipmaps off; Read/Write off; Clamp; preserve Point/Bilinear by visual class; Android ETC2 override","Potential pixel sprite is not Point filtered; Android override disabled; Max Size greatly exceeds source dimensions"
"Assets/_Project/Prefabs/Enemies/Vomfy/VomfyAll/NoShadow/all_Vomfy_NoShadow5.png","512x512","Sprite","Multiple",29818,1048576,True,False,False,"Bilinear","Clamp",100,2048,"Compressed",False,"AutomaticCompressed",50,False,"","Mipmaps off; Read/Write off; Clamp; preserve Point/Bilinear by visual class; Android ETC2 override","Potential pixel sprite is not Point filtered; Android override disabled; Max Size greatly exceeds source dimensions"
"Assets/_Project/Prefabs/Enemies/Vomfy/VomfyAll/NoShadow/all_Vomfy_NoShadow6.png","512x512","Sprite","Multiple",30001,1048576,True,False,False,"Bilinear","Clamp",100,2048,"Compressed",False,"AutomaticCompressed",50,False,"","Mipmaps off; Read/Write off; Clamp; preserve Point/Bilinear by visual class; Android ETC2 override","Potential pixel sprite is not Point filtered; Android override disabled; Max Size greatly exceeds source dimensions"
"Assets/_Project/Prefabs/Enemies/Vomfy/VomfyAll/Shadow/all_Vomfy1.png","512x512","Sprite","Multiple",31589,1048576,True,False,False,"Bilinear","Clamp",100,2048,"Compressed",False,"AutomaticCompressed",50,False,"","Mipmaps off; Read/Write off; Clamp; preserve Point/Bilinear by visual class; Android ETC2 override","Potential pixel sprite is not Point filtered; Android override disabled; Max Size greatly exceeds source dimensions"
"Assets/_Project/Prefabs/Enemies/Vomfy/VomfyAll/Shadow/all_Vomfy2.png","512x512","Sprite","Multiple",31554,1048576,True,False,False,"Bilinear","Clamp",100,2048,"Compressed",False,"AutomaticCompressed",50,False,"","Mipmaps off; Read/Write off; Clamp; preserve Point/Bilinear by visual class; Android ETC2 override","Potential pixel sprite is not Point filtered; Android override disabled; Max Size greatly exceeds source dimensions"
"Assets/_Project/Prefabs/Enemies/Vomfy/VomfyAll/Shadow/all_Vomfy3.png","512x512","Sprite","Multiple",31490,1048576,True,False,False,"Bilinear","Clamp",100,2048,"Compressed",False,"AutomaticCompressed",50,False,"","Mipmaps off; Read/Write off; Clamp; preserve Point/Bilinear by visual class; Android ETC2 override","Potential pixel sprite is not Point filtered; Android override disabled; Max Size greatly exceeds source dimensions"
"Assets/_Project/Prefabs/Enemies/Vomfy/VomfyAll/Shadow/all_Vomfy4.png","512x512","Sprite","Multiple",31487,1048576,True,False,False,"Bilinear","Clamp",100,2048,"Compressed",False,"AutomaticCompressed",50,False,"","Mipmaps off; Read/Write off; Clamp; preserve Point/Bilinear by visual class; Android ETC2 override","Potential pixel sprite is not Point filtered; Android override disabled; Max Size greatly exceeds source dimensions"
"Assets/_Project/Prefabs/Enemies/Vomfy/VomfyAll/Shadow/all_Vomfy5.png","512x512","Sprite","Multiple",31699,1048576,True,False,False,"Bilinear","Clamp",100,2048,"Compressed",False,"AutomaticCompressed",50,False,"","Mipmaps off; Read/Write off; Clamp; preserve Point/Bilinear by visual class; Android ETC2 override","Potential pixel sprite is not Point filtered; Android override disabled; Max Size greatly exceeds source dimensions"
"Assets/_Project/Prefabs/Enemies/Vomfy/VomfyAll/Shadow/all_Vomfy6.png","512x512","Sprite","Multiple",31683,1048576,True,False,False,"Bilinear","Clamp",100,2048,"Compressed",False,"AutomaticCompressed",50,False,"","Mipmaps off; Read/Write off; Clamp; preserve Point/Bilinear by visual class; Android ETC2 override","Potential pixel sprite is not Point filtered; Android override disabled; Max Size greatly exceeds source dimensions"
"Assets/2D Health & Damage System asset/Sprites/Ground.png","1087x259","Sprite","Multiple",218443,1126132,False,False,False,"Bilinear","Clamp",100,2048,"Compressed",False,"AutomaticCompressed",50,False,"","Mipmaps off; Read/Write off; Clamp; preserve Point/Bilinear by visual class; Android ETC2 override","Potential pixel sprite is not Point filtered; Android override disabled"
"Assets/2D Health & Damage System asset/Sprites/sky_bg_2048x1024.png","2048x1024","Sprite","Multiple",403136,8388608,True,False,False,"Bilinear","Clamp",100,2048,"Compressed",False,"AutomaticCompressed",50,False,"","Mipmaps off; Read/Write off; Clamp; preserve Point/Bilinear by visual class; Android ETC2 override","Potential pixel sprite is not Point filtered; Large texture has no Android override; Android override disabled"
"Assets/2D Health & Damage System asset/Sprites/spike_row_256x64.png","256x64","Sprite","Multiple",1009,65536,True,False,False,"Bilinear","Clamp",100,2048,"Compressed",False,"AutomaticCompressed",50,False,"","Mipmaps off; Read/Write off; Clamp; preserve Point/Bilinear by visual class; Android ETC2 override","Potential pixel sprite is not Point filtered; Android override disabled; Max Size greatly exceeds source dimensions"
"Assets/300Mind/2D Game UI Kit/Sprites/UI-pack_Sprite_1.png","2048x1152","Sprite","Multiple",1080406,9437184,True,False,False,"Bilinear","Clamp",100,2048,"Compressed",False,"AutomaticCompressed",50,False,"","Mipmaps off; Read/Write off; Clamp; preserve Point/Bilinear by visual class; Android ETC2 override","Potential pixel sprite is not Point filtered; Large texture has no Android override; Android override disabled"
"Assets/300Mind/2D Game UI Kit/Sprites/UI-pack_Sprite_2.png","2048x1152","Sprite","Multiple",404776,9437184,True,False,False,"Bilinear","Clamp",100,2048,"Compressed",False,"AutomaticCompressed",50,False,"","Mipmaps off; Read/Write off; Clamp; preserve Point/Bilinear by visual class; Android ETC2 override","Potential pixel sprite is not Point filtered; Large texture has no Android override; Android override disabled"
"Assets/DEVNIK 2D/2D UI PIXEL BUTTONS/UI SIMPLE PIXEL UNSPLIT.png","1480x1444","Sprite","Multiple",21372,8548480,True,False,False,"Point","Clamp",100,2048,"Compressed",False,"AutomaticCompressed",50,False,"","Mipmaps off; Read/Write off; Clamp; preserve Point/Bilinear by visual class; Android ETC2 override","Android override disabled"
"Assets/Easy Cutscene/Assets/Sprites/Characters/SampleOne_Action.png","799x1101","Sprite","Single",34697,3518796,True,False,False,"Bilinear","Clamp",100,2048,"Compressed",False,"AutomaticCompressed",50,False,"","Mipmaps off; Read/Write off; Clamp; preserve Point/Bilinear by visual class; Android ETC2 override","Potential pixel sprite is not Point filtered; Android override disabled"
"Assets/Easy Cutscene/Assets/Sprites/Characters/SampleOne_Idle.png","511x1101","Sprite","Single",23462,2250444,True,False,False,"Bilinear","Clamp",100,2048,"Compressed",False,"AutomaticCompressed",50,False,"","Mipmaps off; Read/Write off; Clamp; preserve Point/Bilinear by visual class; Android ETC2 override","Potential pixel sprite is not Point filtered; Android override disabled"
"Assets/Easy Cutscene/Assets/Sprites/Characters/SampleTwo_Action.png","799x1101","Sprite","Single",32951,3518796,True,False,False,"Bilinear","Clamp",100,2048,"Compressed",False,"AutomaticCompressed",50,False,"","Mipmaps off; Read/Write off; Clamp; preserve Point/Bilinear by visual class; Android ETC2 override","Potential pixel sprite is not Point filtered; Android override disabled"
"Assets/Easy Cutscene/Assets/Sprites/Characters/SampleTwo_Idle.png","512x1101","Sprite","Single",22578,2254848,True,False,False,"Bilinear","Clamp",100,2048,"Compressed",False,"AutomaticCompressed",50,False,"","Mipmaps off; Read/Write off; Clamp; preserve Point/Bilinear by visual class; Android ETC2 override","Potential pixel sprite is not Point filtered; Android override disabled"
"Assets/Easy Cutscene/Assets/Sprites/UI/BaseChatPanel.png","1701x302","Sprite","Single",29309,2054808,True,False,False,"Bilinear","Clamp",100,2048,"Compressed",False,"AutomaticCompressed",50,False,"","Mipmaps off; Read/Write off; Clamp; preserve Point/Bilinear by visual class; Android ETC2 override","Android override disabled"
"Assets/Easy Cutscene/Assets/Sprites/UI/BasePanel.png","804x218","Sprite","Single",24885,701088,True,False,False,"Bilinear","Clamp",100,2048,"Compressed",False,"AutomaticCompressed",50,False,"","Mipmaps off; Read/Write off; Clamp; preserve Point/Bilinear by visual class; Android ETC2 override","Potential pixel sprite is not Point filtered; Android override disabled; Max Size greatly exceeds source dimensions"
"Assets/Easy Cutscene/Assets/Sprites/UI/BasetTitlePanel.png","583x99","Sprite","Single",6872,230868,True,False,False,"Bilinear","Clamp",100,2048,"Compressed",False,"AutomaticCompressed",50,False,"","Mipmaps off; Read/Write off; Clamp; preserve Point/Bilinear by visual class; Android ETC2 override","Potential pixel sprite is not Point filtered; Android override disabled; Max Size greatly exceeds source dimensions"
"Assets/Easy Cutscene/Demo/Sprites/Background/Background Sample.png","2048x1152","Sprite","Single",3327442,9437184,True,False,False,"Bilinear","Clamp",100,2048,"Compressed",False,"AutomaticCompressed",50,False,"","Mipmaps off; Read/Write off; Clamp; preserve Point/Bilinear by visual class; Android ETC2 override","Large texture has no Android override; Android override disabled"
"Assets/Easy Cutscene/Demo/Sprites/Characters/Hisa Character Set.png","6680x5624","Sprite","Multiple",3540130,150273280,True,False,False,"Bilinear","Clamp",100,8192,"Compressed",False,"AutomaticCompressed",50,False,"","Mipmaps off; Read/Write off; Clamp; preserve Point/Bilinear by visual class; Android ETC2 override","Potential pixel sprite is not Point filtered; Large texture has no Android override; Android override disabled"
"Assets/Easy Cutscene/Demo/Sprites/Characters/Mira Character Set.png","4900x5412","Sprite","Multiple",3487352,106075200,True,False,False,"Bilinear","Clamp",100,8192,"Compressed",False,"AutomaticCompressed",50,False,"","Mipmaps off; Read/Write off; Clamp; preserve Point/Bilinear by visual class; Android ETC2 override","Potential pixel sprite is not Point filtered; Large texture has no Android override; Android override disabled"
"Assets/Easy Cutscene/Demo/Sprites/Characters/Rico Character Set.png","4074x5566","Sprite","Multiple",2507402,90703536,True,False,False,"Bilinear","Clamp",100,8192,"Compressed",False,"AutomaticCompressed",50,False,"","Mipmaps off; Read/Write off; Clamp; preserve Point/Bilinear by visual class; Android ETC2 override","Potential pixel sprite is not Point filtered; Large texture has no Android override; Android override disabled"
"Assets/Easy Cutscene/Demo/Sprites/Props/Cloud Panels.png","2048x1253","Sprite","Multiple",1219178,10264576,True,False,False,"Bilinear","Clamp",100,2048,"Compressed",False,"AutomaticCompressed",50,False,"","Mipmaps off; Read/Write off; Clamp; preserve Point/Bilinear by visual class; Android ETC2 override","Large texture has no Android override; Android override disabled"
"Assets/Easy Cutscene/Demo/Sprites/Props/Props Tutorial/Panel Tutorial 1.png","2048x976","Sprite","Single",725009,7995392,True,False,False,"Bilinear","Clamp",100,2048,"Compressed",False,"AutomaticCompressed",50,False,"","Mipmaps off; Read/Write off; Clamp; preserve Point/Bilinear by visual class; Android ETC2 override","Large texture has no Android override; Android override disabled"
"Assets/Easy Cutscene/Demo/Sprites/Props/Props Tutorial/Panel Tutorial 2.png","2048x1103","Sprite","Single",338877,9035776,True,False,False,"Bilinear","Clamp",100,2048,"Compressed",False,"AutomaticCompressed",50,False,"","Mipmaps off; Read/Write off; Clamp; preserve Point/Bilinear by visual class; Android ETC2 override","Large texture has no Android override; Android override disabled"
"Assets/Easy Cutscene/Demo/Sprites/Props/Props Tutorial/Panel Tutorial 3.png","2048x1258","Sprite","Single",318312,10305536,True,False,False,"Bilinear","Clamp",100,2048,"Compressed",False,"AutomaticCompressed",50,False,"","Mipmaps off; Read/Write off; Clamp; preserve Point/Bilinear by visual class; Android ETC2 override","Large texture has no Android override; Android override disabled"
"Assets/Easy Cutscene/Demo/Sprites/Props/Props Tutorial/Panel Tutorial 4.png","2048x789","Sprite","Single",255638,6463488,True,False,False,"Bilinear","Clamp",100,2048,"Compressed",False,"AutomaticCompressed",50,False,"","Mipmaps off; Read/Write off; Clamp; preserve Point/Bilinear by visual class; Android ETC2 override","Large texture has no Android override; Android override disabled"
"Assets/Easy Cutscene/Demo/Sprites/Props/Props Tutorial/Panel Tutorial 5.png","2048x627","Sprite","Single",159081,5136384,True,False,False,"Bilinear","Clamp",100,2048,"Compressed",False,"AutomaticCompressed",50,False,"","Mipmaps off; Read/Write off; Clamp; preserve Point/Bilinear by visual class; Android ETC2 override","Large texture has no Android override; Android override disabled"
"Assets/Easy Cutscene/Demo/Sprites/Props/Props Tutorial/Panel Tutorial 6.png","2048x1095","Sprite","Single",745022,8970240,True,False,False,"Bilinear","Clamp",100,2048,"Compressed",False,"AutomaticCompressed",50,False,"","Mipmaps off; Read/Write off; Clamp; preserve Point/Bilinear by visual class; Android ETC2 override","Large texture has no Android override; Android override disabled"
"Assets/Easy Cutscene/Demo/Sprites/Props/Props Tutorial/Panel Tutorial 7.png","2048x1103","Sprite","Single",711100,9035776,False,False,False,"Bilinear","Clamp",100,2048,"Compressed",False,"AutomaticCompressed",50,False,"","Mipmaps off; Read/Write off; Clamp; preserve Point/Bilinear by visual class; Android ETC2 override","Large texture has no Android override; Android override disabled"
"Assets/Easy Cutscene/Demo/Sprites/Props/Props Tutorial/Panel Tutorial 8.png","2048x1097","Sprite","Single",731802,8986624,True,False,False,"Bilinear","Clamp",100,2048,"Compressed",False,"AutomaticCompressed",50,False,"","Mipmaps off; Read/Write off; Clamp; preserve Point/Bilinear by visual class; Android ETC2 override","Large texture has no Android override; Android override disabled"
"Assets/Easy Cutscene/Demo/Sprites/UI/Chat Panel.png","2048x416","Sprite","Multiple",117325,3407872,True,False,False,"Bilinear","Clamp",100,2048,"Compressed",False,"AutomaticCompressed",50,False,"","Mipmaps off; Read/Write off; Clamp; preserve Point/Bilinear by visual class; Android ETC2 override","Large texture has no Android override; Android override disabled"
"Assets/Easy Cutscene/Demo/Sprites/UI/UI Panel.png","2048x1497","Sprite","Multiple",100862,12263424,True,False,False,"Bilinear","Clamp",100,2048,"Compressed",False,"AutomaticCompressed",50,False,"","Mipmaps off; Read/Write off; Clamp; preserve Point/Bilinear by visual class; Android ETC2 override","Large texture has no Android override; Android override disabled"
"Assets/Screenshots/CutsceneDemo_real_dialogue_game.png","955x2048","Sprite","Multiple",212064,7823360,False,False,False,"Bilinear","Clamp",100,2048,"Compressed",False,"AutomaticCompressed",50,False,"","Mipmaps off; Read/Write off; Clamp; preserve Point/Bilinear by visual class; Android ETC2 override","Potential pixel sprite is not Point filtered; Large texture has no Android override; Android override disabled"
"Assets/Screenshots/CutsceneDemo_real_dialogue_game_after_refresh.png","955x2048","Sprite","Multiple",65136,7823360,False,False,False,"Bilinear","Clamp",100,2048,"Compressed",False,"AutomaticCompressed",50,False,"","Mipmaps off; Read/Write off; Clamp; preserve Point/Bilinear by visual class; Android ETC2 override","Potential pixel sprite is not Point filtered; Large texture has no Android override; Android override disabled"
"Assets/Screenshots/gate_portal_192x160_smoke.png","955x2048","Sprite","Multiple",2819879,7823360,False,False,False,"Bilinear","Clamp",100,2048,"Compressed",False,"AutomaticCompressed",50,False,"","Mipmaps off; Read/Write off; Clamp; preserve Point/Bilinear by visual class; Android ETC2 override","Potential pixel sprite is not Point filtered; Large texture has no Android override; Android override disabled"
"Assets/Screenshots/mcp_editor_game_window_check.png","734x1181","Sprite","Multiple",592399,3467416,False,False,False,"Bilinear","Clamp",100,2048,"Compressed",False,"AutomaticCompressed",50,False,"","Mipmaps off; Read/Write off; Clamp; preserve Point/Bilinear by visual class; Android ETC2 override","Potential pixel sprite is not Point filtered; Android override disabled"
"Assets/Screenshots/mcp_game_view_check.png","647x1150","Sprite","Multiple",495497,2976200,False,False,False,"Bilinear","Clamp",100,2048,"Compressed",False,"AutomaticCompressed",50,False,"","Mipmaps off; Read/Write off; Clamp; preserve Point/Bilinear by visual class; Android ETC2 override","Potential pixel sprite is not Point filtered; Android override disabled"
"Assets/Screenshots/mcp_test_editor_gameview.png","1348x724","Sprite","Multiple",448993,3903808,False,False,False,"Bilinear","Clamp",100,2048,"Compressed",False,"AutomaticCompressed",50,False,"","Mipmaps off; Read/Write off; Clamp; preserve Point/Bilinear by visual class; Android ETC2 override","Potential pixel sprite is not Point filtered; Android override disabled"
"Assets/Screenshots/mcp_test_game.png","390x693","Sprite","Multiple",358754,1081080,False,False,False,"Bilinear","Clamp",100,2048,"Compressed",False,"AutomaticCompressed",50,False,"","Mipmaps off; Read/Write off; Clamp; preserve Point/Bilinear by visual class; Android ETC2 override","Potential pixel sprite is not Point filtered; Android override disabled; Max Size greatly exceeds source dimensions"
"Assets/Screenshots/mcp_test_scene.png","1280x720","Sprite","Multiple",101759,3686400,False,False,False,"Bilinear","Clamp",100,2048,"Compressed",False,"AutomaticCompressed",50,False,"","Mipmaps off; Read/Write off; Clamp; preserve Point/Bilinear by visual class; Android ETC2 override","Potential pixel sprite is not Point filtered; Android override disabled"
"Assets/Screenshots/PausePanel_Device_1440x3088.png","955x2048","Sprite","Multiple",3471893,7823360,False,False,False,"Bilinear","Clamp",100,2048,"Compressed",False,"AutomaticCompressed",50,False,"","Mipmaps off; Read/Write off; Clamp; preserve Point/Bilinear by visual class; Android ETC2 override","Large texture has no Android override; Android override disabled"
"Assets/Screenshots/PausePanel_Device_1440x3088_v2.png","955x2048","Sprite","Multiple",3471893,7823360,False,False,False,"Bilinear","Clamp",100,2048,"Compressed",False,"AutomaticCompressed",50,False,"","Mipmaps off; Read/Write off; Clamp; preserve Point/Bilinear by visual class; Android ETC2 override","Large texture has no Android override; Android override disabled"
"Assets/Screenshots/PausePanel_Device_1440x3088_v3.png","955x2048","Sprite","Multiple",3471893,7823360,False,False,False,"Bilinear","Clamp",100,2048,"Compressed",False,"AutomaticCompressed",50,False,"","Mipmaps off; Read/Write off; Clamp; preserve Point/Bilinear by visual class; Android ETC2 override","Large texture has no Android override; Android override disabled"
"Assets/Screenshots/player_healthbar_offset_gameview.png","735x1181","Sprite","Multiple",592536,3472140,False,False,False,"Bilinear","Clamp",100,2048,"Compressed",False,"AutomaticCompressed",50,False,"","Mipmaps off; Read/Write off; Clamp; preserve Point/Bilinear by visual class; Android ETC2 override","Potential pixel sprite is not Point filtered; Android override disabled"
"Assets/Screenshots/UpgradePanel_Check.png","955x2048","Sprite","Multiple",2793624,7823360,False,False,False,"Bilinear","Clamp",100,2048,"Compressed",False,"AutomaticCompressed",50,False,"","Mipmaps off; Read/Write off; Clamp; preserve Point/Bilinear by visual class; Android ETC2 override","Large texture has no Android override; Android override disabled"
