run_id,sample_index,capture_elapsed_sec,gameplay_elapsed_sec,state,scenario,included_in_summary,window_frames,avg_fps,avg_frame_ms,p95_frame_ms,p99_frame_ms,max_frame_ms,cpu_frame_ms,gpu_frame_ms,main_thread_ms,render_thread_ms,gc_alloc_bytes,gc_collections,total_allocated_mb,total_reserved_mb,mono_used_mb,mono_heap_mb,enemy_count,visible_enemy_count,active_projectile_count,active_gate_count,squad_size,pool_active_count,pool_inactive_count,pressure_phase,spawn_per_second,enemy_cap,minimum_visible,threat_budget,gate_phase,gate_cadence_sec,draw_calls,batches,setpass_calls,target_frame_rate,vsync_count,quality_level,battery_temperature_c,battery_level
oppo_full_03_20260809,0,2.574,N/A,MenuWarmup,Warm-up,0,1,0.389,2573.855,2573.855,2573.855,2573.855,N/A,N/A,0,N/A,0,0,131.057,274.793,4.609,5.895,0,0,0,0,1,0,272,N/A,3,12,8,2,early,15,N/A,N/A,0,-1,0,Very Low,N/A,1
oppo_full_03_20260809,1,3.591,N/A,MenuWarmup,Warm-up,0,5,4.917,203.388,680.03,802.699,833.366,440.073,54.033,36.872,N/A,3756429,9,139.73,274.793,7.793,10.488,0,0,0,0,1,0,272,N/A,3,12,8,2,early,15,N/A,N/A,29,-1,0,Very Low,N/A,1
oppo_full_03_20260809,2,4.624,N/A,MenuWarmup,Warm-up,0,29,28.067,35.629,43.406,73.998,83.337,35.73,27.037,35.392,N/A,2810,9,139.731,276.793,7.793,10.488,0,0,0,0,1,0,272,N/A,3,12,8,2,early,15,N/A,N/A,29,-1,0,Very Low,N/A,1
oppo_full_03_20260809,3,5.624,N/A,MenuWarmup,Warm-up,0,30,29.999,33.335,33.438,33.455,33.459,33.335,26.382,33.271,N/A,2534,9,139.731,276.793,7.793,10.488,0,0,0,0,1,0,272,N/A,3,12,8,2,early,15,N/A,N/A,29,-1,0,Very Low,N/A,1
oppo_full_03_20260809,4,6.624,N/A,MenuWarmup,Warm-up,0,30,30,33.334,33.445,33.458,33.459,33.344,25.793,33.29,N/A,2542,9,139.731,276.793,7.793,10.488,0,0,0,0,1,0,272,N/A,3,12,8,2,early,15,N/A,N/A,29,-1,0,Very Low,N/A,1
oppo_full_03_20260809,5,7.657,N/A,MenuWarmup,Warm-up,0,31,30,33.333,33.463,33.513,33.534,33.325,25.829,33.285,N/A,2522,9,139.731,276.793,7.793,10.488,0,0,0,0,1,0,272,N/A,3,12,8,2,early,15,N/A,N/A,29,-1,0,Very Low,N/A,1
oppo_full_03_20260809,6,8.691,N/A,MenuWarmup,Warm-up,0,31,30.003,33.33,33.398,33.421,33.426,33.336,25.832,33.297,N/A,2530,9,139.731,276.793,7.793,10.488,0,0,0,0,1,0,272,N/A,3,12,8,2,early,15,N/A,N/A,29,-1,0,Very Low,N/A,1
oppo_full_03_20260809,7,9.691,N/A,MenuWarmup,Warm-up,0,30,29.996,33.338,33.44,33.817,33.97,33.35,25.774,33.258,N/A,2542,9,141.794,276.793,7.793,10.488,0,0,0,0,1,0,272,N/A,3,12,8,2,early,15,N/A,N/A,29,-1,0,Very Low,N/A,1
oppo_full_03_20260809,8,10.724,N/A,MenuMeasurement,Main Menu Idle,1,21,30,33.334,33.429,33.445,33.449,33.333,25.793,33.272,N/A,0,9,141.794,276.793,7.793,10.488,0,0,0,0,1,0,272,N/A,3,12,8,2,early,15,N/A,N/A,29,-1,0,Very Low,N/A,1
oppo_full_03_20260809,9,11.757,N/A,MenuMeasurement,Main Menu Idle,1,31,30.001,33.333,33.435,33.467,33.475,33.332,25.767,33.284,N/A,2506,9,141.794,276.793,7.797,10.488,0,0,0,0,1,0,272,N/A,3,12,8,2,early,15,N/A,N/A,29,-1,0,Very Low,N/A,1
oppo_full_03_20260809,10,12.791,N/A,MenuMeasurement,Main Menu Idle,1,31,30.004,33.329,33.464,33.479,33.48,33.329,25.835,33.277,N/A,2606,9,141.733,276.793,7.801,10.488,0,0,0,0,1,0,272,N/A,3,12,8,2,early,15,N/A,N/A,29,-1,0,Very Low,N/A,1
oppo_full_03_20260809,11,13.791,N/A,MenuMeasurement,Main Menu Idle,1,30,29.997,33.337,33.459,33.479,33.483,33.348,25.84,33.303,N/A,2574,9,141.729,276.793,7.805,10.488,0,0,0,0,1,0,272,N/A,3,12,8,2,early,15,N/A,N/A,29,-1,0,Very Low,N/A,1
oppo_full_03_20260809,12,14.824,N/A,MenuMeasurement,Main Menu Idle,1,31,29.998,33.336,33.412,33.443,33.456,33.323,25.793,33.307,N/A,2570,9,141.729,276.793,7.805,10.488,0,0,0,0,1,0,272,N/A,3,12,8,2,early,15,N/A,N/A,29,-1,0,Very Low,N/A,1
oppo_full_03_20260809,13,15.857,N/A,MenuMeasurement,Main Menu Idle,1,31,30.002,33.331,33.432,33.455,33.458,33.339,25.603,33.247,N/A,2578,9,141.729,276.793,7.805,10.488,0,0,0,0,1,0,272,N/A,3,12,8,2,early,15,N/A,N/A,29,-1,0,Very Low,N/A,1
oppo_full_03_20260809,14,16.857,N/A,MenuMeasurement,Main Menu Idle,1,30,29.999,33.335,33.424,33.489,33.512,33.33,25.791,33.291,N/A,2578,9,141.729,276.793,7.805,10.488,0,0,0,0,1,0,272,N/A,3,12,8,2,early,15,N/A,N/A,29,-1,0,Very Low,N/A,1
oppo_full_03_20260809,15,17.891,N/A,MenuMeasurement,Main Menu Idle,1,31,30.001,33.332,33.431,33.474,33.486,33.327,25.879,33.282,N/A,2570,9,141.729,276.793,7.805,10.488,0,0,0,0,1,0,272,N/A,3,12,8,2,early,15,N/A,N/A,29,-1,0,Very Low,N/A,1
oppo_full_03_20260809,16,18.891,N/A,MenuMeasurement,Main Menu Idle,1,30,29.999,33.335,33.451,33.538,33.562,33.336,25.875,33.291,N/A,2578,9,141.729,276.793,7.809,10.488,0,0,0,0,1,0,272,N/A,3,12,8,2,early,15,N/A,N/A,29,-1,0,Very Low,N/A,1
oppo_full_03_20260809,17,19.924,N/A,MenuMeasurement,Main Menu Idle,1,31,30.001,33.332,33.413,33.449,33.459,33.331,25.769,33.275,N/A,2574,9,141.729,276.793,7.809,10.488,0,0,0,0,1,0,272,N/A,3,12,8,2,early,15,N/A,N/A,29,-1,0,Very Low,N/A,1
oppo_full_03_20260809,18,20.924,N/A,MenuMeasurement,Main Menu Idle,1,30,29.999,33.335,33.579,33.702,33.715,33.333,25.765,33.268,N/A,2578,9,141.729,276.793,7.813,10.488,0,0,0,0,1,0,272,N/A,3,12,8,2,early,15,N/A,N/A,29,-1,0,Very Low,N/A,1
oppo_full_03_20260809,19,21.957,N/A,MenuMeasurement,Main Menu Idle,1,31,30.002,33.331,33.444,33.531,33.556,33.346,25.807,33.295,N/A,2574,9,141.729,276.793,7.816,10.488,0,0,0,0,1,0,272,N/A,3,12,8,2,early,15,N/A,N/A,29,-1,0,Very Low,N/A,1
oppo_full_03_20260809,20,22.991,N/A,MenuMeasurement,Main Menu Idle,1,31,29.999,33.334,33.435,33.446,33.446,33.327,25.752,33.267,N/A,2578,9,141.729,276.793,7.82,10.488,0,0,0,0,1,0,272,N/A,3,12,8,2,early,15,N/A,N/A,29,-1,0,Very Low,N/A,1
oppo_full_03_20260809,21,23.991,N/A,MenuMeasurement,Main Menu Idle,1,30,30,33.334,33.453,33.465,33.467,33.335,25.791,33.296,N/A,2574,9,141.729,276.793,7.82,10.488,0,0,0,0,1,0,272,N/A,3,12,8,2,early,15,N/A,N/A,29,-1,0,Very Low,N/A,1
oppo_full_03_20260809,22,25.024,N/A,MenuMeasurement,Main Menu Idle,1,31,30.002,33.331,33.394,33.4,33.402,33.323,25.829,33.28,N/A,2554,9,141.729,276.793,7.82,10.488,0,0,0,0,1,0,272,N/A,3,12,8,2,early,15,N/A,N/A,29,-1,0,Very Low,N/A,1
oppo_full_03_20260809,23,26.024,N/A,MenuMeasurement,Main Menu Idle,1,30,29.998,33.335,33.417,33.504,33.534,33.348,25.787,33.29,N/A,2562,9,141.729,276.793,7.82,10.488,0,0,0,0,1,0,272,N/A,3,12,8,2,early,15,N/A,N/A,29,-1,0,Very Low,N/A,1
oppo_full_03_20260809,24,27.024,N/A,MenuMeasurement,Main Menu Idle,1,30,30,33.333,33.446,33.474,33.477,33.326,25.874,33.259,N/A,2566,9,141.729,276.793,7.824,10.488,0,0,0,0,1,0,272,N/A,3,12,8,2,early,15,N/A,N/A,29,-1,0,Very Low,N/A,1
oppo_full_03_20260809,25,28.057,N/A,MenuMeasurement,Main Menu Idle,1,31,30,33.333,33.43,33.439,33.442,33.341,25.785,33.31,N/A,2558,9,141.729,276.793,7.832,10.488,0,0,0,0,1,0,272,N/A,3,12,8,2,early,15,N/A,N/A,29,-1,0,Very Low,N/A,1
oppo_full_03_20260809,26,29.091,N/A,MenuMeasurement,Main Menu Idle,1,31,30,33.333,33.393,33.414,33.423,33.318,25.774,33.272,N/A,2554,9,141.729,276.793,7.832,10.488,0,0,0,0,1,0,272,N/A,3,12,8,2,early,15,N/A,N/A,29,-1,0,Very Low,N/A,1
oppo_full_03_20260809,27,30.091,N/A,MenuMeasurement,Main Menu Idle,1,30,29.998,33.335,33.415,33.438,33.447,33.355,25.871,33.287,N/A,2562,9,141.729,276.793,7.832,10.488,0,0,0,0,1,0,272,N/A,3,12,8,2,early,15,N/A,N/A,29,-1,0,Very Low,N/A,1
oppo_full_03_20260809,28,31.124,N/A,MenuMeasurement,Main Menu Idle,1,31,30.002,33.331,33.453,33.519,33.546,33.321,25.859,33.287,N/A,2574,9,141.729,276.793,7.84,10.488,0,0,0,0,1,0,272,N/A,3,12,8,2,early,15,N/A,N/A,29,-1,0,Very Low,N/A,1
oppo_full_03_20260809,29,32.124,N/A,MenuMeasurement,Main Menu Idle,1,30,29.999,33.335,33.432,33.535,33.577,33.321,25.673,33.274,N/A,2574,9,141.729,276.793,7.84,10.488,0,0,0,0,1,0,272,N/A,3,12,8,2,early,15,N/A,N/A,29,-1,0,Very Low,N/A,1
oppo_full_03_20260809,30,33.157,N/A,MenuMeasurement,Main Menu Idle,1,31,29.999,33.335,33.4,33.409,33.412,33.336,25.694,33.283,N/A,2570,9,141.735,276.793,7.84,10.488,0,0,0,0,1,0,272,N/A,3,12,8,2,early,15,N/A,N/A,29,-1,0,Very Low,N/A,1
oppo_full_03_20260809,31,34.191,N/A,MenuMeasurement,Main Menu Idle,1,31,30.003,33.33,33.423,33.465,33.479,33.329,25.756,33.287,N/A,2566,9,141.735,276.793,7.84,10.488,0,0,0,0,1,0,272,N/A,3,12,8,2,early,15,N/A,N/A,29,-1,0,Very Low,N/A,1
oppo_full_03_20260809,32,35.191,N/A,MenuMeasurement,Main Menu Idle,1,30,29.999,33.334,33.441,33.465,33.473,33.345,25.708,33.28,N/A,2570,9,141.735,276.793,7.852,10.488,0,0,0,0,1,0,272,N/A,3,12,8,2,early,15,N/A,N/A,29,-1,0,Very Low,N/A,1
oppo_full_03_20260809,33,36.224,N/A,MenuMeasurement,Main Menu Idle,1,31,30.001,33.332,33.428,33.476,33.496,33.336,25.784,33.285,N/A,2570,9,141.735,276.793,7.852,10.488,0,0,0,0,1,0,272,N/A,3,12,8,2,early,15,N/A,N/A,29,-1,0,Very Low,N/A,1
oppo_full_03_20260809,34,37.257,N/A,MenuMeasurement,Main Menu Idle,1,31,29.997,33.336,33.533,33.653,33.678,33.322,25.876,33.28,N/A,2578,9,141.735,276.793,7.852,10.488,0,0,0,0,1,0,272,N/A,3,12,8,2,early,15,N/A,N/A,29,-1,0,Very Low,N/A,1
oppo_full_03_20260809,35,38.291,N/A,MenuMeasurement,Main Menu Idle,1,31,30.002,33.331,33.419,33.431,33.434,33.343,25.785,33.28,N/A,2574,9,141.735,276.793,7.852,10.488,0,0,0,0,1,0,272,N/A,3,12,8,2,early,15,N/A,N/A,29,-1,0,Very Low,N/A,1
oppo_full_03_20260809,36,39.291,N/A,MenuMeasurement,Main Menu Idle,1,30,29.996,33.338,33.385,33.407,33.414,33.336,25.741,33.298,N/A,2574,9,141.735,276.793,7.855,10.488,0,0,0,0,1,0,272,N/A,3,12,8,2,early,15,N/A,N/A,29,-1,0,Very Low,N/A,1
oppo_full_03_20260809,37,40.324,0.267,GameplayWarmup,Warm-up,0,8,29.991,33.343,33.4,33.403,33.403,33.32,18.351,33.293,N/A,194360,9,142.857,276.793,8.039,10.488,8,8,24,0,4,32,264,node_0_60,3.004,12,8,2.009,early,15,N/A,N/A,9,-1,0,Very Low,N/A,1
oppo_full_03_20260809,38,41.357,1.3,GameplayWarmup,Warm-up,0,31,30.003,33.33,33.415,33.431,33.431,33.352,21.655,33.282,N/A,1070032,12,143.613,276.793,9.102,10.488,9,8,41,0,4,50,273,node_0_60,3.022,12,8,2.043,early,15,N/A,N/A,11,-1,0,Very Low,N/A,1
oppo_full_03_20260809,39,42.374,2.317,GameplayWarmup,Warm-up,0,30,29.506,33.891,33.486,45.246,50.044,33.863,23.015,33.82,N/A,196178,12,144.055,276.793,9.207,10.488,9,8,70,0,4,79,266,node_0_60,3.039,12,8,2.077,early,15,N/A,N/A,11,-1,0,Very Low,N/A,1
oppo_full_03_20260809,40,43.407,3.35,GameplayWarmup,Warm-up,0,31,30.001,33.332,33.499,33.52,33.528,33.354,24.2,33.254,N/A,104460,12,144.437,276.793,9.309,10.488,10,8,84,0,4,94,277,node_0_60,3.056,12,8,2.112,early,15,N/A,N/A,11,-1,0,Very Low,N/A,1
oppo_full_03_20260809,41,44.441,4.383,GameplayWarmup,Warm-up,0,31,30,33.333,33.452,33.496,33.514,33.334,24.296,33.249,N/A,99342,12,144.537,276.793,9.402,10.488,9,8,57,0,4,66,305,node_0_60,3.073,12,8,2.146,early,15,N/A,N/A,11,-1,0,Very Low,N/A,1
oppo_full_03_20260809,42,45.441,5.383,GameplayWarmup,Warm-up,0,30,29.999,33.335,33.469,33.516,33.534,33.324,24.008,33.257,N/A,61964,12,144.525,276.793,9.457,10.488,9,8,53,0,4,62,309,node_0_60,3.09,13,8,2.179,early,15,N/A,N/A,11,-1,0,Very Low,N/A,1
oppo_full_03_20260809,43,46.441,6.383,GameplayWarmup,Warm-up,0,30,29.999,33.334,33.482,33.522,33.536,33.345,24.409,33.241,N/A,58524,12,144.549,276.793,9.5,10.488,9,8,68,0,4,77,294,node_0_60,3.106,13,8,2.213,early,15,N/A,N/A,11,-1,0,Very Low,N/A,1
oppo_full_03_20260809,44,47.474,7.417,GameplayWarmup,Warm-up,0,31,30.003,33.33,33.522,33.547,33.557,33.331,24.118,33.254,N/A,54418,12,144.554,276.793,9.559,10.488,9,8,82,0,4,91,280,node_0_60,3.124,13,8,2.247,early,15,N/A,N/A,11,-1,0,Very Low,N/A,1
oppo_full_03_20260809,45,48.474,8.417,GameplayWarmup,Warm-up,0,30,30,33.334,33.461,33.509,33.528,33.317,23.495,33.251,N/A,61378,12,144.568,276.793,9.625,10.488,10,9,58,0,4,68,303,node_0_60,3.14,13,9,2.281,early,15,N/A,N/A,11,-1,0,Very Low,N/A,1
oppo_full_03_20260809,46,49.507,9.45,GameplayWarmup,Warm-up,0,31,30.002,33.332,33.496,34.046,34.267,33.325,22.751,33.258,N/A,75822,12,144.617,276.793,9.707,10.488,11,9,45,0,4,56,315,node_0_60,3.157,13,9,2.315,early,15,N/A,N/A,11,-1,0,Very Low,N/A,1
oppo_full_03_20260809,47,50.507,10.45,GameplayMeasurement,Early Run,1,13,30.001,33.332,33.447,33.495,33.507,33.329,24.5,33.234,N/A,24608,12,144.643,276.793,9.758,10.488,11,10,60,0,4,71,300,node_0_60,3.174,13,9,2.348,early,15,N/A,N/A,11,-1,0,Very Low,N/A,1
oppo_full_03_20260809,48,51.507,11.45,GameplayMeasurement,Early Run,1,30,30,33.333,33.56,33.586,33.592,33.347,24.481,33.232,N/A,46848,12,144.615,276.793,9.813,10.488,10,9,71,0,4,81,290,node_0_60,3.191,13,9,2.382,early,15,N/A,N/A,11,-1,0,Very Low,N/A,1
oppo_full_03_20260809,49,52.541,12.483,GameplayMeasurement,Early Run,1,31,30.002,33.331,33.467,33.506,33.52,33.344,24.048,33.263,N/A,47872,12,144.614,276.793,9.863,10.488,10,9,75,0,4,85,286,node_0_60,3.208,13,9,2.416,early,15,N/A,N/A,11,-1,0,Very Low,N/A,1
oppo_full_03_20260809,50,53.541,13.484,GameplayMeasurement,Early Run,1,30,29.994,33.34,33.469,33.5,33.506,33.297,22.574,33.258,N/A,50000,12,144.624,276.793,9.922,10.488,10,9,77,0,4,87,284,node_0_60,3.225,13,9,2.449,early,15,N/A,N/A,11,-1,0,Very Low,N/A,1
oppo_full_03_20260809,51,54.574,14.517,GameplayMeasurement,Early Run,1,31,30.006,33.327,33.436,33.468,33.476,33.331,23.408,33.274,N/A,59284,12,144.646,276.793,9.984,10.488,11,10,59,0,4,70,301,node_0_60,3.242,13,9,2.484,early,15,N/A,N/A,11,-1,0,Very Low,N/A,1
oppo_full_03_20260809,52,55.574,15.517,GameplayMeasurement,Early Run,1,30,29.995,33.339,33.446,33.47,33.474,33.345,23.752,33.271,N/A,59534,12,144.61,276.793,10.063,10.488,10,9,57,0,4,67,304,node_0_60,3.259,14,9,2.517,early,15,N/A,N/A,11,-1,0,Very Low,N/A,1
oppo_full_03_20260809,53,56.608,16.55,GameplayMeasurement,Early Run,1,31,30.001,33.332,33.445,33.459,33.462,33.332,23.206,33.29,N/A,71148,12,144.672,276.793,10.133,10.488,10,9,52,0,4,62,309,node_0_60,3.276,14,9,2.552,early,15,N/A,N/A,11,-1,0,Very Low,N/A,1
oppo_full_03_20260809,54,57.641,17.583,GameplayMeasurement,Early Run,1,31,30.003,33.33,33.434,33.463,33.473,33.339,23.204,33.265,N/A,71872,12,144.674,276.793,10.223,10.488,10,9,59,0,4,69,302,node_0_60,3.293,14,9,2.586,early,15,N/A,N/A,11,-1,0,Very Low,N/A,1
oppo_full_03_20260809,55,58.641,18.583,GameplayMeasurement,Early Run,1,30,30,33.333,33.411,33.419,33.421,33.322,22.969,33.268,N/A,62328,12,144.667,276.793,10.289,10.488,10,9,60,0,4,70,301,node_0_60,3.31,14,9,2.619,early,15,N/A,N/A,11,-1,0,Very Low,N/A,1
oppo_full_03_20260809,56,59.657,19.6,GameplayMeasurement,Early Run,1,30,29.51,33.886,33.473,45.204,49.992,33.332,22.242,33.999,N/A,54120,12,144.69,276.793,10.355,10.488,11,9,76,0,4,87,284,node_0_60,3.327,14,9,2.653,early,15,N/A,N/A,11,-1,0,Very Low,N/A,1
oppo_full_03_20260809,57,60.691,20.633,GameplayMeasurement,Early Run,1,31,29.998,33.335,33.502,33.52,33.527,33.888,23.723,33.107,N/A,57704,12,144.669,276.793,10.418,10.488,10,9,77,0,4,87,284,node_0_60,3.344,14,9,2.688,early,15,N/A,N/A,11,-1,0,Very Low,N/A,1
oppo_full_03_20260809,58,61.724,21.667,GameplayMeasurement,Early Run,1,31,29.999,33.335,33.447,33.481,33.488,33.337,24.266,33.246,N/A,62584,12,144.675,276.793,10.484,10.488,10,9,60,0,4,70,301,node_0_60,3.361,14,9,2.722,early,15,N/A,N/A,11,-1,0,Very Low,N/A,1
oppo_full_03_20260809,59,62.758,22.7,GameplayMeasurement,Early Run,1,31,29.998,33.336,33.483,33.519,33.53,33.313,24.133,33.274,N/A,67564,15,144.742,276.793,9.488,13.988,12,11,54,0,4,66,305,node_0_60,3.378,14,10,2.757,early,15,N/A,N/A,11,-1,0,Very Low,N/A,1
oppo_full_03_20260809,60,63.791,23.733,GameplayMeasurement,Early Run,1,31,30.002,33.331,33.512,33.537,33.539,33.35,23.846,33.226,N/A,58568,15,144.725,276.793,9.488,13.988,11,10,53,0,4,64,307,node_0_60,3.396,14,10,2.791,early,15,N/A,N/A,11,-1,0,Very Low,N/A,1
oppo_full_03_20260809,61,64.824,24.767,GameplayMeasurement,Early Run,1,31,29.998,33.335,33.445,33.525,33.557,33.325,24.091,33.253,N/A,67952,15,144.745,276.793,9.504,13.988,12,11,51,0,4,63,308,node_0_60,3.413,14,10,2.826,early,15,N/A,N/A,11,-1,0,Very Low,N/A,1
oppo_full_03_20260809,62,65.857,25.8,GameplayMeasurement,Early Run,1,31,30.001,33.332,33.589,33.784,33.825,33.329,23.757,33.265,N/A,68244,15,144.717,276.793,9.559,13.988,11,10,50,0,4,61,310,node_0_60,3.43,15,10,2.86,early,15,N/A,N/A,11,-1,0,Very Low,N/A,1
oppo_full_03_20260809,63,66.857,26.8,GameplayMeasurement,Early Run,1,30,30,33.334,33.524,33.629,33.649,33.363,24.319,33.248,N/A,55036,15,144.724,276.793,9.609,13.988,11,10,64,0,4,75,296,node_0_60,3.447,15,10,2.893,early,15,N/A,N/A,11,-1,0,Very Low,N/A,1
oppo_full_03_20260809,64,67.891,27.833,GameplayMeasurement,Early Run,1,31,30.001,33.332,33.487,33.545,33.558,33.326,24.152,33.246,N/A,70648,15,144.723,276.793,9.668,13.988,11,10,51,0,4,62,309,node_0_60,3.464,15,10,2.928,early,15,N/A,N/A,11,-1,0,Very Low,N/A,1
oppo_full_03_20260809,65,68.924,28.867,GameplayMeasurement,Early Run,1,31,30.002,33.331,33.459,33.473,33.477,33.32,23.892,33.264,N/A,71476,15,144.722,276.793,9.73,13.988,11,10,50,0,4,61,310,node_0_60,3.481,15,10,2.962,early,15,N/A,N/A,11,-1,0,Very Low,N/A,1
oppo_full_03_20260809,66,69.957,29.9,GameplayMeasurement,Early Run,1,31,29.999,33.334,33.485,33.529,33.534,33.32,23.7,33.237,N/A,65348,15,144.74,276.793,9.797,13.988,12,10,44,0,4,56,315,node_0_60,3.498,15,10,2.997,early,15,N/A,N/A,11,-1,0,Very Low,N/A,1
oppo_full_03_20260809,67,70.974,30.917,GameplayMeasurement,Early Run,1,30,29.511,33.886,33.504,45.252,50.049,33.912,22.682,33.82,N/A,74056,15,144.739,276.793,9.863,13.988,11,10,48,0,4,59,312,node_0_60,3.515,15,10,3.031,early,15,N/A,N/A,11,-1,0,Very Low,N/A,1
oppo_full_03_20260809,68,71.974,31.917,GameplayMeasurement,Early Run,1,30,29.997,33.337,33.468,33.509,33.526,33.34,23.819,33.266,N/A,76324,15,144.851,276.793,9.945,13.988,12,10,50,0,4,64,307,node_0_60,3.532,15,10,3.064,early,15,N/A,N/A,11,-1,0,Very Low,N/A,1
oppo_full_03_20260809,69,73.007,32.95,GameplayMeasurement,Early Run,1,31,30.004,33.329,33.457,33.461,33.461,33.343,24.105,33.268,N/A,69966,15,144.869,276.793,10.023,13.988,11,10,60,0,4,74,297,node_0_60,3.549,15,10,3.098,early,15,N/A,N/A,11,-1,0,Very Low,N/A,1
oppo_full_03_20260809,70,74.007,33.95,GameplayMeasurement,Early Run,1,30,30,33.334,33.464,33.528,33.545,33.303,23.974,33.252,N/A,72010,15,144.953,276.793,10.109,13.988,11,10,55,0,4,70,301,node_0_60,3.566,15,10,3.132,early,15,N/A,N/A,11,-1,0,Very Low,N/A,1
oppo_full_03_20260809,71,75.007,34.95,GameplayMeasurement,Early Run,1,30,29.998,33.336,33.468,33.578,33.62,33.389,24.611,33.288,N/A,64028,15,144.96,276.793,10.172,13.988,12,10,60,0,4,75,296,node_0_60,3.582,15,10,3.165,early,15,N/A,N/A,11,-1,0,Very Low,N/A,1
oppo_full_03_20260809,72,76.007,35.95,GameplayMeasurement,Early Run,1,30,29.999,33.335,33.544,33.62,33.643,33.266,24.309,33.225,N/A,70842,15,144.918,276.793,10.25,13.988,11,10,55,0,4,68,303,node_0_60,3.599,16,10,3.198,early,15,N/A,N/A,11,-1,0,Very Low,N/A,1
oppo_full_03_20260809,73,77.041,36.983,GameplayMeasurement,Early Run,1,31,30,33.334,33.434,33.5,33.526,33.34,22.262,33.296,N/A,74936,15,144.921,276.793,10.332,13.988,11,10,46,0,4,58,313,node_0_60,3.616,16,10,3.233,early,15,N/A,N/A,11,-1,0,Very Low,N/A,1
oppo_full_03_20260809,74,78.074,38.017,GameplayMeasurement,Early Run,1,31,29.999,33.334,33.407,33.479,33.507,33.333,23.725,33.269,N/A,74954,15,144.987,276.793,10.41,13.988,13,11,47,0,4,62,309,node_0_60,3.634,16,11,3.267,early,15,N/A,N/A,11,-1,0,Very Low,N/A,1
oppo_full_03_20260809,75,79.074,39.017,GameplayMeasurement,Early Run,1,30,29.999,33.335,33.441,33.462,33.465,33.336,23.539,33.266,N/A,70352,15,144.98,276.793,10.496,13.988,12,11,53,0,4,67,304,node_0_60,3.65,16,11,3.301,early,15,N/A,N/A,11,-1,0,Very Low,N/A,1
oppo_full_03_20260809,76,80.107,40.05,GameplayMeasurement,Early Run,1,31,30.005,33.327,33.456,33.465,33.467,33.329,23.668,33.313,N/A,73278,15,145.029,276.793,10.582,13.988,13,12,55,0,4,71,300,node_0_60,3.667,16,11,3.335,early,15,N/A,N/A,11,-1,0,Very Low,N/A,1
oppo_full_03_20260809,77,81.107,41.05,GameplayMeasurement,Early Run,1,30,29.997,33.336,33.429,33.432,33.433,33.342,23.509,33.238,N/A,63162,15,145.026,276.793,10.652,13.988,13,11,63,0,4,78,293,node_0_60,3.684,16,11,3.368,early,15,N/A,N/A,11,-1,0,Very Low,N/A,1
oppo_full_03_20260809,78,82.124,42.067,GameplayMeasurement,Early Run,1,30,29.505,33.892,33.618,45.254,49.995,33.908,20.849,33.823,N/A,57648,15,144.984,276.793,10.715,13.988,12,11,59,0,4,72,299,node_0_60,3.701,16,11,3.402,early,15,N/A,N/A,11,-1,0,Very Low,N/A,1
oppo_full_03_20260809,79,83.157,43.1,GameplayMeasurement,Early Run,1,31,30.003,33.33,33.412,33.502,33.538,33.354,23.385,33.261,N/A,82072,15,145.005,276.793,10.813,13.988,12,11,42,0,4,55,316,node_0_60,3.718,16,11,3.437,early,15,N/A,N/A,11,-1,0,Very Low,N/A,1
oppo_full_03_20260809,80,84.157,44.1,GameplayMeasurement,Early Run,1,30,29.998,33.336,33.439,33.484,33.49,33.286,24.182,33.262,N/A,78498,18,145.046,276.793,9.676,13.988,12,11,36,0,4,51,320,node_0_60,3.735,16,11,3.47,early,15,N/A,N/A,11,-1,0,Very Low,N/A,1
oppo_full_03_20260809,81,85.191,45.133,GameplayMeasurement,Early Run,1,31,29.999,33.334,33.436,33.503,33.526,33.344,24.262,33.271,N/A,86888,18,145.076,276.793,9.68,13.988,12,11,53,0,4,68,303,node_0_60,3.752,17,11,3.504,early,15,N/A,N/A,11,-1,0,Very Low,N/A,1
oppo_full_03_20260809,82,86.224,46.167,GameplayMeasurement,Early Run,1,31,30.003,33.33,33.422,33.447,33.454,33.324,24.422,33.282,N/A,70528,18,145.068,276.793,9.68,13.988,13,11,47,0,4,63,308,node_0_60,3.769,17,11,3.539,early,15,N/A,N/A,11,-1,0,Very Low,N/A,1
oppo_full_03_20260809,83,87.241,47.183,GameplayMeasurement,Early Run,1,30,29.508,33.889,33.541,45.226,49.995,33.875,23.883,33.825,N/A,68244,18,145.076,276.793,9.684,13.988,13,11,56,0,4,71,300,node_0_60,3.786,17,11,3.573,early,15,N/A,N/A,11,-1,0,Very Low,N/A,1
oppo_full_03_20260809,84,88.241,48.183,GameplayMeasurement,Early Run,1,30,29.998,33.335,33.423,33.493,33.52,33.336,24.378,33.256,N/A,61764,18,145.053,276.793,9.695,13.988,12,11,69,0,4,83,288,node_0_60,3.803,17,11,3.606,early,15,N/A,N/A,11,-1,0,Very Low,N/A,1
oppo_full_03_20260809,85,89.241,49.183,GameplayMeasurement,Early Run,1,30,29.999,33.334,33.501,33.504,33.505,33.347,24.369,33.262,N/A,55008,18,145.06,276.793,9.738,13.988,12,11,64,0,4,78,293,node_0_60,3.82,17,11,3.639,early,15,N/A,N/A,11,-1,0,Very Low,N/A,1
oppo_full_03_20260809,86,90.274,50.217,GameplayMeasurement,Early Run,1,31,30,33.333,33.464,33.484,33.485,33.336,24.337,33.249,N/A,61804,18,145.076,276.793,9.789,13.988,12,11,54,0,4,69,302,node_0_60,3.837,17,11,3.674,early,15,N/A,N/A,11,-1,0,Very Low,N/A,1
oppo_full_03_20260809,87,91.274,51.217,GameplayMeasurement,Early Run,1,30,29.999,33.334,33.433,33.457,33.464,33.333,24.542,33.257,N/A,66222,18,145.078,276.793,9.836,13.988,12,11,50,0,4,64,307,node_0_60,3.854,17,11,3.707,early,15,N/A,N/A,11,-1,0,Very Low,N/A,1
oppo_full_03_20260809,88,92.307,52.25,GameplayMeasurement,Early Run,1,31,30.002,33.331,33.504,33.537,33.551,33.341,24.111,33.233,N/A,64714,18,145.086,276.793,9.891,13.988,12,11,53,0,4,67,304,node_0_60,3.871,17,11,3.742,early,15,N/A,N/A,11,-1,0,Very Low,N/A,1
oppo_full_03_20260809,89,93.324,53.267,GameplayMeasurement,Early Run,1,30,29.511,33.885,33.619,45.254,49.972,33.878,23.585,33.836,N/A,69420,18,145.11,276.793,9.957,13.988,14,13,48,0,4,63,308,node_0_60,3.888,17,12,3.776,early,15,N/A,N/A,11,-1,0,Very Low,N/A,1
oppo_full_03_20260809,90,94.324,54.267,GameplayMeasurement,Early Run,1,30,29.998,33.335,33.458,33.477,33.485,33.331,24.038,33.247,N/A,67548,18,145.081,276.793,10.023,13.988,14,12,42,0,4,56,315,node_0_60,3.904,17,12,3.809,early,15,N/A,N/A,11,-1,0,Very Low,N/A,1
oppo_full_03_20260809,91,95.324,55.267,GameplayMeasurement,Early Run,1,30,29.998,33.335,33.491,33.515,33.521,33.323,24.404,33.272,N/A,56240,18,145.074,276.793,10.078,13.988,14,12,45,0,4,59,312,node_0_60,3.921,18,12,3.842,early,15,N/A,N/A,11,-1,0,Very Low,N/A,1
oppo_full_03_20260809,92,96.324,56.267,GameplayMeasurement,Early Run,1,30,29.998,33.336,33.425,33.462,33.476,33.351,23.831,33.243,N/A,61976,18,145.09,276.793,10.133,13.988,14,12,53,0,4,67,304,node_0_60,3.938,18,12,3.876,early,15,N/A,N/A,11,-1,0,Very Low,N/A,1
oppo_full_03_20260809,93,97.358,57.3,GameplayMeasurement,Early Run,1,31,29.998,33.336,33.537,33.548,33.549,33.326,24.495,33.252,N/A,63958,18,145.091,276.793,10.191,13.988,14,12,47,0,4,61,310,node_0_60,3.955,18,12,3.91,early,15,N/A,N/A,11,-1,0,Very Low,N/A,1
oppo_full_03_20260809,94,98.391,58.333,GameplayMeasurement,Early Run,1,31,30.004,33.329,33.43,33.475,33.489,33.321,23.147,33.273,N/A,71436,18,145.109,276.793,10.258,13.988,14,12,54,0,4,68,303,node_0_60,3.972,18,12,3.944,early,15,N/A,N/A,11,-1,0,Very Low,N/A,1
oppo_full_03_20260809,95,99.424,59.367,GameplayMeasurement,Early Run,1,31,29.999,33.335,33.444,33.492,33.505,33.351,23.413,33.262,N/A,63348,18,145.14,276.793,10.313,13.988,13,12,71,0,4,86,285,node_0_60,3.989,18,12,3.979,early,15,N/A,N/A,11,-1,0,Very Low,N/A,1
oppo_full_03_20260809,96,100.424,60.367,GameplayMeasurement,60-180 Seconds,1,30,29.999,33.334,33.424,33.45,33.458,33.33,23.622,33.287,N/A,78148,18,145.167,276.793,10.414,13.988,13,12,64,0,4,80,291,node_60_180,4.006,18,12,4.009,early,15,N/A,N/A,11,-1,0,Very Low,N/A,1
oppo_full_03_20260809,97,101.457,61.4,GameplayMeasurement,60-180 Seconds,1,31,30.004,33.329,33.421,33.441,33.446,33.328,24.091,33.27,N/A,73908,18,145.162,276.793,10.496,13.988,13,12,57,0,4,73,298,node_60_180,4.023,18,12,4.035,early,15,N/A,N/A,11,-1,0,Very Low,N/A,1
oppo_full_03_20260809,98,102.457,62.4,GameplayMeasurement,60-180 Seconds,1,30,29.999,33.334,33.444,33.491,33.51,33.344,24.045,33.284,N/A,74000,18,145.164,276.793,10.578,13.988,13,12,49,0,4,64,307,node_60_180,4.04,18,12,4.06,early,15,N/A,N/A,11,-1,0,Very Low,N/A,1
oppo_full_03_20260809,99,103.457,63.4,GameplayMeasurement,60-180 Seconds,1,30,29.998,33.336,33.462,33.5,33.515,33.321,23.452,33.263,N/A,76904,18,145.181,276.793,10.664,13.988,13,12,49,0,4,64,307,node_60_180,4.057,18,12,4.085,early,15,N/A,N/A,11,-1,0,Very Low,N/A,1
oppo_full_03_20260809,100,104.474,64.417,GameplayMeasurement,60-180 Seconds,1,30,29.505,33.893,33.459,45.184,49.972,33.919,22.499,33.836,N/A,69794,18,145.259,276.793,10.746,13.988,13,12,57,0,4,73,298,node_60_180,4.074,18,12,4.11,early,15,N/A,N/A,11,-1,0,Very Low,N/A,1
oppo_full_03_20260809,101,105.507,65.45,GameplayMeasurement,60-180 Seconds,1,31,30.004,33.329,33.425,33.451,33.463,33.31,23.489,33.294,N/A,75182,18,145.331,276.793,10.84,13.988,14,12,39,0,4,58,313,node_60_180,4.091,18,12,4.136,early,15,N/A,N/A,11,-1,0,Very Low,N/A,1
oppo_full_03_20260809,102,106.541,66.483,GameplayMeasurement,60-180 Seconds,1,31,30.005,33.328,33.397,33.403,33.404,33.333,23.59,33.244,N/A,69110,18,145.329,276.793,10.914,13.988,14,12,49,0,4,68,303,node_60_180,4.108,19,12,4.162,early,15,N/A,N/A,11,-1,0,Very Low,N/A,1
oppo_full_03_20260809,103,107.541,67.483,GameplayMeasurement,60-180 Seconds,1,30,29.997,33.336,33.422,33.447,33.456,33.325,23.511,33.295,N/A,67144,21,145.289,276.793,9.98,13.988,14,12,50,0,4,66,305,node_60_180,4.125,19,12,4.187,early,15,N/A,N/A,11,-1,0,Very Low,N/A,1
oppo_full_03_20260809,104,108.574,68.517,GameplayMeasurement,60-180 Seconds,1,31,29.999,33.334,33.473,33.486,33.491,33.362,23.342,33.258,N/A,71434,21,145.329,276.793,9.98,13.988,15,14,62,0,4,79,292,node_60_180,4.142,19,13,4.213,early,15,N/A,N/A,11,-1,0,Very Low,N/A,1
oppo_full_03_20260809,105,109.591,69.533,GameplayMeasurement,60-180 Seconds,1,30,29.506,33.892,33.611,45.332,50.064,33.873,22.897,33.852,N/A,72110,21,145.295,276.793,9.98,13.988,14,13,52,0,4,67,304,node_60_180,4.159,19,13,4.238,early,15,N/A,N/A,11,-1,0,Very Low,N/A,1
oppo_full_03_20260809,106,110.624,70.567,GameplayMeasurement,60-180 Seconds,1,31,29.999,33.334,33.415,33.443,33.455,33.331,23.94,33.29,N/A,62300,21,145.316,276.793,9.98,13.988,15,13,60,0,4,76,295,node_60_180,4.176,19,13,4.264,early,15,N/A,N/A,11,-1,0,Very Low,N/A,1
oppo_full_03_20260809,107,111.657,71.6,GameplayMeasurement,60-180 Seconds,1,31,30,33.333,33.449,33.456,33.456,33.345,23.709,33.251,N/A,62320,21,145.295,276.793,9.98,13.988,14,13,52,0,4,67,304,node_60_180,4.193,19,13,4.29,early,15,N/A,N/A,11,-1,0,Very Low,N/A,1
oppo_full_03_20260809,108,112.691,72.633,GameplayMeasurement,60-180 Seconds,1,31,30.006,33.327,33.445,33.506,33.528,33.316,23.622,33.299,N/A,67368,21,145.25,276.793,10,13.988,14,13,39,0,4,53,318,node_60_180,4.211,19,13,4.316,early,15,N/A,N/A,11,-1,0,Very Low,N/A,1
oppo_full_03_20260809,109,113.691,73.633,GameplayMeasurement,60-180 Seconds,1,30,29.999,33.334,33.46,33.49,33.497,33.342,24.028,33.277,N/A,71904,21,145.292,276.793,10.051,13.988,15,13,42,0,4,57,314,node_60_180,4.227,19,13,4.341,early,15,N/A,N/A,11,-1,0,Very Low,N/A,1
oppo_full_03_20260809,110,114.707,74.65,GameplayMeasurement,60-180 Seconds,1,30,29.507,33.891,33.473,45.161,49.932,33.876,22.933,33.834,N/A,76770,21,145.34,276.793,10.109,13.988,15,13,40,0,4,57,314,node_60_180,4.244,19,13,4.366,early,15,N/A,N/A,11,-1,0,Very Low,N/A,1
oppo_full_03_20260809,111,115.741,75.683,GameplayMeasurement,60-180 Seconds,1,31,29.999,33.334,33.435,33.506,33.536,33.367,23.299,33.281,N/A,78954,21,145.328,276.793,10.164,13.988,14,13,43,0,4,59,312,node_60_180,4.261,19,13,4.392,early,15,N/A,N/A,11,-1,0,Very Low,N/A,1
oppo_full_03_20260809,112,116.774,76.717,GameplayMeasurement,60-180 Seconds,1,31,29.999,33.335,33.434,33.444,33.448,33.307,23.612,33.258,N/A,78356,21,145.355,276.793,10.23,13.988,15,13,45,0,4,63,308,node_60_180,4.279,19,13,4.418,early,15,N/A,N/A,11,-1,0,Very Low,N/A,1
oppo_full_03_20260809,113,117.807,77.75,GameplayMeasurement,60-180 Seconds,1,31,30,33.334,33.406,33.431,33.442,33.337,23.123,33.269,N/A,72516,21,145.359,276.793,10.289,13.988,14,13,57,0,4,74,297,node_60_180,4.296,19,13,4.444,early,15,N/A,N/A,11,-1,0,Very Low,N/A,1
oppo_full_03_20260809,114,118.841,78.783,GameplayMeasurement,60-180 Seconds,1,31,30,33.334,33.431,33.484,33.505,33.338,23.697,33.271,N/A,62576,21,145.365,276.793,10.34,13.988,15,13,61,0,4,79,292,node_60_180,4.313,20,13,4.47,early,15,N/A,N/A,11,-1,0,Very Low,N/A,1
oppo_full_03_20260809,115,119.874,79.817,GameplayMeasurement,60-180 Seconds,1,31,30.003,33.33,33.436,33.553,33.596,33.312,23.617,33.278,N/A,61144,21,145.346,276.793,10.391,13.988,15,13,50,0,4,67,304,node_60_180,4.33,20,13,4.495,early,15,N/A,N/A,11,-1,0,Very Low,N/A,1
oppo_full_03_20260809,116,120.874,80.817,GameplayMeasurement,60-180 Seconds,1,30,30,33.333,33.451,33.523,33.544,33.335,22.958,33.81,N/A,70506,21,145.328,276.793,10.457,13.988,14,13,35,0,4,51,320,node_60_180,4.347,20,13,4.52,early,15,N/A,N/A,11,-1,0,Very Low,N/A,1
oppo_full_03_20260809,117,121.874,81.817,GameplayMeasurement,60-180 Seconds,1,30,29.996,33.338,33.429,33.435,33.438,33.346,23.735,32.743,N/A,59470,21,145.348,276.793,10.504,13.988,15,13,48,0,4,64,307,node_60_180,4.364,20,13,4.545,early,15,N/A,N/A,11,-1,0,Very Low,N/A,1
oppo_full_03_20260809,118,122.907,82.85,GameplayMeasurement,60-180 Seconds,1,31,30.004,33.329,33.443,33.462,33.469,33.332,23.644,33.251,N/A,80064,21,145.329,276.793,10.582,13.988,15,14,35,0,4,50,321,node_60_180,4.381,20,14,4.571,early,15,N/A,N/A,11,-1,0,Very Low,N/A,1
oppo_full_03_20260809,119,123.907,83.85,GameplayMeasurement,60-180 Seconds,1,30,29.999,33.334,33.424,33.499,33.527,33.351,23.382,33.312,N/A,74750,21,145.375,276.793,10.656,13.988,16,14,34,0,4,51,320,node_60_180,4.397,20,14,4.596,early,15,N/A,N/A,11,-1,0,Very Low,N/A,1
oppo_full_03_20260809,120,124.941,84.883,GameplayMeasurement,60-180 Seconds,1,31,30.001,33.332,33.416,33.424,33.425,33.32,23.487,33.266,N/A,63276,21,145.386,276.793,10.711,13.988,15,14,48,0,4,64,307,node_60_180,4.415,20,14,4.622,early,15,N/A,N/A,11,-1,0,Very Low,N/A,1
oppo_full_03_20260809,121,125.941,85.883,GameplayMeasurement,60-180 Seconds,1,30,29.997,33.336,33.401,33.412,33.416,33.337,23.226,33.263,N/A,71158,21,145.371,276.793,10.789,13.988,16,14,50,0,4,66,305,node_60_180,4.431,20,14,4.647,early,15,N/A,N/A,11,-1,0,Very Low,N/A,1
oppo_full_03_20260809,122,126.957,86.9,GameplayMeasurement,60-180 Seconds,1,30,29.509,33.888,33.451,45.229,50.037,33.877,23.442,33.835,N/A,67630,21,145.392,276.793,10.844,13.988,15,14,57,0,4,73,298,node_60_180,4.448,20,14,4.672,early,15,N/A,N/A,11,-1,0,Very Low,N/A,1
oppo_full_03_20260809,123,127.957,87.9,GameplayMeasurement,60-180 Seconds,1,30,29.998,33.336,33.431,33.449,33.454,33.335,24.258,33.274,N/A,66526,21,145.407,276.793,10.922,13.988,16,14,54,0,4,71,300,node_60_180,4.465,20,14,4.698,early,15,N/A,N/A,11,-1,0,Very Low,N/A,1
oppo_full_03_20260809,124,128.991,88.933,GameplayMeasurement,60-180 Seconds,1,31,30,33.334,33.478,33.502,33.506,33.341,24.572,33.241,N/A,64844,21,145.414,276.793,10.996,13.988,16,15,57,0,4,74,297,node_60_180,4.482,20,14,4.723,early,15,N/A,N/A,11,-1,0,Very Low,N/A,1
oppo_full_03_20260809,125,130.024,89.967,GameplayMeasurement,60-180 Seconds,1,31,30.004,33.329,33.451,33.508,33.524,33.325,24.143,33.276,N/A,72932,24,145.428,276.793,10.121,13.988,16,14,54,0,4,72,299,node_60_180,4.499,20,14,4.749,early,15,N/A,N/A,11,-1,0,Very Low,N/A,1
oppo_full_03_20260809,126,131.024,90.967,GameplayMeasurement,60-180 Seconds,1,30,30,33.334,33.414,33.456,33.471,33.351,24.569,33.267,N/A,79524,24,145.458,276.793,10.133,13.988,15,14,38,0,4,56,315,node_60_180,4.516,21,14,4.774,early,15,N/A,N/A,11,-1,0,Very Low,N/A,1
oppo_full_03_20260809,127,132.024,91.967,GameplayMeasurement,60-180 Seconds,1,30,29.999,33.334,33.442,33.448,33.448,33.323,23.592,33.269,N/A,71510,24,145.496,276.793,10.133,13.988,16,14,35,0,4,54,317,node_60_180,4.533,21,14,4.799,early,15,N/A,N/A,11,-1,0,Very Low,N/A,1
oppo_full_03_20260809,128,133.058,93,GameplayMeasurement,60-180 Seconds,1,31,29.997,33.337,33.485,33.528,33.537,33.32,23.524,33.284,N/A,78592,24,145.455,276.793,10.133,13.988,16,14,34,0,4,52,319,node_60_180,4.55,21,14,4.825,early,15,N/A,N/A,11,-1,0,Very Low,N/A,1
oppo_full_03_20260809,129,134.091,94.033,GameplayMeasurement,60-180 Seconds,1,31,30.003,33.331,33.457,33.488,33.499,33.351,24.732,33.253,N/A,73292,24,145.476,276.793,10.133,13.988,15,14,34,0,4,52,319,node_60_180,4.567,21,14,4.851,early,15,N/A,N/A,11,-1,0,Very Low,N/A,1
oppo_full_03_20260809,130,135.091,95.033,GameplayMeasurement,60-180 Seconds,1,30,29.999,33.335,33.447,33.48,33.491,33.348,24.439,33.258,N/A,66686,24,145.448,276.793,10.133,13.988,16,14,40,0,4,57,314,node_60_180,4.584,21,14,4.876,early,15,N/A,N/A,11,-1,0,Very Low,N/A,1
oppo_full_03_20260809,131,136.124,96.067,GameplayMeasurement,60-180 Seconds,1,31,30.005,33.327,33.424,33.438,33.441,33.312,24.598,33.268,N/A,79356,24,145.448,276.793,10.176,13.988,16,14,54,0,4,70,301,node_60_180,4.601,21,14,4.902,early,15,N/A,N/A,11,-1,0,Very Low,N/A,1
oppo_full_03_20260809,132,137.124,97.067,GameplayMeasurement,60-180 Seconds,1,30,29.994,33.34,33.45,33.51,33.531,33.326,24.249,33.264,N/A,71198,24,145.45,276.793,10.223,13.988,15,14,46,0,4,61,310,node_60_180,4.618,21,14,4.927,early,15,N/A,N/A,11,-1,0,Very Low,N/A,1
oppo_full_03_20260809,133,138.141,98.083,GameplayMeasurement,60-180 Seconds,1,30,29.513,33.883,33.511,45.296,50.105,33.907,23.842,33.8,N/A,81652,24,145.515,276.793,10.285,13.988,17,15,44,0,4,61,310,node_60_180,4.635,21,15,4.952,early,15,N/A,N/A,11,-1,0,Very Low,N/A,1
oppo_full_03_20260809,134,139.141,99.083,GameplayMeasurement,60-180 Seconds,1,30,29.999,33.334,33.448,33.463,33.463,33.327,24.526,33.283,N/A,73752,24,145.546,276.793,10.336,13.988,17,15,38,0,4,56,315,node_60_180,4.651,21,15,4.977,early,15,N/A,N/A,11,-1,0,Very Low,N/A,1
oppo_full_03_20260809,135,140.141,100.083,GameplayMeasurement,60-180 Seconds,1,30,29.997,33.337,33.484,33.502,33.508,33.348,24.582,33.292,N/A,73038,24,145.555,276.793,10.387,13.988,17,16,43,0,4,61,310,node_60_180,4.668,21,15,5.002,early,15,N/A,N/A,11,-1,0,Very Low,N/A,1
oppo_full_03_20260809,136,141.174,101.117,GameplayMeasurement,60-180 Seconds,1,31,30.006,33.327,33.417,33.442,33.452,33.325,24.479,33.246,N/A,80438,24,145.605,276.793,10.457,13.988,17,15,41,0,4,62,309,node_60_180,4.685,21,15,5.028,early,15,N/A,N/A,11,-1,0,Very Low,N/A,1
oppo_full_03_20260809,137,142.174,102.117,GameplayMeasurement,60-180 Seconds,1,30,29.997,33.336,33.49,33.523,33.525,33.334,24.89,33.27,N/A,71862,24,145.599,276.793,10.512,13.988,17,15,40,0,4,60,311,node_60_180,4.702,22,15,5.053,early,15,N/A,N/A,11,-1,0,Very Low,N/A,1
oppo_full_03_20260809,138,143.191,103.133,GameplayMeasurement,60-180 Seconds,1,30,29.508,33.889,33.538,45.222,49.985,33.901,23.881,33.836,N/A,70646,24,145.586,276.793,10.574,13.988,17,15,44,0,4,64,307,node_60_180,4.719,22,15,5.078,early,15,N/A,N/A,11,-1,0,Very Low,N/A,1
oppo_full_03_20260809,139,144.191,104.133,GameplayMeasurement,60-180 Seconds,1,30,29.998,33.335,33.434,33.47,33.484,33.309,23.571,33.305,N/A,73822,24,145.567,276.793,10.625,13.988,16,15,48,0,4,66,305,node_60_180,4.736,22,15,5.103,early,15,N/A,N/A,11,-1,0,Very Low,N/A,1
oppo_full_03_20260809,140,145.224,105.167,GameplayMeasurement,60-180 Seconds,1,31,30.004,33.328,33.405,33.453,33.47,33.326,24.383,33.238,N/A,84210,24,145.604,276.793,10.703,13.988,17,15,46,0,4,66,305,node_60_180,4.753,22,15,5.129,early,15,N/A,N/A,11,-1,0,Very Low,N/A,1
oppo_full_03_20260809,141,146.224,106.167,GameplayMeasurement,60-180 Seconds,1,30,29.996,33.337,33.488,33.582,33.612,33.342,24.561,33.311,N/A,77108,24,145.664,276.793,10.777,13.988,17,15,41,0,4,63,308,node_60_180,4.769,22,15,5.154,early,15,N/A,N/A,11,-1,0,Very Low,N/A,1
oppo_full_03_20260809,142,147.224,107.167,GameplayMeasurement,60-180 Seconds,1,30,29.995,33.339,33.484,33.523,33.537,33.338,24.682,33.221,N/A,61972,24,145.616,276.793,10.832,13.988,17,15,46,0,4,66,305,node_60_180,4.786,22,15,5.179,early,15,N/A,N/A,11,-1,0,Very Low,N/A,1
oppo_full_03_20260809,143,148.241,108.183,GameplayMeasurement,60-180 Seconds,1,30,29.512,33.884,33.468,45.198,49.982,33.323,24.42,34.045,N/A,56254,24,145.644,276.793,10.895,13.988,17,15,49,0,4,70,301,node_60_180,4.803,22,15,5.205,early,15,N/A,N/A,11,-1,0,Very Low,N/A,1
oppo_full_03_20260809,144,149.274,109.217,GameplayMeasurement,60-180 Seconds,1,31,30.004,33.329,33.49,33.523,33.53,33.88,22.667,33.049,N/A,68898,24,145.605,276.793,10.969,13.988,17,15,47,0,4,65,306,node_60_180,4.82,22,15,5.23,early,15,N/A,N/A,11,-1,0,Very Low,N/A,1
oppo_full_03_20260809,145,150.274,110.217,GameplayMeasurement,60-180 Seconds,1,30,29.995,33.339,33.422,33.587,33.653,33.336,24.503,33.252,N/A,70012,24,145.594,276.793,11.039,13.988,16,15,48,0,4,65,306,node_60_180,4.837,22,15,5.255,early,15,N/A,N/A,11,-1,0,Very Low,N/A,1
oppo_full_03_20260809,146,151.274,111.217,GameplayMeasurement,60-180 Seconds,1,30,29.999,33.334,33.449,33.53,33.562,33.332,24.569,33.272,N/A,57546,27,145.6,276.793,10.309,13.988,17,15,55,0,4,73,298,node_60_180,4.854,22,15,5.28,early,15,N/A,N/A,11,-1,0,Very Low,N/A,1
oppo_full_03_20260809,147,152.307,112.25,GameplayMeasurement,60-180 Seconds,1,31,30,33.333,33.471,33.486,33.49,33.336,24.782,33.258,N/A,64000,27,145.598,276.793,10.309,13.988,17,15,54,0,4,71,300,node_60_180,4.871,22,15,5.306,early,15,N/A,N/A,11,-1,0,Very Low,N/A,1
oppo_full_03_20260809,148,153.341,113.283,GameplayMeasurement,60-180 Seconds,1,31,30.004,33.329,33.428,33.488,33.512,33.33,23.815,33.27,N/A,77986,27,145.632,276.793,10.309,13.988,17,16,46,0,4,64,307,node_60_180,4.888,22,16,5.332,early,15,N/A,N/A,11,-1,0,Very Low,N/A,1
oppo_full_03_20260809,149,154.357,114.3,GameplayMeasurement,60-180 Seconds,1,30,29.509,33.888,33.487,45.151,49.897,33.898,23.778,33.819,N/A,74646,27,145.659,276.793,10.309,13.988,17,16,41,0,4,60,311,node_60_180,4.905,23,16,5.357,early,15,N/A,N/A,11,-1,0,Very Low,N/A,1
oppo_full_03_20260809,150,155.357,115.3,GameplayMeasurement,60-180 Seconds,1,30,29.998,33.336,33.43,33.442,33.443,33.327,24.569,33.271,N/A,62366,27,145.676,276.793,10.309,13.988,18,16,53,0,4,73,298,node_60_180,4.922,23,16,5.383,early,15,N/A,N/A,11,-1,0,Very Low,N/A,1
oppo_full_03_20260809,151,156.391,116.333,GameplayMeasurement,60-180 Seconds,1,31,30,33.333,33.459,33.474,33.475,33.331,24.641,33.247,N/A,68452,27,145.679,276.793,10.316,13.988,18,17,60,0,4,79,292,node_60_180,4.939,23,16,5.408,early,15,N/A,N/A,11,-1,0,Very Low,N/A,1
oppo_full_03_20260809,152,157.391,117.333,GameplayMeasurement,60-180 Seconds,1,30,29.998,33.336,33.412,33.456,33.472,33.316,24.534,33.293,N/A,67090,27,145.686,276.793,10.316,13.988,18,16,44,0,4,64,307,node_60_180,4.956,23,16,5.433,early,15,N/A,N/A,11,-1,0,Very Low,N/A,1
oppo_full_03_20260809,153,158.424,118.367,GameplayMeasurement,60-180 Seconds,1,31,30.003,33.33,33.443,33.477,33.486,33.361,24.405,33.242,N/A,85450,27,145.731,276.793,10.316,13.988,18,17,35,0,4,56,315,node_60_180,4.973,23,16,5.459,early,15,N/A,N/A,11,-1,0,Very Low,N/A,1
oppo_full_03_20260809,154,159.441,119.383,GameplayMeasurement,60-180 Seconds,1,30,29.505,33.892,33.496,45.083,49.815,33.872,24.03,33.834,N/A,63336,27,145.713,276.793,10.348,13.988,17,16,43,0,4,63,308,node_60_180,4.99,23,16,5.485,early,15,N/A,N/A,11,-1,0,Very Low,N/A,1
oppo_full_03_20260809,155,160.441,120.383,GameplayMeasurement,60-180 Seconds,1,30,29.999,33.334,33.446,33.478,33.491,33.339,24.82,33.301,N/A,78936,27,145.716,276.793,10.402,13.988,17,16,40,0,4,60,311,node_60_180,5.006,23,16,5.51,early,15,N/A,N/A,11,-1,0,Very Low,N/A,1
oppo_full_03_20260809,156,161.474,121.417,GameplayMeasurement,60-180 Seconds,1,31,30.003,33.33,33.452,33.468,33.474,33.326,24.677,33.256,N/A,79014,27,145.697,276.793,10.457,13.988,18,16,31,0,4,49,322,node_60_180,5.024,23,16,5.535,early,15,N/A,N/A,11,-1,0,Very Low,N/A,1
oppo_full_03_20260809,157,162.474,122.417,GameplayMeasurement,60-180 Seconds,1,30,29.999,33.334,33.462,33.494,33.505,33.323,24.583,33.257,N/A,72544,27,145.709,276.793,10.516,13.988,18,16,30,0,4,49,322,node_60_180,5.04,23,16,5.56,early,15,N/A,N/A,11,-1,0,Very Low,N/A,1
oppo_full_03_20260809,158,163.474,123.417,GameplayMeasurement,60-180 Seconds,1,30,29.998,33.335,33.461,33.466,33.468,33.347,24.603,33.272,N/A,81884,27,145.777,276.793,10.566,13.988,18,16,33,0,4,54,317,node_60_180,5.057,23,16,5.585,early,15,N/A,N/A,11,-1,0,Very Low,N/A,1
oppo_full_03_20260809,159,164.507,124.45,GameplayMeasurement,60-180 Seconds,1,31,30.005,33.328,33.428,33.45,33.456,33.326,24.822,33.253,N/A,78890,27,145.764,276.793,10.629,13.988,18,16,35,0,4,55,316,node_60_180,5.074,23,16,5.611,early,15,N/A,N/A,11,-1,0,Very Low,N/A,1
oppo_full_03_20260809,160,165.541,125.483,GameplayMeasurement,60-180 Seconds,1,31,30.001,33.332,33.434,33.444,33.448,33.363,24.222,33.293,N/A,62048,27,145.78,276.793,10.668,13.988,18,16,45,0,4,66,305,node_60_180,5.091,23,16,5.637,early,15,N/A,N/A,11,-1,0,Very Low,N/A,1
oppo_full_03_20260809,161,166.541,126.483,GameplayMeasurement,60-180 Seconds,1,30,29.995,33.339,33.461,33.542,33.571,33.322,24.695,33.242,N/A,71628,27,145.728,276.793,10.734,13.988,18,16,44,0,4,62,309,node_60_180,5.108,24,16,5.662,early,15,N/A,N/A,11,-1,0,Very Low,N/A,1
oppo_full_03_20260809,162,167.574,127.517,GameplayMeasurement,60-180 Seconds,1,31,30.003,33.33,33.417,33.486,33.508,33.315,24.57,33.292,N/A,71842,27,145.793,276.793,10.789,13.988,19,17,49,0,4,70,301,node_60_180,5.125,24,17,5.688,early,15,N/A,N/A,11,-1,0,Very Low,N/A,1
oppo_full_03_20260809,163,168.574,128.517,GameplayMeasurement,60-180 Seconds,1,30,30,33.333,33.434,33.444,33.446,33.343,24.848,33.248,N/A,71686,27,145.802,276.793,10.852,13.988,19,17,39,0,4,60,311,node_60_180,5.142,24,17,5.713,early,15,N/A,N/A,11,-1,0,Very Low,N/A,1
oppo_full_03_20260809,164,169.607,129.55,GameplayMeasurement,60-180 Seconds,1,31,30.003,33.33,33.429,33.486,33.507,33.325,24.554,33.266,N/A,81908,27,145.814,276.793,10.922,13.988,19,17,36,0,4,57,314,node_60_180,5.159,24,17,5.739,early,15,N/A,N/A,11,-1,0,Very Low,N/A,1
oppo_full_03_20260809,165,170.608,130.55,GameplayMeasurement,60-180 Seconds,1,30,29.993,33.341,33.424,33.499,33.528,33.346,23.68,33.3,N/A,83718,27,145.831,276.793,11.012,13.988,19,17,34,0,4,56,315,node_60_180,5.176,24,17,5.764,early,15,N/A,N/A,11,-1,0,Very Low,N/A,1
oppo_full_03_20260809,166,171.641,131.583,GameplayMeasurement,60-180 Seconds,1,31,30.005,33.328,33.456,33.496,33.513,33.339,24.939,33.254,N/A,67568,27,145.81,276.793,11.082,13.988,19,17,30,0,4,52,319,node_60_180,5.193,24,17,5.79,early,15,N/A,N/A,11,-1,0,Very Low,N/A,1
oppo_full_03_20260809,167,172.674,132.616,GameplayMeasurement,60-180 Seconds,1,31,30.001,33.332,33.438,33.47,33.471,33.308,24.662,33.302,N/A,81012,30,145.876,277.793,10.48,14.113,19,17,29,0,4,51,320,node_60_180,5.21,24,17,5.815,early,15,N/A,N/A,11,-1,0,Very Low,N/A,1
oppo_full_03_20260809,168,173.674,133.617,GameplayMeasurement,60-180 Seconds,1,30,29.997,33.337,33.439,33.457,33.459,33.364,21.698,33.235,N/A,73306,30,145.871,277.793,10.48,14.113,19,17,29,0,4,50,321,node_60_180,5.227,24,17,5.84,early,15,N/A,N/A,11,-1,0,Very Low,N/A,1
oppo_full_03_20260809,169,174.674,134.617,GameplayMeasurement,60-180 Seconds,1,30,29.998,33.335,33.48,33.524,33.536,33.313,24.607,33.27,N/A,78610,30,145.892,277.793,10.48,14.113,19,17,29,0,4,51,320,node_60_180,5.244,24,17,5.865,early,15,N/A,N/A,11,-1,0,Very Low,N/A,1
oppo_full_03_20260809,170,175.691,135.633,GameplayMeasurement,60-180 Seconds,1,30,29.508,33.889,33.475,45.209,49.999,34.042,24.112,33.825,N/A,82982,30,145.871,277.793,10.484,14.113,19,17,30,0,4,51,320,node_60_180,5.261,24,17,5.891,early,15,N/A,N/A,11,-1,0,Very Low,N/A,1
oppo_full_03_20260809,171,176.691,136.633,GameplayMeasurement,60-180 Seconds,1,30,29.998,33.335,33.447,33.457,33.46,33.186,20.832,33.288,N/A,74686,30,145.88,277.793,10.484,14.113,19,17,38,0,4,59,312,node_60_180,5.277,24,17,5.916,early,15,N/A,N/A,11,-1,0,Very Low,N/A,1
oppo_full_03_20260809,172,177.724,137.667,GameplayMeasurement,60-180 Seconds,1,31,30.005,33.328,33.433,33.461,33.468,33.332,24.039,33.262,N/A,73624,30,145.889,277.793,10.484,14.113,18,17,52,0,4,73,298,node_60_180,5.294,24,17,5.942,early,15,N/A,N/A,11,-1,0,Very Low,N/A,1
oppo_full_03_20260809,173,178.724,138.667,GameplayMeasurement,60-180 Seconds,1,30,29.997,33.337,33.435,33.471,33.484,33.332,25.265,33.256,N/A,56686,30,145.867,277.793,10.484,14.113,19,17,58,0,4,79,292,node_60_180,5.311,25,17,5.967,early,15,N/A,N/A,11,-1,0,Very Low,N/A,1
oppo_full_03_20260809,174,179.724,139.667,GameplayMeasurement,60-180 Seconds,1,30,29.999,33.334,33.467,33.487,33.489,33.348,24.892,33.265,N/A,68314,30,145.845,277.793,10.484,14.113,19,17,47,0,4,67,304,node_60_180,5.328,25,17,5.992,early,15,N/A,N/A,11,-1,0,Very Low,N/A,1
oppo_full_03_20260809,175,180.757,140.7,GameplayMeasurement,60-180 Seconds,1,31,30,33.333,33.403,33.424,33.432,33.328,24.816,33.276,N/A,79128,30,145.873,277.793,10.484,14.113,20,17,37,0,4,58,313,node_60_180,5.345,25,17,6.017,early,15,N/A,N/A,11,-1,0,Very Low,N/A,1
oppo_full_03_20260809,176,181.791,141.733,GameplayMeasurement,60-180 Seconds,1,31,30.003,33.33,33.445,33.518,33.549,33.339,23.566,33.282,N/A,72496,30,145.866,277.793,10.512,14.113,19,17,38,0,4,58,313,node_60_180,5.362,25,17,6.043,early,15,N/A,N/A,11,-1,0,Very Low,N/A,1
oppo_full_03_20260809,177,182.807,142.75,GameplayMeasurement,60-180 Seconds,1,30,29.509,33.888,33.476,45.19,49.973,33.885,20.607,33.792,N/A,69474,30,145.856,277.793,10.559,14.113,20,18,35,0,4,55,316,node_60_180,5.379,25,18,6.069,early,15,N/A,N/A,11,-1,0,Very Low,N/A,1
oppo_full_03_20260809,178,183.807,143.75,GameplayMeasurement,60-180 Seconds,1,30,29.999,33.334,33.447,33.496,33.511,33.312,24.206,33.268,N/A,73926,30,145.858,277.793,10.617,14.113,20,18,33,0,4,54,317,node_60_180,5.396,25,18,6.094,early,15,N/A,N/A,11,-1,0,Very Low,N/A,1
oppo_full_03_20260809,179,184.807,144.75,GameplayMeasurement,60-180 Seconds,1,30,29.997,33.337,33.442,33.461,33.461,33.359,23.891,33.304,N/A,82782,30,145.916,277.793,10.664,14.113,20,18,35,0,4,58,313,node_60_180,5.412,25,18,6.119,early,15,N/A,N/A,11,-1,0,Very Low,N/A,1
oppo_full_03_20260809,180,185.841,145.783,GameplayMeasurement,60-180 Seconds,1,31,30.001,33.333,33.444,33.46,33.465,33.332,24.813,33.257,N/A,81128,30,145.902,277.793,10.723,14.113,20,18,33,0,4,56,315,node_60_180,5.43,25,18,6.145,early,15,N/A,N/A,11,-1,0,Very Low,N/A,1
oppo_full_03_20260809,181,186.874,146.817,GameplayMeasurement,60-180 Seconds,1,31,30.003,33.33,33.437,33.475,33.491,33.328,24.536,33.273,N/A,86916,30,145.889,277.793,10.781,14.113,20,18,29,0,4,51,320,node_60_180,5.447,25,18,6.17,early,15,N/A,N/A,11,-1,0,Very Low,N/A,1
oppo_full_03_20260809,182,187.891,147.833,GameplayMeasurement,60-180 Seconds,1,30,29.506,33.892,33.444,45.197,49.986,33.891,22.648,33.833,N/A,62914,30,145.905,277.793,10.832,14.113,20,18,46,0,4,68,303,node_60_180,5.464,25,18,6.196,early,15,N/A,N/A,11,-1,0,Very Low,N/A,1
oppo_full_03_20260809,183,188.891,148.833,GameplayMeasurement,60-180 Seconds,1,30,29.996,33.338,33.448,33.464,33.468,33.314,23.085,33.255,N/A,69082,30,145.891,277.793,10.887,14.113,20,18,42,0,4,64,307,node_60_180,5.481,25,18,6.221,early,15,N/A,N/A,11,-1,0,Very Low,N/A,1
oppo_full_03_20260809,184,189.924,149.867,GameplayMeasurement,60-180 Seconds,1,31,30.006,33.327,33.415,33.468,33.483,33.338,24.604,33.265,N/A,78832,30,145.886,277.793,10.957,14.113,20,18,46,0,4,67,304,node_60_180,5.498,25,18,6.247,early,15,N/A,N/A,11,-1,0,Very Low,N/A,1
oppo_full_03_20260809,185,190.924,150.867,GameplayMeasurement,60-180 Seconds,1,30,29.996,33.338,33.485,33.535,33.555,33.339,24.606,33.293,N/A,81062,30,145.929,277.793,11.031,14.113,21,19,40,0,4,63,308,node_60_180,5.514,26,18,6.272,early,15,N/A,N/A,11,-1,0,Very Low,N/A,1
oppo_full_03_20260809,186,191.924,151.867,GameplayMeasurement,60-180 Seconds,1,30,29.999,33.334,33.46,33.47,33.471,33.34,24.814,33.268,N/A,68466,30,145.923,277.793,11.086,14.113,20,18,54,0,4,77,294,node_60_180,5.531,26,18,6.297,early,15,N/A,N/A,11,-1,0,Very Low,N/A,1
oppo_full_03_20260809,187,192.924,152.867,GameplayMeasurement,60-180 Seconds,1,30,29.999,33.335,33.466,33.483,33.487,33.367,24.468,33.257,N/A,68250,30,145.958,277.793,11.152,14.113,21,18,46,0,4,71,300,node_60_180,5.548,26,18,6.322,early,15,N/A,N/A,11,-1,0,Very Low,N/A,1
oppo_full_03_20260809,188,193.941,153.883,GameplayMeasurement,60-180 Seconds,1,30,29.511,33.886,33.506,45.116,49.841,33.855,24.51,33.863,N/A,78726,30,145.917,277.793,11.238,14.113,21,18,42,0,4,65,306,node_60_180,5.565,26,18,6.347,early,15,N/A,N/A,11,-1,0,Very Low,N/A,1
oppo_full_03_20260809,189,194.941,154.883,GameplayMeasurement,60-180 Seconds,1,30,30,33.334,33.488,33.522,33.526,33.337,24.621,33.245,N/A,65398,33,145.904,277.793,10.602,14.113,20,18,49,0,4,71,300,node_60_180,5.581,26,18,6.372,early,15,N/A,N/A,11,-1,0,Very Low,N/A,1
oppo_full_03_20260809,190,195.974,155.917,GameplayMeasurement,60-180 Seconds,1,31,29.999,33.335,33.437,33.48,33.496,33.355,24.59,33.273,N/A,68864,33,145.924,277.793,10.602,14.113,20,18,40,0,4,63,308,node_60_180,5.599,26,18,6.398,early,15,N/A,N/A,11,-1,0,Very Low,N/A,1
oppo_full_03_20260809,191,197.007,156.95,GameplayMeasurement,60-180 Seconds,1,31,30,33.333,33.444,33.527,33.558,33.286,24.8,33.295,N/A,73556,33,145.859,277.793,10.602,14.113,20,18,36,0,4,56,315,node_60_180,5.616,26,18,6.424,early,15,N/A,N/A,11,-1,0,Very Low,N/A,1
oppo_full_03_20260809,192,198.041,157.983,GameplayMeasurement,60-180 Seconds,1,31,30.005,33.328,33.41,33.433,33.441,33.367,24.651,33.243,N/A,78784,33,145.912,277.793,10.602,14.113,21,19,38,0,4,60,311,node_60_180,5.633,26,19,6.45,early,15,N/A,N/A,11,-1,0,Very Low,N/A,1
oppo_full_03_20260809,193,199.057,159,GameplayMeasurement,60-180 Seconds,1,30,29.505,33.892,33.456,45.243,50.052,33.89,22.95,33.827,N/A,78674,33,145.927,277.793,10.602,14.113,21,19,32,0,4,55,316,node_60_180,5.65,26,19,6.475,early,15,N/A,N/A,11,-1,0,Very Low,N/A,1
oppo_full_03_20260809,194,200.057,160,GameplayMeasurement,60-180 Seconds,1,30,29.998,33.336,33.462,33.472,33.474,33.318,23.796,33.279,N/A,69786,33,145.927,277.793,10.602,14.113,21,19,29,0,4,52,319,node_60_180,5.667,26,19,6.5,early,15,N/A,N/A,11,-1,0,Very Low,N/A,1
oppo_full_03_20260809,195,201.091,161.033,GameplayMeasurement,60-180 Seconds,1,31,30.005,33.328,33.412,33.42,33.421,33.33,23.485,33.271,N/A,82136,33,145.934,277.793,10.602,14.113,21,19,27,0,4,50,321,node_60_180,5.684,26,19,6.526,early,15,N/A,N/A,11,-1,0,Very Low,N/A,1
oppo_full_03_20260809,196,202.091,162.033,GameplayMeasurement,60-180 Seconds,1,30,29.998,33.336,33.396,33.424,33.434,33.356,23.822,33.298,N/A,64626,33,145.956,277.793,10.602,14.113,21,19,31,0,4,56,315,node_60_180,5.701,27,19,6.551,early,15,N/A,N/A,11,-1,0,Very Low,N/A,1
oppo_full_03_20260809,197,203.124,163.066,GameplayMeasurement,60-180 Seconds,1,31,30,33.333,33.436,33.472,33.483,33.304,24.223,33.267,N/A,85984,33,145.896,277.793,10.602,14.113,21,19,40,0,4,61,310,node_60_180,5.718,27,19,6.577,early,15,N/A,N/A,11,-1,0,Very Low,N/A,1
oppo_full_03_20260809,198,204.141,164.083,GameplayMeasurement,60-180 Seconds,1,30,29.507,33.89,33.462,45.21,50.006,33.324,23.712,33.833,N/A,80850,33,145.938,277.793,10.637,14.113,21,19,40,0,4,63,308,node_60_180,5.735,27,19,6.602,early,15,N/A,N/A,11,-1,0,Very Low,N/A,1
oppo_full_03_20260809,199,205.174,165.116,GameplayMeasurement,60-180 Seconds,1,31,30,33.333,33.48,33.491,33.494,33.891,24.598,33.303,N/A,87512,33,145.967,277.793,10.699,14.113,21,19,36,0,4,61,310,node_60_180,5.752,27,19,6.628,early,15,N/A,N/A,11,-1,0,Very Low,N/A,1
oppo_full_03_20260809,200,206.207,166.15,GameplayMeasurement,60-180 Seconds,1,31,30.005,33.328,33.471,33.504,33.506,33.323,25.024,33.269,N/A,76988,33,145.97,277.793,10.75,14.113,21,19,32,0,4,57,314,node_60_180,5.769,27,19,6.654,early,15,N/A,N/A,11,-1,0,Very Low,N/A,1
oppo_full_03_20260809,201,207.207,167.15,GameplayMeasurement,60-180 Seconds,1,30,29.996,33.338,33.464,33.477,33.481,33.335,24.966,33.243,N/A,68930,33,145.964,277.793,10.793,14.113,21,19,34,0,4,59,312,node_60_180,5.786,27,19,6.679,early,15,N/A,N/A,11,-1,0,Very Low,N/A,1
oppo_full_03_20260809,202,208.207,168.15,GameplayMeasurement,60-180 Seconds,1,30,29.996,33.337,33.457,33.505,33.523,33.327,24.719,33.273,N/A,68490,33,145.901,277.793,10.84,14.113,21,19,37,0,4,59,312,node_60_180,5.802,27,19,6.704,early,15,N/A,N/A,11,-1,0,Very Low,N/A,1
oppo_full_03_20260809,203,209.241,169.183,GameplayMeasurement,60-180 Seconds,1,31,30.005,33.328,33.435,33.452,33.457,33.334,24.619,33.27,N/A,87924,33,145.909,277.793,10.898,14.113,21,19,30,0,4,52,319,node_60_180,5.82,27,19,6.73,early,15,N/A,N/A,11,-1,0,Very Low,N/A,1
oppo_full_03_20260809,204,210.257,170.2,GameplayMeasurement,60-180 Seconds,1,30,29.51,33.887,33.484,45.271,50.083,33.886,23.983,33.814,N/A,72454,33,145.937,277.793,10.953,14.113,22,19,31,0,4,55,316,node_60_180,5.837,27,19,6.755,early,15,N/A,N/A,11,-1,0,Very Low,N/A,1
oppo_full_03_20260809,205,211.257,171.2,GameplayMeasurement,60-180 Seconds,1,30,29.999,33.334,33.454,33.473,33.478,33.338,24.844,33.276,N/A,74330,33,145.953,277.793,11.008,14.113,21,19,35,0,4,59,312,node_60_180,5.853,27,19,6.78,early,15,N/A,N/A,11,-1,0,Very Low,N/A,1
oppo_full_03_20260809,206,212.257,172.2,GameplayMeasurement,60-180 Seconds,1,30,29.995,33.339,33.481,33.508,33.518,33.338,24.966,33.287,N/A,77698,33,145.926,277.793,11.07,14.113,21,19,38,0,4,61,310,node_60_180,5.87,27,19,6.805,early,15,N/A,N/A,11,-1,0,Very Low,N/A,1
oppo_full_03_20260809,207,213.291,173.233,GameplayMeasurement,60-180 Seconds,1,31,29.998,33.335,33.456,33.486,33.494,33.341,24.874,33.289,N/A,80432,33,145.949,277.793,11.141,14.113,22,20,29,0,4,52,319,node_60_180,5.887,27,20,6.831,early,15,N/A,N/A,11,-1,0,Very Low,N/A,1
oppo_full_03_20260809,208,214.324,174.266,GameplayMeasurement,60-180 Seconds,1,31,30.005,33.328,33.439,33.452,33.456,33.328,24.638,33.257,N/A,84552,33,145.984,277.793,11.223,14.113,22,20,42,0,4,67,304,node_60_180,5.904,28,20,6.857,early,15,N/A,N/A,11,-1,0,Very Low,N/A,1
oppo_full_03_20260809,209,215.341,175.283,GameplayMeasurement,60-180 Seconds,1,30,29.509,33.888,33.47,45.24,50.042,33.879,24.482,33.827,N/A,85762,36,145.984,277.793,10.727,14.113,22,20,37,0,4,62,309,node_60_180,5.921,28,20,6.882,early,15,N/A,N/A,11,-1,0,Very Low,N/A,1
oppo_full_03_20260809,210,216.374,176.316,GameplayMeasurement,60-180 Seconds,1,31,29.999,33.334,33.414,33.448,33.458,33.346,24.833,33.303,N/A,79060,36,145.999,277.793,10.727,14.113,22,20,39,0,4,65,306,node_60_180,5.939,28,20,6.908,early,15,N/A,N/A,11,-1,0,Very Low,N/A,1
oppo_full_03_20260809,211,217.374,177.316,GameplayMeasurement,60-180 Seconds,1,30,29.998,33.336,33.432,33.444,33.444,33.319,24.726,33.256,N/A,82874,36,145.999,277.793,10.727,14.113,23,20,35,0,4,61,310,node_60_180,5.955,28,20,6.933,early,15,N/A,N/A,11,-1,0,Very Low,N/A,1
oppo_full_03_20260809,212,218.374,178.316,GameplayMeasurement,60-180 Seconds,1,30,30,33.334,33.431,33.481,33.499,33.353,24.579,33.293,N/A,84126,36,146.042,277.793,10.727,14.113,22,20,39,0,4,67,304,node_60_180,5.972,28,20,6.958,early,15,N/A,N/A,11,-1,0,Very Low,N/A,1
oppo_full_03_20260809,213,219.407,179.35,GameplayMeasurement,60-180 Seconds,1,31,30.001,33.332,33.448,33.455,33.458,33.315,24.662,33.267,N/A,87056,36,146.077,277.793,10.727,14.113,23,20,36,0,4,65,306,node_60_180,5.989,28,20,6.984,early,15,N/A,N/A,11,-1,0,Very Low,N/A,1
oppo_full_03_20260809,214,220.441,180.383,GameplayMeasurement,180-300 Seconds,1,31,30.003,33.33,33.448,33.499,33.508,33.336,24.756,33.275,N/A,85160,36,146.221,277.793,10.73,14.113,22,20,32,0,4,61,310,node_180_300,6.006,28,20,7.01,early,15,N/A,N/A,11,-1,0,Very Low,N/A,1
oppo_full_03_20260809,215,221.441,181.383,GameplayMeasurement,180-300 Seconds,1,30,29.997,33.336,33.433,33.475,33.492,33.322,23.551,33.281,N/A,83324,36,146,277.793,10.73,14.113,22,20,33,0,4,59,312,node_180_300,6.023,28,20,7.035,early,15,N/A,N/A,11,-1,0,Very Low,N/A,1
oppo_full_03_20260809,216,222.441,182.383,GameplayMeasurement,180-300 Seconds,1,30,30,33.334,33.418,33.437,33.444,33.339,24.391,33.284,N/A,74122,36,145.967,277.793,10.73,14.113,22,20,27,0,4,51,320,node_180_300,6.04,28,20,7.06,early,15,N/A,N/A,11,-1,0,Very Low,N/A,1
oppo_full_03_20260809,217,223.474,183.417,GameplayMeasurement,180-300 Seconds,1,31,30,33.334,33.438,33.458,33.463,33.337,24.162,33.27,N/A,89020,36,146.007,277.793,10.73,14.113,22,20,26,0,4,52,319,node_180_300,6.057,28,20,7.085,early,15,N/A,N/A,11,-1,0,Very Low,N/A,1
oppo_full_03_20260809,218,224.474,184.417,GameplayMeasurement,180-300 Seconds,1,30,29.999,33.335,33.426,33.434,33.436,33.333,24.194,33.294,N/A,79626,36,146.075,277.793,10.734,14.113,22,20,28,0,4,57,314,node_180_300,6.074,28,20,7.11,early,15,N/A,N/A,11,-1,0,Very Low,N/A,1
oppo_full_03_20260809,219,225.507,185.45,GameplayMeasurement,180-300 Seconds,1,31,30.002,33.331,33.427,33.441,33.444,33.347,24.811,33.279,N/A,72588,36,146.019,277.793,10.766,14.113,22,20,39,0,4,66,305,node_180_300,6.091,28,20,7.136,early,15,N/A,N/A,11,-1,0,Very Low,N/A,1
oppo_full_03_20260809,220,226.524,186.466,GameplayMeasurement,180-300 Seconds,1,30,29.512,33.884,33.784,45.348,49.972,33.885,24.407,33.835,N/A,78262,36,145.968,277.793,10.82,14.113,23,20,40,0,4,65,306,node_180_300,6.108,29,20,7.162,early,15,N/A,N/A,11,-1,0,Very Low,N/A,1
oppo_full_03_20260809,221,227.524,187.466,GameplayMeasurement,180-300 Seconds,1,30,29.998,33.336,33.424,33.468,33.484,33.332,24.453,33.291,N/A,81342,36,145.977,277.793,10.871,14.113,23,20,42,0,4,66,305,node_180_300,6.124,29,20,7.187,early,15,N/A,N/A,11,-1,0,Very Low,N/A,1
oppo_full_03_20260809,222,228.524,188.466,GameplayMeasurement,180-300 Seconds,1,30,29.998,33.336,33.492,33.522,33.532,33.348,24.467,33.262,N/A,68518,36,145.961,277.793,10.922,14.113,22,20,37,0,4,61,310,node_180_300,6.141,29,20,7.212,early,15,N/A,N/A,11,-1,0,Very Low,N/A,1
oppo_full_03_20260809,223,229.557,189.5,GameplayMeasurement,180-300 Seconds,1,31,30,33.333,33.407,33.462,33.476,33.329,23.857,33.276,N/A,83052,36,145.962,277.793,10.984,14.113,23,21,34,0,4,58,313,node_180_300,6.158,29,21,7.237,early,15,N/A,N/A,11,-1,0,Very Low,N/A,1
oppo_full_03_20260809,224,230.557,190.5,GameplayMeasurement,180-300 Seconds,1,30,29.999,33.335,33.41,33.446,33.46,33.324,23.717,33.302,N/A,75070,36,145.991,277.793,11.035,14.113,23,21,36,0,4,61,310,node_180_300,6.175,29,21,7.262,early,15,N/A,N/A,11,-1,0,Very Low,N/A,1
oppo_full_03_20260809,225,231.607,191.55,GameplayMeasurement,180-300 Seconds,1,31,29.525,33.87,33.457,45.066,50.032,33.326,23.673,34.053,N/A,81060,36,146.018,277.793,11.098,14.113,23,21,35,0,4,62,309,node_180_300,6.192,29,21,7.289,early,15,N/A,N/A,11,-1,0,Very Low,N/A,1
oppo_full_03_20260809,226,232.641,192.583,GameplayMeasurement,180-300 Seconds,1,31,30.003,33.33,33.427,33.44,33.445,33.876,24.343,33.027,N/A,81440,36,146.024,277.793,11.16,14.113,23,21,29,0,4,56,315,node_180_300,6.21,29,21,7.315,early,15,N/A,N/A,11,-1,0,Very Low,N/A,1
oppo_full_03_20260809,227,233.641,193.583,GameplayMeasurement,180-300 Seconds,1,30,29.998,33.335,33.415,33.438,33.445,33.33,24.625,33.29,N/A,83354,36,145.998,277.793,11.242,14.113,23,21,30,0,4,56,315,node_180_300,6.226,29,21,7.34,early,15,N/A,N/A,11,-1,0,Very Low,N/A,1
oppo_full_03_20260809,228,234.641,194.583,GameplayMeasurement,180-300 Seconds,1,30,30,33.334,33.397,33.428,33.44,33.321,24.547,33.278,N/A,74542,36,146.049,277.793,11.293,14.113,23,21,41,0,4,69,302,node_180_300,6.243,29,21,7.365,early,15,N/A,N/A,11,-1,0,Very Low,N/A,1
oppo_full_03_20260809,229,235.641,195.583,GameplayMeasurement,180-300 Seconds,1,30,29.999,33.335,33.444,33.463,33.468,33.345,24.814,33.25,N/A,86962,39,146.005,277.793,10.836,14.113,23,21,35,0,4,61,310,node_180_300,6.26,29,21,7.39,early,15,N/A,N/A,11,-1,0,Very Low,N/A,1
oppo_full_03_20260809,230,236.641,196.583,GameplayMeasurement,180-300 Seconds,1,30,30,33.334,33.422,33.442,33.446,33.326,25.193,33.278,N/A,76822,39,146.013,277.793,10.836,14.113,23,21,32,0,4,59,312,node_180_300,6.276,29,21,7.415,early,15,N/A,N/A,11,-1,0,Very Low,N/A,1
oppo_full_03_20260809,231,237.657,197.6,GameplayMeasurement,180-300 Seconds,1,30,29.509,33.887,33.434,45.219,50.03,33.897,23.928,33.84,N/A,81198,39,146.056,277.793,10.836,14.113,23,21,31,0,4,59,312,node_180_300,6.293,29,21,7.44,early,15,N/A,N/A,11,-1,0,Very Low,N/A,1
oppo_full_03_20260809,232,238.657,198.6,GameplayMeasurement,180-300 Seconds,1,30,29.999,33.334,33.428,33.451,33.458,33.341,24.632,33.297,N/A,74546,39,146.047,277.793,10.836,14.113,23,21,31,0,4,59,312,node_180_300,6.31,30,21,7.465,early,15,N/A,N/A,11,-1,0,Very Low,N/A,1
oppo_full_03_20260809,233,239.691,199.633,GameplayMeasurement,180-300 Seconds,1,31,30.002,33.331,33.459,33.469,33.474,33.327,25.008,33.232,N/A,78820,39,145.999,277.793,10.836,14.113,24,21,27,0,4,53,318,node_180_300,6.327,30,21,7.491,early,15,N/A,N/A,11,-1,0,Very Low,N/A,1
oppo_full_03_20260809,234,240.724,200.666,GameplayMeasurement,180-300 Seconds,1,31,30.002,33.331,33.44,33.449,33.449,33.334,24.734,33.293,N/A,74712,39,145.96,277.793,10.836,14.113,23,21,43,0,4,67,304,node_180_300,6.344,30,21,7.517,early,15,N/A,N/A,11,-1,0,Very Low,N/A,1
oppo_full_03_20260809,235,241.724,201.666,GameplayMeasurement,180-300 Seconds,1,30,29.996,33.337,33.482,33.503,33.505,33.337,24.726,33.271,N/A,82946,39,145.996,277.793,10.836,14.113,23,21,42,0,4,67,304,node_180_300,6.361,30,21,7.542,early,15,N/A,N/A,11,-1,0,Very Low,N/A,1
oppo_full_03_20260809,236,242.757,202.7,GameplayMeasurement,180-300 Seconds,1,31,29.999,33.334,33.435,33.468,33.475,33.329,24.253,33.277,N/A,77120,39,146.049,277.793,10.836,14.113,23,21,33,0,4,60,311,node_180_300,6.378,30,21,7.567,early,15,N/A,N/A,11,-1,0,Very Low,N/A,1
oppo_full_03_20260809,237,243.774,203.716,GameplayMeasurement,180-300 Seconds,1,30,29.512,33.885,33.441,45.184,49.979,33.889,24.218,33.839,N/A,80734,39,146.044,277.793,10.836,14.113,24,21,35,0,4,62,309,node_180_300,6.395,30,21,7.593,early,15,N/A,N/A,11,-1,0,Very Low,N/A,1
oppo_full_03_20260809,238,244.774,204.716,GameplayMeasurement,180-300 Seconds,1,30,30,33.333,33.454,33.481,33.489,33.325,24.133,33.271,N/A,75378,39,146.041,277.793,10.84,14.113,23,21,36,0,4,63,308,node_180_300,6.412,30,21,7.618,early,15,N/A,N/A,11,-1,0,Very Low,N/A,1
oppo_full_03_20260809,239,245.774,205.716,GameplayMeasurement,180-300 Seconds,1,30,29.999,33.334,33.417,33.498,33.524,33.342,24.69,33.291,N/A,78070,39,146.069,277.793,10.84,14.113,24,22,34,0,4,63,308,node_180_300,6.429,30,22,7.643,early,15,N/A,N/A,11,-1,0,Very Low,N/A,1
oppo_full_03_20260809,240,246.807,206.75,GameplayMeasurement,180-300 Seconds,1,31,30.001,33.332,33.453,33.484,33.497,33.337,25.003,33.269,N/A,84804,39,146.091,277.793,10.883,14.113,25,22,31,0,4,60,311,node_180_300,6.446,30,22,7.669,early,15,N/A,N/A,11,-1,0,Very Low,N/A,1
oppo_full_03_20260809,241,247.807,207.75,GameplayMeasurement,180-300 Seconds,1,30,29.996,33.338,33.463,33.496,33.502,33.337,24.605,33.288,N/A,69490,39,146.04,277.793,10.93,14.113,24,22,34,0,4,61,310,node_180_300,6.462,30,22,7.694,early,15,N/A,N/A,11,-1,0,Very Low,N/A,1
oppo_full_03_20260809,242,248.841,208.783,GameplayMeasurement,180-300 Seconds,1,31,29.998,33.336,33.454,33.539,33.57,33.323,25.084,33.263,N/A,77252,39,146.027,277.793,10.98,14.113,24,22,31,0,4,57,314,node_180_300,6.48,30,22,7.72,early,15,N/A,N/A,11,-1,0,Very Low,N/A,1
oppo_full_03_20260809,243,249.857,209.8,GameplayMeasurement,180-300 Seconds,1,30,29.512,33.885,33.541,45.21,49.939,33.883,24.145,33.857,N/A,79370,39,146.039,277.793,11.027,14.113,24,22,31,0,4,58,313,node_180_300,6.497,30,22,7.745,early,15,N/A,N/A,11,-1,0,Very Low,N/A,1
oppo_full_03_20260809,244,250.89,210.833,GameplayMeasurement,180-300 Seconds,1,31,30.002,33.331,33.406,33.423,33.429,33.333,24.581,33.256,N/A,84050,39,146.048,277.793,11.082,14.113,24,22,29,0,4,56,315,node_180_300,6.514,31,22,7.771,early,15,N/A,N/A,11,-1,0,Very Low,N/A,1
oppo_full_03_20260809,245,251.924,211.866,GameplayMeasurement,180-300 Seconds,1,31,29.998,33.336,33.448,33.477,33.489,33.334,25.027,33.275,N/A,77176,39,146.036,277.793,11.133,14.113,24,22,39,0,4,66,305,node_180_300,6.531,31,22,7.797,early,15,N/A,N/A,11,-1,0,Very Low,N/A,1
oppo_full_03_20260809,246,252.957,212.9,GameplayMeasurement,180-300 Seconds,1,31,29.998,33.335,33.419,33.439,33.445,33.368,24.875,33.278,N/A,81960,39,146.05,277.793,11.184,14.113,24,22,35,0,4,62,309,node_180_300,6.548,31,22,7.822,early,15,N/A,N/A,11,-1,0,Very Low,N/A,1
oppo_full_03_20260809,247,253.99,213.933,GameplayMeasurement,180-300 Seconds,1,31,30.002,33.331,33.417,33.425,33.425,33.314,24.818,33.275,N/A,81004,39,146.033,277.793,11.246,14.113,25,23,32,0,4,58,313,node_180_300,6.566,31,22,7.848,early,15,N/A,N/A,11,-1,0,Very Low,N/A,1
oppo_full_03_20260809,248,255.007,214.95,GameplayMeasurement,180-300 Seconds,1,30,29.505,33.893,33.552,45.279,50.062,33.879,23.219,33.827,N/A,78730,39,146.04,277.793,11.305,14.113,24,22,31,0,4,58,313,node_180_300,6.582,31,22,7.874,early,15,N/A,N/A,11,-1,0,Very Low,N/A,1
oppo_full_03_20260809,249,256.041,215.983,GameplayMeasurement,180-300 Seconds,1,31,30.001,33.332,33.453,33.485,33.487,33.331,24.392,33.28,N/A,80140,39,146.02,277.793,11.383,14.113,24,22,32,0,4,58,313,node_180_300,6.6,31,22,7.9,early,15,N/A,N/A,11,-1,0,Very Low,N/A,1
oppo_full_03_20260809,250,257.074,217.016,GameplayMeasurement,180-300 Seconds,1,31,30.004,33.328,33.428,33.449,33.456,33.33,24.321,33.301,N/A,88752,42,146.006,277.793,10.926,14.113,24,22,28,0,4,53,318,node_180_300,6.617,31,22,7.925,early,15,N/A,N/A,11,-1,0,Very Low,N/A,1
oppo_full_03_20260809,251,258.074,218.016,GameplayMeasurement,180-300 Seconds,1,30,29.996,33.338,33.424,33.457,33.47,33.35,23.555,33.251,N/A,85738,42,146.029,277.793,10.926,14.113,25,22,26,0,4,53,318,node_180_300,6.634,31,22,7.95,early,15,N/A,N/A,11,-1,0,Very Low,N/A,1
oppo_full_03_20260809,252,259.107,219.05,GameplayMeasurement,180-300 Seconds,1,31,30.002,33.331,33.404,33.48,33.509,33.323,24.515,33.29,N/A,95652,42,146.142,277.793,10.926,14.113,26,23,39,0,4,70,301,node_180_300,6.651,31,22,7.976,early,15,N/A,N/A,11,-1,0,Very Low,N/A,1
oppo_full_03_20260809,253,260.124,220.066,GameplayMeasurement,180-300 Seconds,1,30,29.51,33.887,33.454,45.286,50.119,33.878,24.725,33.816,N/A,78658,42,146.088,277.793,10.93,14.113,24,22,36,0,4,65,306,node_180_300,6.668,31,22,8.002,early,15,N/A,N/A,11,-1,0,Very Low,N/A,1
oppo_full_03_20260809,254,261.124,221.066,GameplayMeasurement,180-300 Seconds,1,30,29.997,33.337,33.485,33.525,33.54,33.37,25.134,33.309,N/A,75882,42,146.071,277.793,10.93,14.113,24,22,36,0,4,64,307,node_180_300,6.684,31,22,8.027,early,15,N/A,N/A,11,-1,0,Very Low,N/A,1
oppo_full_03_20260809,255,262.157,222.1,GameplayMeasurement,180-300 Seconds,1,31,30.001,33.332,33.426,33.442,33.446,33.312,24.926,33.242,N/A,82920,42,146.017,277.793,10.93,14.113,24,22,35,0,4,60,311,node_180_300,6.702,32,22,8.052,early,15,N/A,N/A,11,-1,0,Very Low,N/A,1
oppo_full_03_20260809,256,263.19,223.133,GameplayMeasurement,180-300 Seconds,1,31,30.002,33.332,33.43,33.545,33.589,33.337,24.701,33.302,N/A,77044,42,146.08,277.793,10.93,14.113,25,23,34,0,4,62,309,node_180_300,6.719,32,23,8.078,early,15,N/A,N/A,11,-1,0,Very Low,N/A,1
oppo_full_03_20260809,257,264.224,224.166,GameplayMeasurement,180-300 Seconds,1,31,29.997,33.336,33.435,33.453,33.456,33.339,25.098,33.268,N/A,76444,42,146.058,277.793,10.93,14.113,25,23,29,0,4,56,315,node_180_300,6.736,32,23,8.104,early,15,N/A,N/A,11,-1,0,Very Low,N/A,1
oppo_full_03_20260809,258,265.257,225.2,GameplayMeasurement,180-300 Seconds,1,31,30.003,33.33,33.421,33.432,33.436,33.321,24.924,33.255,N/A,82216,42,146.096,277.793,10.934,14.113,26,24,27,0,4,56,315,node_180_300,6.753,32,23,8.13,early,15,N/A,N/A,11,-1,0,Very Low,N/A,1
oppo_full_03_20260809,259,266.274,226.216,GameplayMeasurement,180-300 Seconds,1,30,29.505,33.893,33.467,45.249,50.061,33.905,23.292,33.841,N/A,63810,42,146.023,277.793,10.938,14.113,26,23,27,0,4,53,318,node_180_300,6.77,32,23,8.155,early,15,N/A,N/A,11,-1,0,Very Low,N/A,1
oppo_full_03_20260809,260,267.307,227.25,GameplayMeasurement,180-300 Seconds,1,31,30.002,33.332,33.457,33.484,33.487,33.316,24.301,33.273,N/A,76152,42,146.047,277.793,10.938,14.113,26,23,34,0,4,61,310,node_180_300,6.787,32,23,8.181,early,15,N/A,N/A,11,-1,0,Very Low,N/A,1
oppo_full_03_20260809,261,268.34,228.283,GameplayMeasurement,180-300 Seconds,1,31,30.001,33.332,33.398,33.456,33.481,33.325,24.128,33.282,N/A,93488,42,146.119,277.793,10.98,14.113,26,23,33,0,4,63,308,node_180_300,6.805,32,23,8.207,early,15,N/A,N/A,11,-1,0,Very Low,N/A,1
oppo_full_03_20260809,262,269.374,229.316,GameplayMeasurement,180-300 Seconds,1,31,30,33.334,33.408,33.421,33.423,33.356,23.934,33.291,N/A,78256,42,146.159,277.793,11.027,14.113,26,23,31,0,4,63,308,node_180_300,6.822,32,23,8.233,early,15,N/A,N/A,11,-1,0,Very Low,N/A,1
oppo_full_03_20260809,263,270.374,230.316,GameplayMeasurement,180-300 Seconds,1,30,29.997,33.337,33.44,33.484,33.502,33.313,24.309,33.296,N/A,76302,42,146.109,277.793,11.074,14.113,26,23,38,0,4,69,302,node_180_300,6.839,32,23,8.258,early,15,N/A,N/A,11,-1,0,Very Low,N/A,1
oppo_full_03_20260809,264,271.39,231.333,GameplayMeasurement,180-300 Seconds,1,30,29.508,33.889,33.469,45.182,49.958,33.9,24.622,33.824,N/A,83750,42,146.159,277.793,11.125,14.113,26,23,31,0,4,64,307,node_180_300,6.856,32,23,8.283,early,15,N/A,N/A,11,-1,0,Very Low,N/A,1
oppo_full_03_20260809,265,272.424,232.366,GameplayMeasurement,180-300 Seconds,1,31,30,33.333,33.436,33.469,33.473,33.325,24.822,33.27,N/A,84168,42,146.146,277.793,11.188,14.113,26,23,31,0,4,63,308,node_180_300,6.873,32,23,8.309,early,15,N/A,N/A,11,-1,0,Very Low,N/A,1
oppo_full_03_20260809,266,273.457,233.4,GameplayMeasurement,180-300 Seconds,1,31,30.003,33.33,33.422,33.466,33.479,33.336,25.092,33.277,N/A,88228,42,146.168,277.793,11.254,14.113,26,23,32,0,4,65,306,node_180_300,6.89,32,23,8.335,early,15,N/A,N/A,11,-1,0,Very Low,N/A,1
oppo_full_03_20260809,267,274.491,234.433,GameplayMeasurement,180-300 Seconds,1,31,29.999,33.334,33.43,33.446,33.45,33.341,24.736,33.28,N/A,86824,42,146.189,277.793,11.316,14.113,26,24,40,0,4,74,297,node_180_300,6.907,33,23,8.361,early,15,N/A,N/A,11,-1,0,Very Low,N/A,1
oppo_full_03_20260809,268,275.524,235.466,GameplayMeasurement,180-300 Seconds,1,31,30.001,33.333,33.434,33.438,33.438,33.336,24.981,33.311,N/A,72672,42,146.177,277.793,11.375,14.113,26,24,33,0,4,66,305,node_180_300,6.924,33,23,8.387,early,15,N/A,N/A,11,-1,0,Very Low,N/A,1
oppo_full_03_20260809,269,276.524,236.466,GameplayMeasurement,180-300 Seconds,1,29,29,34.483,33.479,57.421,66.724,34.582,24.515,34.4,N/A,82556,42,146.085,277.793,11.441,14.113,25,23,32,0,4,61,310,node_180_300,6.941,33,23,8.412,early,15,N/A,N/A,11,-1,0,Very Low,N/A,1
oppo_full_03_20260809,270,277.524,237.466,GameplayMeasurement,180-300 Seconds,1,30,29.999,33.334,33.401,33.406,33.408,33.231,24.56,33.294,N/A,78702,45,146.102,277.793,11.023,14.113,26,24,46,0,4,75,296,node_180_300,6.958,33,23,8.437,early,15,N/A,N/A,11,-1,0,Very Low,N/A,1
oppo_full_03_20260809,271,278.557,238.5,GameplayMeasurement,180-300 Seconds,1,31,30.003,33.33,33.451,33.453,33.453,33.339,25.093,33.271,N/A,76848,45,146.09,277.793,11.023,14.113,25,23,43,0,4,72,299,node_180_300,6.975,33,23,8.462,early,15,N/A,N/A,11,-1,0,Very Low,N/A,1
oppo_full_03_20260809,272,279.557,239.5,GameplayMeasurement,180-300 Seconds,1,30,30,33.333,33.435,33.513,33.533,33.33,24.916,33.29,N/A,72062,45,146.076,277.793,11.023,14.113,25,23,42,0,4,70,301,node_180_300,6.992,33,23,8.487,early,15,N/A,N/A,11,-1,0,Very Low,N/A,1
oppo_full_03_20260809,273,280.557,240.5,GameplayMeasurement,180-300 Seconds,1,30,29.996,33.338,33.43,33.464,33.476,33.341,24.955,33.273,N/A,91532,45,146.084,277.793,11.027,14.113,26,24,30,0,4,58,313,node_180_300,7.008,33,24,8.512,early,15,N/A,N/A,11,-1,0,Very Low,N/A,1
oppo_full_03_20260809,274,281.59,241.533,GameplayMeasurement,180-300 Seconds,1,31,30.003,33.331,33.423,33.441,33.448,33.328,24.722,33.27,N/A,87976,45,146.083,277.793,11.027,14.113,26,24,29,0,4,58,313,node_180_300,7.026,33,24,8.538,early,15,N/A,N/A,11,-1,0,Very Low,N/A,1
oppo_full_03_20260809,275,282.607,242.55,GameplayMeasurement,180-300 Seconds,1,30,29.507,33.89,33.492,45.326,50.157,33.878,24.858,33.856,N/A,87030,45,146.151,277.793,11.027,14.113,26,24,29,0,4,60,311,node_180_300,7.042,33,24,8.564,early,15,N/A,N/A,11,-1,0,Very Low,N/A,1
oppo_full_03_20260809,276,283.64,243.583,GameplayMeasurement,180-300 Seconds,1,31,30.002,33.331,33.476,33.528,33.546,33.347,25.552,33.259,N/A,87076,45,146.166,277.793,11.027,14.113,27,24,27,0,4,59,312,node_180_300,7.06,33,24,8.59,early,15,N/A,N/A,11,-1,0,Very Low,N/A,1
oppo_full_03_20260809,277,284.674,244.616,GameplayMeasurement,180-300 Seconds,1,31,30.001,33.332,33.439,33.481,33.495,33.332,25.49,33.29,N/A,80312,45,146.124,277.793,11.027,14.113,26,24,37,0,4,67,304,node_180_300,7.077,33,24,8.615,early,15,N/A,N/A,11,-1,0,Very Low,N/A,1
oppo_full_03_20260809,278,285.674,245.616,GameplayMeasurement,180-300 Seconds,1,30,29.999,33.334,33.412,33.42,33.422,33.328,25.281,33.264,N/A,75154,45,146.102,277.793,11.027,14.113,26,24,38,0,4,67,304,node_180_300,7.094,33,24,8.64,early,15,N/A,N/A,11,-1,0,Very Low,N/A,1
oppo_full_03_20260809,279,286.674,246.616,GameplayMeasurement,180-300 Seconds,1,30,29.999,33.335,33.42,33.442,33.451,33.34,24.89,33.277,N/A,82930,45,146.092,277.793,11.031,14.113,26,24,33,0,4,62,309,node_180_300,7.11,34,24,8.665,early,15,N/A,N/A,11,-1,0,Very Low,N/A,1
oppo_full_03_20260809,280,287.691,247.633,GameplayMeasurement,180-300 Seconds,1,30,29.504,33.894,33.534,45.332,50.13,33.875,23.957,33.854,N/A,80630,45,146.123,277.793,11.031,14.113,26,24,35,0,4,65,306,node_180_300,7.127,34,24,8.691,early,15,N/A,N/A,11,-1,0,Very Low,N/A,1
oppo_full_03_20260809,281,288.724,248.666,GameplayMeasurement,180-300 Seconds,1,31,30.005,33.328,33.417,33.56,33.615,33.342,24.551,33.276,N/A,76432,45,146.166,277.793,11.039,14.113,27,24,31,0,4,63,308,node_180_300,7.144,34,24,8.717,early,15,N/A,N/A,11,-1,0,Very Low,N/A,1
oppo_full_03_20260809,282,289.757,249.699,GameplayMeasurement,180-300 Seconds,1,31,30.002,33.331,33.418,33.452,33.466,33.328,24.291,33.278,N/A,82852,45,146.164,277.793,11.09,14.113,27,24,29,0,4,62,309,node_180_300,7.162,34,24,8.742,early,15,N/A,N/A,11,-1,0,Very Low,N/A,1
oppo_full_03_20260809,283,290.757,250.7,GameplayMeasurement,180-300 Seconds,1,30,29.998,33.336,33.389,33.418,33.429,33.34,24.448,33.284,N/A,76934,45,146.079,277.793,11.137,14.113,26,24,33,0,4,61,310,node_180_300,7.178,34,24,8.767,early,15,N/A,N/A,11,-1,0,Very Low,N/A,1
oppo_full_03_20260809,284,291.757,251.7,GameplayMeasurement,180-300 Seconds,1,30,29.997,33.337,33.418,33.457,33.472,33.34,24.821,33.281,N/A,73390,45,146.099,277.793,11.184,14.113,27,24,36,0,4,65,306,node_180_300,7.195,34,24,8.792,early,15,N/A,N/A,11,-1,0,Very Low,N/A,1
oppo_full_03_20260809,285,292.79,252.733,GameplayMeasurement,180-300 Seconds,1,31,30.004,33.329,33.425,33.457,33.467,33.312,24.391,33.268,N/A,85148,45,146.138,277.793,11.238,14.113,27,25,32,0,4,62,309,node_180_300,7.212,34,24,8.818,early,15,N/A,N/A,11,-1,0,Very Low,N/A,1
oppo_full_03_20260809,286,293.807,253.75,GameplayMeasurement,180-300 Seconds,1,30,29.504,33.893,33.428,45.187,49.987,33.895,24.349,33.834,N/A,87174,45,146.087,277.793,11.293,14.113,26,24,29,0,4,57,314,node_180_300,7.229,34,24,8.844,early,15,N/A,N/A,11,-1,0,Very Low,N/A,1
oppo_full_03_20260809,287,294.841,254.783,GameplayMeasurement,180-300 Seconds,1,31,30.003,33.329,33.408,33.44,33.452,33.341,24.823,33.288,N/A,84188,45,146.171,277.793,11.348,14.113,27,24,27,0,4,59,312,node_180_300,7.246,34,24,8.87,early,15,N/A,N/A,11,-1,0,Very Low,N/A,1
oppo_full_03_20260809,288,295.874,255.816,GameplayMeasurement,180-300 Seconds,1,31,30,33.334,33.453,33.464,33.468,33.331,25.005,33.275,N/A,89616,45,146.108,277.793,11.434,14.113,26,24,37,0,4,66,305,node_180_300,7.264,34,24,8.895,early,15,N/A,N/A,11,-1,0,Very Low,N/A,1
oppo_full_03_20260809,289,296.907,256.849,GameplayMeasurement,180-300 Seconds,1,31,30.001,33.332,33.429,33.448,33.451,33.331,25.047,33.272,N/A,87056,45,146.189,277.793,11.516,14.113,27,24,32,0,4,65,306,node_180_300,7.281,34,24,8.921,early,15,N/A,N/A,11,-1,0,Very Low,N/A,1
oppo_full_03_20260809,290,297.907,257.849,GameplayMeasurement,180-300 Seconds,1,30,29.999,33.335,33.434,33.454,33.455,33.334,24.383,33.285,N/A,76338,48,146.161,277.793,11.148,14.113,27,25,31,0,4,62,309,node_180_300,7.297,34,25,8.946,early,15,N/A,N/A,11,-1,0,Very Low,N/A,1
oppo_full_03_20260809,291,298.94,258.883,GameplayMeasurement,180-300 Seconds,1,31,30.002,33.332,33.427,33.499,33.524,33.324,24.581,33.28,N/A,78216,48,146.202,277.793,11.148,14.113,28,25,31,0,4,65,306,node_180_300,7.315,35,25,8.972,early,15,N/A,N/A,11,-1,0,Very Low,N/A,1
oppo_full_03_20260809,292,299.957,259.899,GameplayMeasurement,180-300 Seconds,1,30,29.509,33.888,33.417,45.228,50.05,33.906,23.243,33.829,N/A,78822,48,146.132,277.793,11.148,14.113,27,25,31,0,4,61,310,node_180_300,7.332,35,25,8.997,early,15,N/A,N/A,11,-1,0,Very Low,N/A,1
oppo_full_03_20260809,293,300.957,260.9,GameplayMeasurement,180-300 Seconds,1,30,29.994,33.34,33.447,33.458,33.462,33.324,24.384,33.285,N/A,79722,48,146.116,277.793,11.148,14.113,28,25,30,0,4,60,311,node_180_300,7.348,35,25,9.022,early,15,N/A,N/A,11,-1,0,Very Low,N/A,1
oppo_full_03_20260809,294,301.991,261.933,GameplayMeasurement,180-300 Seconds,1,31,30.001,33.333,33.452,33.453,33.454,33.354,24.195,33.304,N/A,81436,48,146.161,277.793,11.148,14.113,28,26,29,0,4,60,311,node_180_300,7.366,35,25,9.048,early,15,N/A,N/A,11,-1,0,Very Low,N/A,1
oppo_full_03_20260809,295,303.024,262.966,GameplayMeasurement,180-300 Seconds,1,31,30.005,33.327,33.432,33.437,33.439,33.327,24.534,33.251,N/A,82056,48,146.169,277.793,11.148,14.113,28,25,29,0,4,61,310,node_180_300,7.383,35,25,9.074,early,15,N/A,N/A,11,-1,0,Very Low,N/A,1
oppo_full_03_20260809,296,304.024,263.966,GameplayMeasurement,180-300 Seconds,1,30,29.998,33.335,33.455,33.515,33.537,33.32,24.473,33.287,N/A,79658,48,146.175,277.793,11.148,14.113,28,26,29,0,4,61,310,node_180_300,7.399,35,25,9.099,early,15,N/A,N/A,11,-1,0,Very Low,N/A,1
oppo_full_03_20260809,297,305.04,264.983,GameplayMeasurement,180-300 Seconds,1,30,29.507,33.891,33.483,45.317,50.149,34.249,24.434,33.839,N/A,77470,48,146.126,277.793,11.148,14.113,28,25,24,0,4,54,317,node_180_300,7.416,35,25,9.125,early,15,N/A,N/A,11,-1,0,Very Low,N/A,1
oppo_full_03_20260809,298,306.074,266.016,GameplayMeasurement,180-300 Seconds,1,31,30,33.333,33.485,33.506,33.511,32.985,24.396,33.27,N/A,86808,48,146.111,277.793,11.148,14.113,27,25,39,0,4,68,303,node_180_300,7.434,35,25,9.15,early,15,N/A,N/A,11,-1,0,Very Low,N/A,1
oppo_full_03_20260809,299,307.074,267.016,GameplayMeasurement,180-300 Seconds,1,30,29.999,33.335,33.429,33.476,33.491,33.34,24.379,33.283,N/A,77210,48,146.145,277.793,11.152,14.113,28,25,42,0,4,72,299,node_180_300,7.45,35,25,9.175,early,15,N/A,N/A,11,-1,0,Very Low,N/A,1
oppo_full_03_20260809,300,308.107,268.049,GameplayMeasurement,180-300 Seconds,1,31,30.001,33.332,33.697,34.006,34.022,33.335,24.384,33.284,N/A,78360,48,146.12,277.793,11.152,14.113,27,25,35,0,4,65,306,node_180_300,7.467,35,25,9.201,early,15,N/A,N/A,11,-1,0,Very Low,N/A,1
oppo_full_03_20260809,301,309.14,269.083,GameplayMeasurement,180-300 Seconds,1,31,29.999,33.334,33.405,33.422,33.429,33.32,24.72,33.292,N/A,88492,48,146.137,277.793,11.156,14.113,27,25,33,0,4,63,308,node_180_300,7.485,35,25,9.227,early,15,N/A,N/A,11,-1,0,Very Low,N/A,1
oppo_full_03_20260809,302,310.174,270.116,GameplayMeasurement,180-300 Seconds,1,31,29.999,33.335,33.418,33.429,33.431,33.327,25.008,33.278,N/A,88584,48,146.179,277.793,11.18,14.113,28,25,33,0,4,65,306,node_180_300,7.502,36,25,9.253,early,15,N/A,N/A,11,-1,0,Very Low,N/A,1
oppo_full_03_20260809,303,311.19,271.133,GameplayMeasurement,180-300 Seconds,1,30,29.509,33.888,33.42,45.248,50.076,33.899,22.535,33.837,N/A,77518,48,146.163,277.793,11.23,14.113,28,25,29,0,4,61,310,node_180_300,7.519,36,25,9.278,early,15,N/A,N/A,11,-1,0,Very Low,N/A,1
oppo_full_03_20260809,304,312.224,272.166,GameplayMeasurement,180-300 Seconds,1,31,30,33.333,33.462,33.488,33.495,33.34,21.818,33.252,N/A,76120,48,146.144,277.793,11.273,14.113,27,25,30,0,4,60,311,node_180_300,7.536,36,25,9.304,early,15,N/A,N/A,11,-1,0,Very Low,N/A,1
oppo_full_03_20260809,305,313.257,273.199,GameplayMeasurement,180-300 Seconds,1,31,30.002,33.332,33.445,33.453,33.456,33.319,23.293,33.298,N/A,77324,48,146.131,277.793,11.324,14.113,27,25,38,0,4,67,304,node_180_300,7.553,36,25,9.33,early,15,N/A,N/A,11,-1,0,Very Low,N/A,1
oppo_full_03_20260809,306,314.29,274.233,GameplayMeasurement,180-300 Seconds,1,31,29.998,33.336,33.432,33.449,33.456,33.337,25.585,33.289,N/A,79276,48,146.152,277.793,11.375,14.113,28,25,38,0,4,68,303,node_180_300,7.571,36,25,9.356,early,15,N/A,N/A,11,-1,0,Very Low,N/A,1
oppo_full_03_20260809,307,315.324,275.266,GameplayMeasurement,180-300 Seconds,1,31,29.998,33.336,33.449,33.478,33.483,33.336,24.738,33.272,N/A,84388,48,146.144,277.793,11.43,14.113,29,26,29,0,4,59,312,node_180_300,7.588,36,26,9.382,early,15,N/A,N/A,11,-1,0,Very Low,N/A,1
oppo_full_03_20260809,308,316.341,276.283,GameplayMeasurement,180-300 Seconds,1,30,29.508,33.89,33.494,45.121,49.864,33.893,24.677,33.829,N/A,77954,48,146.201,277.793,11.492,14.113,29,26,28,0,4,61,310,node_180_300,7.605,36,26,9.407,early,15,N/A,N/A,11,-1,0,Very Low,N/A,1
oppo_full_03_20260809,309,317.341,277.283,GameplayMeasurement,180-300 Seconds,1,30,29.994,33.34,33.42,33.604,33.678,33.324,25.033,33.287,N/A,81046,48,146.215,277.793,11.547,14.113,29,27,29,0,4,62,309,node_180_300,7.621,36,26,9.432,early,15,N/A,N/A,11,-1,0,Very Low,N/A,1
oppo_full_03_20260809,310,318.374,278.316,GameplayMeasurement,180-300 Seconds,1,31,30.006,33.326,33.452,33.78,33.916,33.341,25.552,33.271,N/A,77344,51,146.181,277.793,11.262,14.113,29,26,29,0,4,61,310,node_180_300,7.639,36,26,9.458,early,15,N/A,N/A,11,-1,0,Very Low,N/A,1
oppo_full_03_20260809,311,319.374,279.316,GameplayMeasurement,180-300 Seconds,1,30,30,33.333,33.407,33.43,33.434,33.334,25.133,33.282,N/A,69366,51,146.16,277.793,11.262,14.113,29,26,32,0,4,63,308,node_180_300,7.655,36,26,9.483,early,15,N/A,N/A,11,-1,0,Very Low,N/A,1
oppo_full_03_20260809,312,320.407,280.349,GameplayMeasurement,180-300 Seconds,1,31,30.003,33.33,33.457,33.513,33.535,33.344,25.327,33.271,N/A,80184,51,146.183,277.793,11.262,14.113,29,26,33,0,4,65,306,node_180_300,7.672,36,26,9.509,early,15,N/A,N/A,11,-1,0,Very Low,N/A,1
oppo_full_03_20260809,313,321.424,281.366,GameplayMeasurement,180-300 Seconds,1,30,29.507,33.89,33.442,45.218,50.028,34.034,25.202,33.862,N/A,72506,51,146.144,277.793,11.262,14.113,28,26,23,0,4,53,318,node_180_300,7.689,36,26,9.534,early,15,N/A,N/A,11,-1,0,Very Low,N/A,1
oppo_full_03_20260809,314,322.457,282.399,GameplayMeasurement,180-300 Seconds,1,31,30.003,33.33,33.411,33.477,33.499,33.18,25.218,33.243,N/A,71268,51,146.183,277.793,11.262,14.113,28,26,32,0,4,64,307,node_180_300,7.707,37,26,9.56,early,15,N/A,N/A,11,-1,0,Very Low,N/A,1
oppo_full_03_20260809,315,323.457,283.399,GameplayMeasurement,180-300 Seconds,1,30,29.997,33.337,33.425,33.454,33.461,33.331,25.364,33.289,N/A,60222,51,146.158,277.793,11.262,14.113,28,26,32,0,4,62,309,node_180_300,7.723,37,26,9.585,early,15,N/A,N/A,11,-1,0,Very Low,N/A,1
oppo_full_03_20260809,316,324.49,284.433,GameplayMeasurement,180-300 Seconds,1,31,30.004,33.329,33.436,33.482,33.49,33.331,25.12,33.279,N/A,63664,51,146.18,277.793,11.262,14.113,29,26,33,0,4,65,306,node_180_300,7.741,37,26,9.611,early,15,N/A,N/A,11,-1,0,Very Low,N/A,1
oppo_full_03_20260809,317,325.49,285.433,GameplayMeasurement,180-300 Seconds,1,30,29.998,33.335,33.418,33.427,33.427,33.334,25.378,33.269,N/A,74564,51,146.176,277.793,11.266,14.113,29,26,34,0,4,65,306,node_180_300,7.757,37,26,9.636,early,15,N/A,N/A,11,-1,0,Very Low,N/A,1
oppo_full_03_20260809,318,326.49,286.432,GameplayMeasurement,180-300 Seconds,1,30,30,33.333,33.485,33.492,33.493,33.334,25.693,33.282,N/A,59258,51,146.164,277.793,11.266,14.113,29,26,31,0,4,62,309,node_180_300,7.774,37,26,9.661,early,15,N/A,N/A,11,-1,0,Very Low,N/A,1
oppo_full_03_20260809,319,327.507,287.449,GameplayMeasurement,180-300 Seconds,1,30,29.51,33.887,33.474,45.236,50.037,33.917,24.971,33.833,N/A,59318,51,146.175,277.793,11.27,14.113,28,26,28,0,4,59,312,node_180_300,7.791,37,26,9.686,early,15,N/A,N/A,11,-1,0,Very Low,N/A,1
oppo_full_03_20260809,320,328.507,288.449,GameplayMeasurement,180-300 Seconds,1,30,30,33.334,33.502,33.519,33.519,33.315,25.322,33.265,N/A,59670,51,146.135,277.793,11.27,14.113,28,26,30,0,4,59,312,node_180_300,7.807,37,26,9.711,early,15,N/A,N/A,11,-1,0,Very Low,N/A,1
oppo_full_03_20260809,321,329.54,289.482,GameplayMeasurement,180-300 Seconds,1,31,30.002,33.331,33.421,33.44,33.447,33.328,25.309,33.28,N/A,57312,51,146.163,277.793,11.273,14.113,28,26,25,0,4,56,315,node_180_300,7.825,37,26,9.737,early,15,N/A,N/A,11,-1,0,Very Low,N/A,1
oppo_full_03_20260809,322,330.54,290.483,GameplayMeasurement,180-300 Seconds,1,30,29.995,33.339,33.434,33.438,33.439,33.333,25.267,33.267,N/A,57246,51,146.156,277.793,11.273,14.113,28,26,24,0,4,54,317,node_180_300,7.841,37,26,9.762,early,15,N/A,N/A,11,-1,0,Very Low,N/A,1
oppo_full_03_20260809,323,331.54,291.483,GameplayMeasurement,180-300 Seconds,1,30,29.998,33.335,33.429,33.436,33.437,33.34,25.438,33.262,N/A,63058,51,146.149,277.793,11.273,14.113,30,27,24,0,4,54,317,node_180_300,7.858,37,27,9.787,early,15,N/A,N/A,11,-1,0,Very Low,N/A,1
oppo_full_03_20260809,324,332.557,292.499,GameplayMeasurement,180-300 Seconds,1,30,29.511,33.885,33.515,45.294,50.076,33.919,24.483,33.853,N/A,62678,51,146.16,277.793,11.273,14.113,30,27,27,0,4,57,314,node_180_300,7.875,37,27,9.812,early,15,N/A,N/A,11,-1,0,Very Low,N/A,1
oppo_full_03_20260809,325,333.59,293.533,GameplayMeasurement,180-300 Seconds,1,31,30.002,33.331,33.422,33.435,33.438,33.296,24.697,33.282,N/A,61824,51,146.178,277.793,11.273,14.113,30,28,29,0,4,60,311,node_180_300,7.892,37,27,9.838,early,15,N/A,N/A,11,-1,0,Very Low,N/A,1
oppo_full_03_20260809,326,334.59,294.533,GameplayMeasurement,180-300 Seconds,1,30,29.998,33.336,33.438,33.464,33.465,33.328,25.201,33.267,N/A,58138,51,146.176,277.793,11.273,14.113,30,27,32,0,4,63,308,node_180_300,7.909,38,27,9.863,early,15,N/A,N/A,11,-1,0,Very Low,N/A,1
oppo_full_03_20260809,327,335.59,295.533,GameplayMeasurement,180-300 Seconds,1,30,30,33.334,33.433,33.473,33.487,33.329,25.684,33.291,N/A,54650,51,146.183,277.793,11.273,14.113,30,27,32,0,4,64,307,node_180_300,7.926,38,27,9.888,early,15,N/A,N/A,11,-1,0,Very Low,N/A,1
oppo_full_03_20260809,328,336.624,296.566,GameplayMeasurement,180-300 Seconds,1,31,30.002,33.332,33.433,33.459,33.461,33.342,25.466,33.262,N/A,66044,51,146.156,277.793,11.301,14.113,29,27,25,0,4,55,316,node_180_300,7.943,38,27,9.914,early,15,N/A,N/A,11,-1,0,Very Low,N/A,1
oppo_full_03_20260809,329,337.624,297.566,GameplayMeasurement,180-300 Seconds,1,30,29.998,33.335,33.436,33.481,33.497,33.339,24.966,33.286,N/A,62774,51,146.179,277.793,11.336,14.113,30,28,26,0,4,57,314,node_180_300,7.959,38,27,9.939,early,15,N/A,N/A,11,-1,0,Very Low,N/A,1
oppo_full_03_20260809,330,338.64,298.583,GameplayMeasurement,180-300 Seconds,1,30,29.508,33.889,33.432,45.244,50.062,33.894,22.102,33.847,N/A,70482,51,146.22,277.793,11.383,14.113,29,27,29,0,4,62,309,node_180_300,7.976,38,27,9.965,early,15,N/A,N/A,11,-1,0,Very Low,N/A,1
oppo_full_03_20260809,331,339.674,299.616,GameplayMeasurement,180-300 Seconds,1,31,29.998,33.335,33.449,33.485,33.492,33.338,23.328,33.255,N/A,70488,51,146.249,277.793,11.43,14.113,30,27,32,0,4,67,304,node_180_300,7.994,38,27,9.99,early,15,N/A,N/A,11,-1,0,Very Low,N/A,1
oppo_full_03_20260809,332,340.707,300.649,GameplayMeasurement,Heavy Combat,1,31,30.002,33.331,33.39,33.431,33.447,33.35,25.801,33.273,N/A,68438,51,146.221,277.793,11.48,14.113,30,27,39,0,4,72,299,node_300_420,8.011,38,27,10.016,early,15,N/A,N/A,11,-1,0,Very Low,N/A,1
oppo_full_03_20260809,333,341.707,301.649,GameplayMeasurement,Heavy Combat,1,30,29.998,33.335,33.427,33.44,33.445,33.316,25.88,33.308,N/A,61386,51,146.187,277.793,11.539,14.113,30,27,31,0,4,63,308,node_300_420,8.027,38,27,10.041,early,15,N/A,N/A,11,-1,0,Very Low,N/A,1
oppo_full_03_20260809,334,342.741,302.683,GameplayMeasurement,Heavy Combat,1,31,30.001,33.333,33.405,33.45,33.468,33.322,25.55,33.255,N/A,64374,51,146.179,277.793,11.598,14.113,30,27,25,0,4,56,315,node_300_420,8.045,38,27,10.067,early,15,N/A,N/A,11,-1,0,Very Low,N/A,1
oppo_full_03_20260809,335,343.741,303.683,GameplayMeasurement,Heavy Combat,1,29,28.998,34.485,33.648,57.411,66.614,34.488,25.373,34.447,N/A,60166,51,146.177,277.793,11.656,14.113,30,27,27,0,4,58,313,node_300_420,8.061,38,27,10.092,early,15,N/A,N/A,11,-1,0,Very Low,N/A,1
oppo_full_03_20260809,336,344.774,304.716,GameplayMeasurement,Heavy Combat,1,31,30.004,33.329,33.415,33.462,33.477,33.317,25.372,33.263,N/A,60786,54,146.192,277.793,11.387,14.113,30,27,26,0,4,58,313,node_300_420,8.079,38,27,10.118,early,15,N/A,N/A,11,-1,0,Very Low,N/A,1
oppo_full_03_20260809,337,345.774,305.716,GameplayMeasurement,Heavy Combat,1,30,29.997,33.337,33.44,33.456,33.459,33.343,24.954,33.276,N/A,64880,54,146.206,277.793,11.387,14.113,31,28,26,0,4,59,312,node_300_420,8.095,38,27,10.143,early,15,N/A,N/A,11,-1,0,Very Low,N/A,1
oppo_full_03_20260809,338,346.807,306.749,GameplayMeasurement,Heavy Combat,1,31,30.002,33.331,33.409,33.43,33.435,33.334,25.167,33.285,N/A,63422,54,146.198,277.793,11.387,14.113,30,27,26,0,4,58,313,node_300_420,8.112,39,27,10.169,early,15,N/A,N/A,11,-1,0,Very Low,N/A,1
oppo_full_03_20260809,339,347.807,307.749,GameplayMeasurement,Heavy Combat,1,30,29.997,33.336,33.505,33.509,33.51,33.333,25.014,33.324,N/A,67844,54,146.215,277.793,11.387,14.113,30,27,23,0,4,56,315,node_300_420,8.129,39,27,10.194,early,15,N/A,N/A,11,-1,0,Very Low,N/A,1
oppo_full_03_20260809,340,348.824,308.766,GameplayMeasurement,Heavy Combat,1,30,29.507,33.89,33.681,45.321,50.008,33.894,24.523,33.783,N/A,58196,54,146.227,277.793,11.387,14.113,31,29,22,0,4,55,316,node_300_420,8.146,39,28,10.219,early,15,N/A,N/A,11,-1,0,Very Low,N/A,1
oppo_full_03_20260809,341,349.857,309.799,GameplayMeasurement,Heavy Combat,1,31,30.001,33.332,33.445,33.464,33.468,33.335,22.402,33.289,N/A,63514,54,146.227,277.793,11.387,14.113,31,28,36,0,4,69,302,node_300_420,8.163,39,28,10.245,early,15,N/A,N/A,11,-1,0,Very Low,N/A,1
oppo_full_03_20260809,342,350.857,310.8,GameplayMeasurement,Heavy Combat,1,30,29.999,33.335,33.443,33.485,33.501,33.349,24.856,33.262,N/A,66228,54,146.202,277.793,11.387,14.113,31,28,33,0,4,65,306,node_300_420,8.18,39,28,10.27,early,15,N/A,N/A,11,-1,0,Very Low,N/A,1
oppo_full_03_20260809,343,351.891,311.833,GameplayMeasurement,Heavy Combat,1,31,30.003,33.33,33.454,33.495,33.51,33.307,24.752,33.279,N/A,60874,54,146.175,277.793,11.387,14.113,30,28,28,0,4,59,312,node_300_420,8.197,39,28,10.296,early,15,N/A,N/A,11,-1,0,Very Low,N/A,1
oppo_full_03_20260809,344,352.891,312.833,GameplayMeasurement,Heavy Combat,1,30,29.997,33.336,33.435,33.465,33.473,33.344,25.077,33.288,N/A,61552,54,146.204,277.793,11.387,14.113,31,28,32,0,4,65,306,node_300_420,8.214,39,28,10.321,early,15,N/A,N/A,11,-1,0,Very Low,N/A,1
oppo_full_03_20260809,345,353.891,313.833,GameplayMeasurement,Heavy Combat,1,30,29.999,33.334,33.44,33.455,33.455,33.337,25.265,33.273,N/A,62400,54,146.198,277.793,11.391,14.113,31,28,29,0,4,61,310,node_300_420,8.231,39,28,10.346,early,15,N/A,N/A,11,-1,0,Very Low,N/A,1
oppo_full_03_20260809,346,354.907,314.849,GameplayMeasurement,Heavy Combat,1,30,29.51,33.886,33.479,45.25,50.046,33.883,22.392,33.827,N/A,61760,54,146.188,277.793,11.391,14.113,31,28,28,0,4,60,311,node_300_420,8.247,39,28,10.371,early,15,N/A,N/A,11,-1,0,Very Low,N/A,1
oppo_full_03_20260809,347,355.907,315.849,GameplayMeasurement,Heavy Combat,1,30,29.996,33.338,33.423,33.467,33.484,33.332,21.704,33.296,N/A,74304,54,146.224,277.793,11.398,14.113,31,29,25,0,4,58,313,node_300_420,8.264,39,28,10.396,early,15,N/A,N/A,11,-1,0,Very Low,N/A,1
oppo_full_03_20260809,348,356.94,316.883,GameplayMeasurement,Heavy Combat,1,31,30.007,33.326,33.43,33.454,33.463,33.343,21.981,33.262,N/A,62774,54,146.257,277.793,11.398,14.113,31,28,24,0,4,59,312,node_300_420,8.281,39,28,10.422,early,15,N/A,N/A,11,-1,0,Very Low,N/A,1
oppo_full_03_20260809,349,357.94,317.883,GameplayMeasurement,Heavy Combat,1,30,29.996,33.338,33.551,33.606,33.61,33.318,22.857,33.293,N/A,59596,54,146.218,277.793,11.398,14.113,31,29,26,0,4,59,312,node_300_420,8.298,39,28,10.447,early,15,N/A,N/A,11,-1,0,Very Low,N/A,1
oppo_full_03_20260809,350,358.974,318.916,GameplayMeasurement,Heavy Combat,1,31,30,33.334,33.427,33.482,33.506,33.338,24.732,33.273,N/A,69534,54,146.243,277.793,11.398,14.113,31,28,28,0,4,62,309,node_300_420,8.315,40,28,10.473,early,15,N/A,N/A,11,-1,0,Very Low,N/A,1
oppo_full_03_20260809,351,359.974,319.916,GameplayMeasurement,Heavy Combat,1,30,30,33.334,33.453,33.472,33.474,33.328,24.843,33.256,N/A,71052,54,146.271,277.793,11.398,14.113,32,29,29,0,4,64,307,node_300_420,8.332,40,28,10.498,early,15,N/A,N/A,11,-1,0,Very Low,N/A,1
oppo_full_03_20260809,352,360.99,320.933,GameplayMeasurement,Heavy Combat,1,30,29.509,33.888,33.431,45.201,50.008,33.892,25.048,33.841,N/A,60040,54,146.259,277.793,11.398,14.113,31,28,26,0,4,62,309,node_300_420,8.349,40,28,10.523,early,15,N/A,N/A,11,-1,0,Very Low,N/A,1
oppo_full_03_20260809,353,361.99,321.933,GameplayMeasurement,Heavy Combat,1,30,29.998,33.335,33.411,33.446,33.459,33.327,25.934,33.27,N/A,61708,54,146.214,277.793,11.398,14.113,31,28,26,0,4,59,312,node_300_420,8.366,40,28,10.548,early,15,N/A,N/A,11,-1,0,Very Low,N/A,1
oppo_full_03_20260809,354,363.023,322.966,GameplayMeasurement,Heavy Combat,1,31,30.006,33.327,33.453,33.467,33.47,33.325,25.072,33.291,N/A,62722,54,146.183,277.793,11.406,14.113,31,28,20,0,4,53,318,node_300_420,8.383,40,28,10.574,early,15,N/A,N/A,11,-1,0,Very Low,N/A,1
oppo_full_03_20260809,355,364.024,323.966,GameplayMeasurement,Heavy Combat,1,30,29.996,33.338,33.411,33.446,33.457,33.342,25.249,33.283,N/A,64160,54,146.208,277.793,11.422,14.113,31,28,20,0,4,53,318,node_300_420,8.399,40,28,10.599,early,15,N/A,N/A,11,-1,0,Very Low,N/A,1
oppo_full_03_20260809,356,365.024,324.966,GameplayMeasurement,Heavy Combat,1,30,29.999,33.335,33.432,33.436,33.437,33.364,24.909,33.283,N/A,65712,54,146.193,277.793,11.457,14.113,31,28,24,0,4,57,314,node_300_420,8.416,40,28,10.624,early,15,N/A,N/A,11,-1,0,Very Low,N/A,1
oppo_full_03_20260809,357,366.04,325.983,GameplayMeasurement,Heavy Combat,1,30,29.509,33.888,33.417,45.206,50.02,34.007,24.814,33.826,N/A,72492,54,146.249,277.793,11.508,14.113,32,29,22,0,4,57,314,node_300_420,8.433,40,29,10.65,early,15,N/A,N/A,11,-1,0,Very Low,N/A,1
oppo_full_03_20260809,358,367.074,327.016,GameplayMeasurement,Heavy Combat,1,31,30.002,33.331,33.412,33.432,33.437,33.188,25.41,33.295,N/A,67674,54,146.263,277.793,11.555,14.113,33,30,29,0,4,65,306,node_300_420,8.45,40,29,10.675,early,15,N/A,N/A,11,-1,0,Very Low,N/A,1
oppo_full_03_20260809,359,368.074,328.016,GameplayMeasurement,Heavy Combat,1,30,29.998,33.335,33.439,33.462,33.468,33.339,25.407,33.281,N/A,53688,54,146.262,277.793,11.59,14.113,32,29,34,0,4,70,301,node_300_420,8.467,40,29,10.7,early,15,N/A,N/A,11,-1,0,Very Low,N/A,1
oppo_full_03_20260809,360,369.074,329.016,GameplayMeasurement,Heavy Combat,1,30,29.998,33.336,33.429,33.448,33.455,33.332,25.829,33.271,N/A,56288,54,146.2,277.793,11.629,14.113,32,29,30,0,4,63,308,node_300_420,8.484,40,29,10.725,early,15,N/A,N/A,11,-1,0,Very Low,N/A,1
oppo_full_03_20260809,361,370.074,330.016,GameplayMeasurement,Heavy Combat,1,30,29.998,33.336,33.472,33.506,33.511,33.351,25.812,33.271,N/A,63040,54,146.244,277.793,11.688,14.113,32,29,33,0,4,68,303,node_300_420,8.5,41,29,10.75,early,15,N/A,N/A,11,-1,0,Very Low,N/A,1
oppo_full_03_20260809,362,371.107,331.049,GameplayMeasurement,Heavy Combat,1,31,30.003,33.33,33.405,33.427,33.435,33.319,25.233,33.283,N/A,64520,57,146.189,277.793,11.473,14.113,32,29,27,0,4,59,312,node_300_420,8.517,41,29,10.776,early,15,N/A,N/A,11,-1,0,Very Low,N/A,1
oppo_full_03_20260809,363,372.124,332.066,GameplayMeasurement,Heavy Combat,1,30,29.509,33.888,33.492,45.216,49.985,33.893,22.735,33.824,N/A,64808,57,146.223,277.793,11.473,14.113,33,30,28,0,4,62,309,node_300_420,8.534,41,29,10.802,early,15,N/A,N/A,11,-1,0,Very Low,N/A,1
oppo_full_03_20260809,364,373.124,333.066,GameplayMeasurement,Heavy Combat,1,30,29.999,33.335,33.721,34.009,34.052,33.335,24.812,33.278,N/A,64436,57,146.233,277.793,11.473,14.113,32,29,32,0,4,66,305,node_300_420,8.551,41,29,10.827,early,15,N/A,N/A,11,-1,0,Very Low,N/A,1
oppo_full_03_20260809,365,374.157,334.099,GameplayMeasurement,Heavy Combat,1,31,30.002,33.331,33.432,33.44,33.441,33.328,24.976,33.272,N/A,63770,57,146.243,277.793,11.473,14.113,32,29,26,0,4,61,310,node_300_420,8.568,41,29,10.852,early,15,N/A,N/A,11,-1,0,Very Low,N/A,1
oppo_full_03_20260809,366,375.19,335.133,GameplayMeasurement,Heavy Combat,1,31,30.001,33.333,33.454,33.474,33.482,33.332,25.292,33.282,N/A,70558,57,146.261,277.793,11.473,14.113,32,29,20,0,4,57,314,node_300_420,8.586,41,29,10.878,early,15,N/A,N/A,11,-1,0,Very Low,N/A,1
oppo_full_03_20260809,367,376.19,336.133,GameplayMeasurement,Heavy Combat,1,30,30,33.333,33.487,33.511,33.514,33.325,25.21,33.272,N/A,67000,57,146.227,277.793,11.473,14.113,32,29,19,0,4,54,317,node_300_420,8.602,41,29,10.903,early,15,N/A,N/A,11,-1,0,Very Low,N/A,1
oppo_full_03_20260809,368,377.19,337.133,GameplayMeasurement,Heavy Combat,1,29,29,34.483,33.461,57.389,66.687,34.571,24.528,34.442,N/A,73474,57,146.237,277.793,11.477,14.113,32,29,20,0,4,55,316,node_300_420,8.619,41,29,10.928,early,15,N/A,N/A,11,-1,0,Very Low,N/A,1
oppo_full_03_20260809,369,378.224,338.166,GameplayMeasurement,Heavy Combat,1,31,30.001,33.332,33.411,33.441,33.447,33.256,22.472,33.269,N/A,66104,57,146.243,277.793,11.477,14.113,32,29,22,0,4,57,314,node_300_420,8.636,41,29,10.954,early,15,N/A,N/A,11,-1,0,Very Low,N/A,1
oppo_full_03_20260809,370,379.224,339.166,GameplayMeasurement,Heavy Combat,1,30,29.998,33.336,33.414,33.427,33.431,33.343,21.769,33.28,N/A,69712,57,146.262,277.793,11.477,14.113,32,29,16,0,4,53,318,node_300_420,8.653,41,29,10.979,early,15,N/A,N/A,11,-1,0,Very Low,N/A,1
oppo_full_03_20260809,371,380.257,340.199,GameplayMeasurement,Heavy Combat,1,31,30.001,33.332,33.458,33.497,33.509,33.334,22.445,33.294,N/A,75044,57,146.264,277.793,11.484,14.113,32,29,27,0,4,63,308,node_300_420,8.67,41,29,11.005,early,15,N/A,N/A,11,-1,0,Very Low,N/A,1
oppo_full_03_20260809,372,381.257,341.199,GameplayMeasurement,Heavy Combat,1,30,29.999,33.335,33.435,33.46,33.469,33.33,25.418,33.284,N/A,61436,57,146.261,277.793,11.484,14.113,32,29,33,0,4,69,302,node_300_420,8.687,41,29,11.03,early,15,N/A,N/A,11,-1,0,Very Low,N/A,1
oppo_full_03_20260809,373,382.274,342.216,GameplayMeasurement,Heavy Combat,1,30,29.512,33.885,33.452,45.137,49.903,33.334,25.116,33.919,N/A,65216,57,146.236,277.793,11.484,14.113,32,29,31,0,4,66,305,node_300_420,8.704,42,29,11.055,early,15,N/A,N/A,11,-1,0,Very Low,N/A,1
oppo_full_03_20260809,374,383.274,343.216,GameplayMeasurement,Heavy Combat,1,30,29.996,33.338,33.454,33.46,33.461,33.873,25.532,33.191,N/A,73980,57,146.258,277.793,11.484,14.113,33,30,30,0,4,66,305,node_300_420,8.72,42,30,11.08,early,15,N/A,N/A,11,-1,0,Very Low,N/A,1
oppo_full_03_20260809,375,384.274,344.216,GameplayMeasurement,Heavy Combat,1,30,30,33.334,33.421,33.438,33.443,33.341,25.457,33.293,N/A,66312,57,146.267,277.793,11.484,14.113,34,31,28,0,4,64,307,node_300_420,8.737,42,30,11.105,early,15,N/A,N/A,11,-1,0,Very Low,N/A,1
oppo_full_03_20260809,376,385.307,345.249,GameplayMeasurement,Heavy Combat,1,31,30.003,33.331,33.42,33.451,33.462,33.351,25.488,33.301,N/A,69954,57,146.302,277.793,11.488,14.113,34,31,30,0,4,68,303,node_300_420,8.754,42,30,11.131,early,15,N/A,N/A,11,-1,0,Very Low,N/A,1
oppo_full_03_20260809,377,386.307,346.249,GameplayMeasurement,Heavy Combat,1,30,29.997,33.336,33.435,33.487,33.504,33.332,25.544,33.255,N/A,54772,57,146.244,277.793,11.488,14.113,33,30,27,0,4,62,309,node_300_420,8.771,42,30,11.156,early,15,N/A,N/A,11,-1,0,Very Low,N/A,1
oppo_full_03_20260809,378,387.34,347.282,GameplayMeasurement,Heavy Combat,1,31,30.003,33.33,33.458,33.488,33.497,33.315,25.526,33.27,N/A,70404,57,146.23,277.793,11.492,14.113,32,30,26,0,4,61,310,node_300_420,8.788,42,30,11.182,early,15,N/A,N/A,11,-1,0,Very Low,N/A,1
oppo_full_03_20260809,379,388.357,348.299,GameplayMeasurement,Heavy Combat,1,30,29.508,33.889,33.42,45.198,50.005,33.884,24.428,33.846,N/A,76064,57,146.271,277.793,11.492,14.113,33,31,24,0,4,60,311,node_300_420,8.805,42,30,11.207,early,15,N/A,N/A,11,-1,0,Very Low,N/A,1
oppo_full_03_20260809,380,389.39,349.332,GameplayMeasurement,Heavy Combat,1,31,30.003,33.33,33.433,33.456,33.458,33.338,25.432,33.275,N/A,72040,57,146.321,277.793,11.5,14.113,34,31,19,0,4,58,313,node_300_420,8.822,42,30,11.233,early,15,N/A,N/A,11,-1,0,Very Low,N/A,1
oppo_full_03_20260809,381,390.39,350.332,GameplayMeasurement,Heavy Combat,1,30,29.994,33.34,33.445,33.464,33.465,33.348,25.809,33.297,N/A,57172,57,146.272,277.793,11.504,14.113,33,30,26,0,4,63,308,node_300_420,8.839,42,30,11.258,early,15,N/A,N/A,11,-1,0,Very Low,N/A,1
oppo_full_03_20260809,382,391.423,351.366,GameplayMeasurement,Heavy Combat,1,31,30.001,33.332,33.426,33.446,33.452,33.33,23.134,33.256,N/A,57768,57,146.257,277.793,11.535,14.113,34,31,27,0,4,63,308,node_300_420,8.856,42,30,11.284,early,15,N/A,N/A,11,-1,0,Very Low,N/A,1
oppo_full_03_20260809,383,392.423,352.366,GameplayMeasurement,Heavy Combat,1,30,29.998,33.336,33.444,33.557,33.596,33.331,22.144,33.278,N/A,67192,57,146.227,277.793,11.59,14.113,33,30,21,0,4,55,316,node_300_420,8.873,42,30,11.309,early,15,N/A,N/A,11,-1,0,Very Low,N/A,1
oppo_full_03_20260809,384,393.44,353.382,GameplayMeasurement,Heavy Combat,1,30,29.51,33.886,33.468,45.167,49.945,33.911,22.408,33.834,N/A,64096,57,146.254,277.793,11.633,14.113,33,30,24,0,4,59,312,node_300_420,8.89,42,30,11.335,early,15,N/A,N/A,11,-1,0,Very Low,N/A,1
oppo_full_03_20260809,385,394.473,354.416,GameplayMeasurement,Heavy Combat,1,31,30.001,33.332,33.428,33.447,33.452,33.31,25.252,33.293,N/A,67836,57,146.284,277.793,11.695,14.113,34,31,32,0,4,69,302,node_300_420,8.907,43,30,11.36,early,15,N/A,N/A,11,-1,0,Very Low,N/A,1
oppo_full_03_20260809,386,395.507,355.449,GameplayMeasurement,Heavy Combat,1,31,29.995,33.338,33.502,33.51,33.51,33.337,25.415,33.28,N/A,66344,57,146.271,277.793,11.742,14.113,33,30,30,0,4,66,305,node_300_420,8.924,43,30,11.386,early,15,N/A,N/A,11,-1,0,Very Low,N/A,1
oppo_full_03_20260809,387,396.54,356.482,GameplayMeasurement,Heavy Combat,1,31,30.004,33.329,33.455,33.47,33.473,33.335,25.45,33.29,N/A,60908,60,146.33,277.793,11.586,14.113,33,30,26,0,4,65,306,node_300_420,8.941,43,30,11.412,early,15,N/A,N/A,11,-1,0,Very Low,N/A,1
oppo_full_03_20260809,388,397.54,357.483,GameplayMeasurement,Heavy Combat,1,30,29.999,33.335,33.402,33.432,33.443,33.329,25.673,33.272,N/A,69196,60,146.283,277.793,11.586,14.113,34,30,30,0,4,67,304,node_300_420,8.958,43,30,11.437,early,15,N/A,N/A,11,-1,0,Very Low,N/A,1
oppo_full_03_20260809,389,398.59,358.532,GameplayMeasurement,Heavy Combat,1,31,29.526,33.868,33.463,45.054,50.01,33.332,24.993,34.156,N/A,70304,60,146.291,277.793,11.586,14.113,34,31,25,0,4,62,309,node_300_420,8.976,43,30,11.463,early,15,N/A,N/A,11,-1,0,Very Low,N/A,1
oppo_full_03_20260809,390,399.59,359.533,GameplayMeasurement,Heavy Combat,1,30,29.999,33.334,33.439,33.461,33.462,33.887,24.85,32.929,N/A,63316,60,146.259,277.793,11.586,14.113,33,30,21,0,4,56,315,node_300_420,8.992,43,30,11.488,early,15,N/A,N/A,11,-1,0,Very Low,N/A,1
oppo_full_03_20260809,391,400.624,360.566,GameplayMeasurement,Heavy Combat,1,31,29.999,33.335,33.431,33.477,33.494,33.33,25.718,33.28,N/A,66222,60,146.329,277.793,11.59,14.113,35,32,20,0,4,59,312,node_300_420,9.009,43,31,11.514,early,15,N/A,N/A,11,-1,0,Very Low,N/A,1
oppo_full_03_20260809,392,401.657,361.599,GameplayMeasurement,Heavy Combat,1,31,30.001,33.332,33.429,33.447,33.454,33.343,25.701,33.275,N/A,67404,60,146.278,277.793,11.59,14.113,35,32,28,0,4,64,307,node_300_420,9.027,43,31,11.54,early,15,N/A,N/A,11,-1,0,Very Low,N/A,1
oppo_full_03_20260809,393,402.69,362.633,GameplayMeasurement,Heavy Combat,1,31,29.998,33.335,33.424,33.443,33.45,33.334,25.884,33.305,N/A,68852,60,146.3,277.793,11.59,14.113,34,31,32,0,4,69,302,node_300_420,9.044,43,31,11.566,early,15,N/A,N/A,11,-1,0,Very Low,N/A,1
oppo_full_03_20260809,394,403.724,363.666,GameplayMeasurement,Heavy Combat,1,31,30.003,33.33,33.444,33.463,33.469,33.324,21.867,33.244,N/A,61080,60,146.262,277.793,11.59,14.113,34,31,19,0,4,55,316,node_300_420,9.061,43,31,11.592,early,15,N/A,N/A,11,-1,0,Very Low,N/A,1
oppo_full_03_20260809,395,404.74,364.683,GameplayMeasurement,Heavy Combat,1,30,29.504,33.894,33.502,45.171,49.936,33.908,23.653,33.846,N/A,59948,60,146.285,277.793,11.59,14.113,34,31,22,0,4,59,312,node_300_420,9.078,43,31,11.617,early,15,N/A,N/A,11,-1,0,Very Low,N/A,1
oppo_full_03_20260809,396,405.774,365.716,GameplayMeasurement,Heavy Combat,1,31,30.003,33.33,33.45,33.501,33.518,33.323,25.704,33.27,N/A,61000,60,146.276,277.793,11.598,14.113,34,31,23,0,4,59,312,node_300_420,9.095,43,31,11.643,early,15,N/A,N/A,11,-1,0,Very Low,N/A,1
oppo_full_03_20260809,397,406.774,366.716,GameplayMeasurement,Heavy Combat,1,30,29.996,33.337,33.456,33.507,33.526,33.345,25.138,33.273,N/A,70624,60,146.278,277.793,11.598,14.113,34,31,20,0,4,56,315,node_300_420,9.112,44,31,11.668,early,15,N/A,N/A,11,-1,0,Very Low,N/A,1
oppo_full_03_20260809,398,407.807,367.749,GameplayMeasurement,Heavy Combat,1,31,30.004,33.329,33.434,33.507,33.534,33.312,25.704,33.27,N/A,65116,60,146.289,277.793,11.598,14.113,35,32,22,0,4,58,313,node_300_420,9.129,44,31,11.694,early,15,N/A,N/A,11,-1,0,Very Low,N/A,1
oppo_full_03_20260809,399,408.807,368.749,GameplayMeasurement,Heavy Combat,1,30,29.997,33.336,33.456,33.527,33.545,33.351,25.774,33.287,N/A,70652,60,146.322,277.793,11.602,14.113,35,32,18,0,4,56,315,node_300_420,9.146,44,31,11.719,early,15,N/A,N/A,11,-1,0,Very Low,N/A,1
oppo_full_03_20260809,400,409.824,369.766,GameplayMeasurement,Heavy Combat,1,30,29.508,33.889,33.441,45.151,49.931,33.873,25.242,33.832,N/A,56504,60,146.258,277.793,11.602,14.113,34,31,20,0,4,55,316,node_300_420,9.163,44,31,11.744,early,15,N/A,N/A,11,-1,0,Very Low,N/A,1
oppo_full_03_20260809,401,410.824,370.766,GameplayMeasurement,Heavy Combat,1,30,29.997,33.336,33.446,33.477,33.485,33.344,25.683,33.284,N/A,59328,60,146.254,277.793,11.605,14.113,34,31,26,0,4,61,310,node_300_420,9.179,44,31,11.769,early,15,N/A,N/A,11,-1,0,Very Low,N/A,1
oppo_full_03_20260809,402,411.857,371.799,GameplayMeasurement,Heavy Combat,1,31,30.004,33.329,33.428,33.521,33.552,33.324,25.377,33.28,N/A,55270,60,146.231,277.793,11.605,14.113,34,31,36,0,4,70,301,node_300_420,9.197,44,31,11.795,early,15,N/A,N/A,11,-1,0,Very Low,N/A,1
oppo_full_03_20260809,403,412.857,372.799,GameplayMeasurement,Heavy Combat,1,30,29.998,33.335,33.494,33.521,33.527,33.341,25.464,33.281,N/A,67212,60,146.241,277.793,11.605,14.113,34,31,39,0,4,73,298,node_300_420,9.213,44,31,11.82,early,15,N/A,N/A,11,-1,0,Very Low,N/A,1
oppo_full_03_20260809,404,413.89,373.833,GameplayMeasurement,Heavy Combat,1,31,30.001,33.332,33.389,33.487,33.528,33.327,25.599,33.263,N/A,58086,60,146.271,277.793,11.605,14.113,34,31,27,0,4,63,308,node_300_420,9.231,44,31,11.846,early,15,N/A,N/A,11,-1,0,Very Low,N/A,1
oppo_full_03_20260809,405,414.94,374.882,GameplayMeasurement,Heavy Combat,1,31,29.523,33.872,33.495,45.102,50.059,33.334,25.044,34.31,N/A,75978,60,146.359,277.793,11.609,14.113,34,31,27,0,4,63,308,node_300_420,9.248,44,31,11.872,early,15,N/A,N/A,11,-1,0,Very Low,N/A,1
oppo_full_03_20260809,406,415.94,375.883,GameplayMeasurement,Heavy Combat,1,30,29.999,33.334,33.442,33.488,33.502,33.895,24.953,32.776,N/A,71534,60,146.332,277.793,11.613,14.113,35,32,24,0,4,63,308,node_300_420,9.265,44,31,11.897,early,15,N/A,N/A,11,-1,0,Very Low,N/A,1
oppo_full_03_20260809,407,416.974,376.916,GameplayMeasurement,Heavy Combat,1,31,30,33.334,33.476,33.537,33.559,33.335,25.584,33.284,N/A,66666,60,146.323,277.793,11.617,14.113,34,31,20,0,4,58,313,node_300_420,9.282,44,31,11.923,early,15,N/A,N/A,11,-1,0,Very Low,N/A,1
oppo_full_03_20260809,408,418.007,377.949,GameplayMeasurement,Heavy Combat,1,31,30,33.333,33.435,33.469,33.48,33.325,25.042,33.274,N/A,61582,60,146.309,277.793,11.633,14.113,35,32,18,0,4,57,314,node_300_420,9.299,44,32,11.949,early,15,N/A,N/A,11,-1,0,Very Low,N/A,1
oppo_full_03_20260809,409,419.04,378.983,GameplayMeasurement,Heavy Combat,1,31,30.002,33.331,33.433,33.461,33.467,33.333,25.235,33.278,N/A,59546,60,146.275,277.793,11.672,14.113,35,32,29,0,4,65,306,node_300_420,9.316,45,32,11.975,early,15,N/A,N/A,11,-1,0,Very Low,N/A,1
oppo_full_03_20260809,410,420.04,379.983,GameplayMeasurement,Heavy Combat,1,30,29.997,33.337,33.464,33.542,33.573,33.329,25.132,33.285,N/A,67044,60,146.325,277.793,11.719,14.113,37,34,33,0,4,71,300,node_300_420,9.333,45,32,12,early,15,N/A,N/A,11,-1,0,Very Low,N/A,1
oppo_full_03_20260809,411,421.074,381.016,GameplayMeasurement,Heavy Combat,1,31,30.001,33.332,33.455,33.558,33.596,33.35,24.89,33.428,N/A,65878,60,146.291,277.793,11.777,14.113,35,32,28,0,4,65,306,node_300_420,9.35,45,32,12.025,early,15,N/A,N/A,11,-1,0,Very Low,N/A,1
oppo_full_03_20260809,412,422.107,382.049,GameplayMeasurement,Heavy Combat,1,30,29.035,34.441,33.544,57.026,66.597,34.438,25.308,34.234,N/A,62280,60,146.305,277.793,11.84,14.113,35,32,26,0,4,63,308,node_300_420,9.367,45,32,12.051,early,15,N/A,N/A,11,-1,0,Very Low,N/A,1
oppo_full_03_20260809,413,423.107,383.049,GameplayMeasurement,Heavy Combat,1,30,29.999,33.335,33.464,33.489,33.494,33.343,25.576,33.276,N/A,64404,63,146.308,277.793,10.355,14.113,35,32,27,0,4,64,307,node_300_420,9.384,45,32,12.076,early,15,N/A,N/A,11,-1,0,Very Low,N/A,1
oppo_full_03_20260809,414,424.14,384.082,GameplayMeasurement,Heavy Combat,1,31,30.002,33.331,33.457,33.493,33.496,33.318,25.38,33.279,N/A,65218,63,146.285,277.793,10.355,14.113,35,32,25,0,4,61,310,node_300_420,9.401,45,32,12.102,early,15,N/A,N/A,11,-1,0,Very Low,N/A,1
oppo_full_03_20260809,415,425.14,385.083,GameplayMeasurement,Heavy Combat,1,30,29.998,33.335,33.467,33.471,33.471,33.333,25.68,33.282,N/A,65948,63,146.325,277.793,10.355,14.113,36,32,26,0,4,64,307,node_300_420,9.418,45,32,12.127,early,15,N/A,N/A,11,-1,0,Very Low,N/A,1
oppo_full_03_20260809,416,426.14,386.083,GameplayMeasurement,Heavy Combat,1,30,29.997,33.337,33.426,33.447,33.453,33.348,25.814,33.275,N/A,66198,63,146.302,277.793,10.359,14.113,35,32,27,0,4,63,308,node_300_420,9.435,45,32,12.152,early,15,N/A,N/A,11,-1,0,Very Low,N/A,1
oppo_full_03_20260809,417,427.157,387.099,GameplayMeasurement,Heavy Combat,1,30,29.512,33.884,33.436,45.204,49.998,33.873,24.601,33.837,N/A,62940,63,146.314,277.793,10.359,14.113,36,32,24,0,4,62,309,node_300_420,9.452,45,32,12.177,early,15,N/A,N/A,11,-1,0,Very Low,N/A,1
oppo_full_03_20260809,418,428.157,388.099,GameplayMeasurement,Heavy Combat,1,30,29.995,33.339,33.442,33.463,33.472,33.36,22.53,33.278,N/A,57844,63,146.285,277.793,10.359,14.113,35,32,19,0,4,55,316,node_300_420,9.468,45,32,12.202,early,15,N/A,N/A,11,-1,0,Very Low,N/A,1
oppo_full_03_20260809,419,429.19,389.133,GameplayMeasurement,Heavy Combat,1,31,30.001,33.332,33.453,33.461,33.462,33.314,22.261,33.273,N/A,62420,63,146.286,277.793,10.359,14.113,35,32,19,0,4,55,316,node_300_420,9.486,45,32,12.228,early,15,N/A,N/A,11,-1,0,Very Low,N/A,1
oppo_full_03_20260809,420,430.223,390.166,GameplayMeasurement,Heavy Combat,1,31,30.002,33.331,33.43,33.479,33.495,33.323,21.906,33.259,N/A,71662,63,146.284,277.793,10.367,14.113,36,33,26,0,4,62,309,node_300_420,9.503,46,32,12.254,early,15,N/A,N/A,11,-1,0,Very Low,N/A,1
oppo_full_03_20260809,421,431.257,391.199,GameplayMeasurement,Heavy Combat,1,31,30.001,33.332,33.476,33.513,33.525,33.346,22.219,33.278,N/A,61428,63,146.308,277.793,10.367,14.113,36,32,28,0,4,65,306,node_300_420,9.52,46,32,12.28,early,15,N/A,N/A,11,-1,0,Very Low,N/A,1
oppo_full_03_20260809,422,432.274,392.216,GameplayMeasurement,Heavy Combat,1,30,29.504,33.894,33.518,45.182,49.929,33.327,22.037,33.829,N/A,67568,63,146.287,277.793,10.406,14.113,35,32,28,0,4,64,307,node_300_420,9.537,46,32,12.305,early,15,N/A,N/A,11,-1,0,Very Low,N/A,1
oppo_full_03_20260809,423,433.307,393.249,GameplayMeasurement,Heavy Combat,1,31,30.002,33.331,33.41,33.416,33.418,33.873,25.353,33.295,N/A,61772,63,146.287,277.793,10.453,14.113,35,32,29,0,4,65,306,node_300_420,9.554,46,32,12.331,early,15,N/A,N/A,11,-1,0,Very Low,N/A,1
oppo_full_03_20260809,424,434.307,394.249,GameplayMeasurement,Heavy Combat,1,30,29.999,33.334,33.466,33.488,33.496,33.335,26.024,33.262,N/A,56592,63,146.282,277.793,10.492,14.113,36,32,29,0,4,65,306,node_300_420,9.571,46,32,12.356,early,15,N/A,N/A,11,-1,0,Very Low,N/A,1
oppo_full_03_20260809,425,435.307,395.249,GameplayMeasurement,Heavy Combat,1,30,29.999,33.334,33.449,33.452,33.452,33.327,25.929,33.287,N/A,58816,63,146.296,277.793,10.535,14.113,36,33,27,0,4,63,308,node_300_420,9.587,46,33,12.381,early,15,N/A,N/A,11,-1,0,Very Low,N/A,1
oppo_full_03_20260809,426,436.34,396.282,GameplayMeasurement,Heavy Combat,1,31,30.007,33.326,33.413,33.437,33.443,33.327,25.974,33.261,N/A,61516,63,146.298,277.793,10.582,14.113,36,33,26,0,4,62,309,node_300_420,9.605,46,33,12.407,early,15,N/A,N/A,11,-1,0,Very Low,N/A,1
oppo_full_03_20260809,427,437.34,397.283,GameplayMeasurement,Heavy Combat,1,30,29.991,33.343,33.454,33.457,33.458,33.327,25.307,33.275,N/A,62936,63,146.351,277.793,10.633,14.113,38,35,23,0,4,62,309,node_300_420,9.621,46,33,12.432,early,15,N/A,N/A,11,-1,0,Very Low,N/A,1
oppo_full_03_20260809,428,438.357,398.299,GameplayMeasurement,Heavy Combat,1,30,29.511,33.885,33.45,45.183,49.967,33.904,24.592,33.84,N/A,65536,63,146.33,277.793,10.676,14.113,38,34,25,0,4,63,308,node_300_420,9.638,46,33,12.457,early,15,N/A,N/A,11,-1,0,Very Low,N/A,1
oppo_full_03_20260809,429,439.39,399.332,GameplayMeasurement,Heavy Combat,1,31,30.002,33.331,33.414,33.425,33.428,33.328,25.205,33.278,N/A,63324,63,146.331,277.793,10.727,14.113,37,33,22,0,4,60,311,node_300_420,9.656,46,33,12.483,early,15,N/A,N/A,11,-1,0,Very Low,N/A,1
oppo_full_03_20260809,430,440.39,400.332,GameplayMeasurement,Heavy Combat,1,30,29.994,33.34,33.44,33.472,33.48,33.344,26.154,33.294,N/A,59732,63,146.312,277.793,10.777,14.113,36,33,22,0,4,59,312,node_300_420,9.672,46,33,12.508,early,15,N/A,N/A,11,-1,0,Very Low,N/A,1
oppo_full_03_20260809,431,441.423,401.366,GameplayMeasurement,Heavy Combat,1,31,30.004,33.329,33.436,33.476,33.489,33.326,26.182,33.269,N/A,65476,63,146.283,277.793,10.828,14.113,36,33,32,0,4,68,303,node_300_420,9.689,46,33,12.534,early,15,N/A,N/A,11,-1,0,Very Low,N/A,1
oppo_full_03_20260809,432,442.457,402.399,GameplayMeasurement,Heavy Combat,1,31,30.002,33.331,33.437,33.466,33.472,33.341,25.654,33.278,N/A,69600,63,146.32,277.793,10.891,14.113,36,33,32,0,4,69,302,node_300_420,9.707,47,33,12.56,early,15,N/A,N/A,11,-1,0,Very Low,N/A,1
oppo_full_03_20260809,433,443.473,403.416,GameplayMeasurement,Heavy Combat,1,30,29.505,33.892,33.467,45.214,50.01,33.886,24.595,33.842,N/A,64604,63,146.364,277.793,10.945,14.113,36,33,28,0,4,67,304,node_300_420,9.724,47,33,12.585,early,15,N/A,N/A,11,-1,0,Very Low,N/A,1
oppo_full_03_20260809,434,444.473,404.416,GameplayMeasurement,Heavy Combat,1,30,30,33.333,33.415,33.421,33.423,33.325,22.11,33.276,N/A,76528,63,146.372,277.793,11.023,14.113,37,33,26,0,4,66,305,node_300_420,9.74,47,33,12.61,early,15,N/A,N/A,11,-1,0,Very Low,N/A,1
oppo_full_03_20260809,435,445.507,405.449,GameplayMeasurement,Heavy Combat,1,31,30,33.333,33.472,33.504,33.513,33.348,22.344,33.281,N/A,76344,63,146.348,277.793,11.098,14.113,36,33,20,0,4,59,312,node_300_420,9.757,47,33,12.636,early,15,N/A,N/A,11,-1,0,Very Low,N/A,1
oppo_full_03_20260809,436,446.54,406.482,GameplayMeasurement,Heavy Combat,1,31,30.001,33.332,33.438,33.451,33.455,33.319,22.812,33.275,N/A,73088,63,146.328,277.793,11.176,14.113,36,33,21,0,4,59,312,node_300_420,9.775,47,33,12.662,early,15,N/A,N/A,11,-1,0,Very Low,N/A,1
oppo_full_03_20260809,437,447.54,407.482,GameplayMeasurement,Heavy Combat,1,30,29.998,33.335,33.442,33.463,33.466,33.341,25.773,33.286,N/A,67488,66,146.353,277.793,10.582,14.113,37,33,24,0,4,63,308,node_300_420,9.791,47,33,12.687,early,15,N/A,N/A,11,-1,0,Very Low,N/A,1
oppo_full_03_20260809,438,448.59,408.532,GameplayMeasurement,Heavy Combat,1,31,29.528,33.866,33.427,45.034,50.002,33.33,25.264,34.037,N/A,70292,66,146.403,277.793,10.582,14.113,37,34,21,0,4,62,309,node_300_420,9.809,47,33,12.713,early,15,N/A,N/A,11,-1,0,Very Low,N/A,1
oppo_full_03_20260809,439,449.59,409.532,GameplayMeasurement,Heavy Combat,1,30,29.998,33.335,33.496,33.503,33.504,33.892,22.81,33.041,N/A,66284,66,146.381,277.793,10.582,14.113,37,34,20,0,4,60,311,node_300_420,9.826,47,33,12.738,early,15,N/A,N/A,11,-1,0,Very Low,N/A,1
oppo_full_03_20260809,440,450.623,410.565,GameplayMeasurement,Heavy Combat,1,31,30,33.333,33.484,33.506,33.507,33.329,22.199,33.28,N/A,75836,66,146.375,277.793,10.582,14.113,37,34,30,0,4,70,301,node_300_420,9.843,47,33,12.764,early,15,N/A,N/A,11,-1,0,Very Low,N/A,1
oppo_full_03_20260809,441,451.623,411.565,GameplayMeasurement,Heavy Combat,1,30,29.999,33.334,33.438,33.478,33.495,33.337,22.122,33.283,N/A,73216,66,146.366,277.793,10.582,14.113,37,34,26,0,4,66,305,node_300_420,9.859,47,34,12.789,early,15,N/A,N/A,11,-1,0,Very Low,N/A,1
oppo_full_03_20260809,442,452.657,412.599,GameplayMeasurement,Heavy Combat,1,31,29.996,33.338,33.489,33.529,33.544,33.324,22.071,33.292,N/A,72884,66,146.377,277.793,10.582,14.113,37,34,24,0,4,64,307,node_300_420,9.877,47,34,12.815,early,15,N/A,N/A,11,-1,0,Very Low,N/A,1
oppo_full_03_20260809,443,453.69,413.632,GameplayMeasurement,Heavy Combat,1,31,30.002,33.331,33.448,33.484,33.5,33.35,22.328,33.286,N/A,71184,66,146.435,277.793,10.582,14.113,38,34,24,0,4,67,304,node_300_420,9.894,47,34,12.841,early,15,N/A,N/A,11,-1,0,Very Low,N/A,1
oppo_full_03_20260809,444,454.707,414.649,GameplayMeasurement,Heavy Combat,1,30,29.507,33.89,33.452,45.179,49.964,33.874,21.899,33.822,N/A,60068,66,146.373,277.793,10.582,14.113,37,34,25,0,4,65,306,node_300_420,9.911,48,34,12.866,early,15,N/A,N/A,11,-1,0,Very Low,N/A,1
oppo_full_03_20260809,445,455.74,415.682,GameplayMeasurement,Heavy Combat,1,31,30,33.334,33.441,33.454,33.456,33.342,22.358,33.274,N/A,70052,66,146.375,277.793,10.586,14.113,38,34,28,0,4,68,303,node_300_420,9.928,48,34,12.892,early,15,N/A,N/A,11,-1,0,Very Low,N/A,1
oppo_full_03_20260809,446,456.773,416.716,GameplayMeasurement,Heavy Combat,1,31,30.002,33.331,33.477,33.528,33.546,33.324,22.506,33.266,N/A,67780,66,146.365,277.793,10.594,14.113,38,35,21,0,4,60,311,node_300_420,9.945,48,34,12.918,early,15,N/A,N/A,11,-1,0,Very Low,N/A,1
oppo_full_03_20260809,447,457.807,417.749,GameplayMeasurement,Heavy Combat,1,31,30.004,33.328,33.457,33.491,33.496,33.339,22.169,33.259,N/A,64124,66,146.382,277.793,10.613,14.113,38,34,32,0,4,72,299,node_300_420,9.962,48,34,12.944,early,15,N/A,N/A,11,-1,0,Very Low,N/A,1
oppo_full_03_20260809,448,458.807,418.749,GameplayMeasurement,Heavy Combat,1,30,29.994,33.34,33.454,33.469,33.475,33.334,22.506,33.28,N/A,60696,66,146.341,277.793,10.656,14.113,37,34,32,0,4,70,301,node_300_420,9.979,48,34,12.969,early,15,N/A,N/A,11,-1,0,Very Low,N/A,1
oppo_full_03_20260809,449,459.84,419.782,GameplayMeasurement,Heavy Combat,1,31,30.005,33.327,33.432,33.527,33.563,33.335,21.537,33.281,N/A,64760,66,146.354,277.793,10.703,14.113,38,35,27,0,4,66,305,node_300_420,9.996,48,34,12.995,early,15,N/A,N/A,11,-1,0,Very Low,N/A,1
oppo_full_03_20260809,450,460.84,420.782,GameplayMeasurement,Long Run / Stress,1,30,29.995,33.339,33.432,33.439,33.442,33.325,22.341,33.277,N/A,64230,66,146.316,277.793,10.75,14.113,37,34,26,0,4,63,308,node_420_720,10.005,48,34,13.008,early,15,N/A,N/A,11,-1,0,Very Low,N/A,1
oppo_full_03_20260809,451,461.873,421.816,GameplayMeasurement,Long Run / Stress,1,31,30.003,33.33,33.411,33.451,33.465,33.363,22.399,33.267,N/A,61676,66,146.323,277.793,10.793,14.113,38,34,20,0,4,58,313,node_420_720,10.012,48,34,13.018,early,15,N/A,N/A,11,-1,0,Very Low,N/A,1
oppo_full_03_20260809,452,462.873,422.816,GameplayMeasurement,Long Run / Stress,1,30,29.998,33.335,33.424,33.438,33.442,33.311,22.372,33.267,N/A,64898,66,146.345,277.793,10.84,14.113,38,34,29,0,4,68,303,node_420_720,10.019,48,34,13.028,early,15,N/A,N/A,11,-1,0,Very Low,N/A,1
oppo_full_03_20260809,453,463.907,423.849,GameplayMeasurement,Long Run / Stress,1,31,29.999,33.334,33.416,33.424,33.426,33.337,22.529,33.276,N/A,64778,66,146.314,277.793,10.887,14.113,37,34,27,0,4,64,307,node_420_720,10.026,48,34,13.038,early,15,N/A,N/A,11,-1,0,Very Low,N/A,1
oppo_full_03_20260809,454,464.924,424.866,GameplayMeasurement,Long Run / Stress,1,30,29.508,33.889,33.461,45.243,50.045,33.332,22.042,33.85,N/A,66206,66,146.364,277.793,10.938,14.113,37,34,27,0,4,66,305,node_420_720,10.032,48,34,13.049,early,15,N/A,N/A,11,-1,0,Very Low,N/A,1
oppo_full_03_20260809,455,465.957,425.899,GameplayMeasurement,Long Run / Stress,1,31,30.002,33.331,33.435,33.492,33.513,33.859,22.207,33.269,N/A,58434,66,146.371,277.793,10.988,14.113,38,34,22,0,4,62,309,node_420_720,10.039,48,34,13.059,early,15,N/A,N/A,11,-1,0,Very Low,N/A,1
oppo_full_03_20260809,456,466.957,426.899,GameplayMeasurement,Long Run / Stress,1,30,29.998,33.336,33.45,33.465,33.469,33.348,22.687,33.274,N/A,72138,66,146.373,277.793,11.039,14.113,39,35,25,0,4,65,306,node_420_720,10.046,48,34,13.069,early,15,N/A,N/A,11,-1,0,Very Low,N/A,1
oppo_full_03_20260809,457,467.957,427.899,GameplayMeasurement,Long Run / Stress,1,30,29.998,33.336,33.466,33.484,33.489,33.323,22.392,33.278,N/A,66750,66,146.354,277.793,11.098,14.113,38,34,19,0,4,58,313,node_420_720,10.053,48,34,13.079,early,15,N/A,N/A,11,-1,0,Very Low,N/A,1
oppo_full_03_20260809,458,468.99,428.932,GameplayMeasurement,Long Run / Stress,1,31,30.007,33.326,33.422,33.448,33.457,33.327,22.396,33.275,N/A,61258,66,146.383,277.793,11.148,14.113,38,35,29,0,4,69,302,node_420_720,10.06,48,34,13.089,early,15,N/A,N/A,11,-1,0,Very Low,N/A,1
oppo_full_03_20260809,459,469.99,429.932,GameplayMeasurement,Long Run / Stress,1,30,29.999,33.334,33.435,33.467,33.477,33.344,22.164,33.28,N/A,68258,66,146.352,277.793,11.223,14.113,37,34,26,0,4,66,305,node_420_720,10.066,48,34,13.099,early,15,N/A,N/A,11,-1,0,Very Low,N/A,1
oppo_full_03_20260809,460,470.99,430.932,GameplayMeasurement,Long Run / Stress,1,29,28.997,34.486,33.489,57.352,66.624,34.476,23.362,34.427,N/A,67206,66,146.395,277.793,11.281,14.113,37,34,23,0,4,64,307,node_420_720,10.073,48,34,13.109,early,15,N/A,N/A,11,-1,0,Very Low,N/A,1
oppo_full_03_20260809,461,472.023,431.966,GameplayMeasurement,Long Run / Stress,1,31,30,33.334,33.429,33.464,33.475,33.338,25.785,33.285,N/A,70046,69,146.393,277.793,10.75,14.113,38,34,37,0,4,78,293,node_420_720,10.08,48,34,13.12,early,15,N/A,N/A,11,-1,0,Very Low,N/A,1
oppo_full_03_20260809,462,473.024,432.966,GameplayMeasurement,Long Run / Stress,1,30,29.999,33.335,33.416,33.445,33.455,33.337,25.721,33.281,N/A,67918,69,146.394,277.793,10.75,14.113,38,34,31,0,4,72,299,node_420_720,10.086,49,34,13.13,early,15,N/A,N/A,11,-1,0,Very Low,N/A,1
oppo_full_03_20260809,463,474.023,433.966,GameplayMeasurement,Long Run / Stress,1,30,30,33.334,33.419,33.455,33.468,33.341,26.206,33.272,N/A,65538,69,146.374,277.793,10.75,14.113,38,34,30,0,4,70,301,node_420_720,10.093,49,34,13.14,early,15,N/A,N/A,11,-1,0,Very Low,N/A,1
oppo_full_03_20260809,464,475.057,434.999,GameplayMeasurement,Long Run / Stress,1,31,30.002,33.331,33.451,33.472,33.474,33.338,26.172,33.3,N/A,56738,69,146.331,277.793,10.75,14.113,37,34,30,0,4,68,303,node_420_720,10.1,49,34,13.15,early,15,N/A,N/A,11,-1,0,Very Low,N/A,1
oppo_full_03_20260809,465,476.073,436.016,GameplayMeasurement,Long Run / Stress,1,30,29.507,33.89,33.446,45.162,49.941,33.886,25.046,33.825,N/A,71848,69,146.355,277.793,10.754,14.113,38,34,29,0,4,68,303,node_420_720,10.107,49,34,13.16,early,15,N/A,N/A,11,-1,0,Very Low,N/A,1
oppo_full_03_20260809,466,477.107,437.049,GameplayMeasurement,Long Run / Stress,1,31,30,33.334,33.488,33.521,33.524,33.323,22.379,33.277,N/A,58410,69,146.339,277.793,10.754,14.113,38,35,24,0,4,62,309,node_420_720,10.114,49,34,13.17,early,15,N/A,N/A,11,-1,0,Very Low,N/A,1
oppo_full_03_20260809,467,478.14,438.083,GameplayMeasurement,Long Run / Stress,1,31,29.999,33.334,33.461,33.473,33.476,33.347,22.129,33.254,N/A,64746,69,146.363,277.793,10.754,14.113,38,34,20,0,4,60,311,node_420_720,10.121,49,34,13.181,early,15,N/A,N/A,11,-1,0,Very Low,N/A,1
oppo_full_03_20260809,468,479.174,439.116,GameplayMeasurement,Long Run / Stress,1,31,30,33.333,33.449,33.472,33.481,33.312,25.313,33.281,N/A,60006,69,146.325,277.793,10.754,14.113,38,35,21,0,4,59,312,node_420_720,10.127,49,35,13.191,early,15,N/A,N/A,11,-1,0,Very Low,N/A,1
oppo_full_03_20260809,469,480.207,440.149,GameplayMeasurement,Long Run / Stress,1,31,30.001,33.332,33.424,33.475,33.494,33.327,25.978,33.281,N/A,63394,69,146.342,277.793,10.754,14.113,38,35,36,0,4,74,297,node_420_720,10.134,49,35,13.201,early,15,N/A,N/A,11,-1,0,Very Low,N/A,1
oppo_full_03_20260809,470,481.24,441.183,GameplayMeasurement,Long Run / Stress,1,31,30.001,33.332,33.471,33.526,33.543,33.384,25.842,33.28,N/A,56966,69,146.367,277.793,10.758,14.113,39,36,32,0,4,71,300,node_420_720,10.141,49,35,13.212,early,15,N/A,N/A,11,-1,0,Very Low,N/A,1
oppo_full_03_20260809,471,482.257,442.199,GameplayMeasurement,Long Run / Stress,1,30,29.506,33.891,33.489,45.228,50.015,34.157,24.212,33.803,N/A,60862,69,146.342,277.793,10.758,14.113,38,35,32,0,4,70,301,node_420_720,10.148,49,35,13.222,early,15,N/A,N/A,11,-1,0,Very Low,N/A,1
oppo_full_03_20260809,472,483.29,443.233,GameplayMeasurement,Long Run / Stress,1,31,29.999,33.334,33.433,33.486,33.503,33.038,23.699,33.314,N/A,50426,69,146.418,277.793,10.758,14.113,40,36,29,0,4,70,301,node_420_720,10.155,49,35,13.232,early,15,N/A,N/A,11,-1,0,Very Low,N/A,1
oppo_full_03_20260809,473,484.324,444.266,GameplayMeasurement,Long Run / Stress,1,31,30.004,33.329,33.403,33.443,33.455,33.327,25.141,33.264,N/A,70462,69,146.371,277.793,10.789,14.113,39,36,22,0,4,61,310,node_420_720,10.162,49,35,13.243,early,15,N/A,N/A,11,-1,0,Very Low,N/A,1
oppo_full_03_20260809,474,485.357,445.299,GameplayMeasurement,Long Run / Stress,1,31,29.998,33.336,33.452,33.477,33.486,33.347,24.844,33.278,N/A,57002,69,146.364,277.793,10.82,14.113,39,35,18,0,4,57,314,node_420_720,10.169,49,35,13.253,early,15,N/A,N/A,11,-1,0,Very Low,N/A,1
oppo_full_03_20260809,475,486.357,446.299,GameplayMeasurement,Long Run / Stress,1,30,29.998,33.335,33.442,33.458,33.463,33.31,25.494,33.284,N/A,61366,69,146.388,277.793,10.863,14.113,38,35,17,0,4,57,314,node_420_720,10.175,49,35,13.263,early,15,N/A,N/A,11,-1,0,Very Low,N/A,1
oppo_full_03_20260809,476,487.357,447.299,GameplayMeasurement,Long Run / Stress,1,30,29.999,33.335,33.445,33.466,33.472,33.364,25.952,33.281,N/A,59046,69,146.398,277.793,10.898,14.113,38,35,17,0,4,57,314,node_420_720,10.182,49,35,13.273,early,15,N/A,N/A,11,-1,0,Very Low,N/A,1
oppo_full_03_20260809,477,488.374,448.316,GameplayMeasurement,Long Run / Stress,1,30,29.513,33.883,33.465,45.427,50.303,33.867,26.088,33.831,N/A,50886,69,146.367,277.793,10.93,14.113,38,35,17,0,4,56,315,node_420_720,10.189,49,35,13.283,early,15,N/A,N/A,11,-1,0,Very Low,N/A,1
oppo_full_03_20260809,478,489.407,449.349,GameplayMeasurement,Long Run / Stress,1,31,30.001,33.332,33.437,33.447,33.45,33.338,26.268,33.265,N/A,57026,69,146.396,277.793,10.965,14.113,40,37,29,0,4,69,302,node_420_720,10.196,49,35,13.293,early,15,N/A,N/A,11,-1,0,Very Low,N/A,1
oppo_full_03_20260809,479,490.407,450.349,GameplayMeasurement,Long Run / Stress,1,30,29.996,33.338,33.439,33.479,33.491,33.338,25.905,33.282,N/A,56792,69,146.377,277.793,11.004,14.113,39,36,30,0,4,69,302,node_420_720,10.202,49,35,13.303,early,15,N/A,N/A,11,-1,0,Very Low,N/A,1
oppo_full_03_20260809,480,491.44,451.382,GameplayMeasurement,Long Run / Stress,1,31,30.004,33.329,33.427,33.478,33.487,33.333,26.216,33.253,N/A,62378,69,146.369,277.793,11.047,14.113,39,35,30,0,4,69,302,node_420_720,10.209,49,35,13.314,early,15,N/A,N/A,11,-1,0,Very Low,N/A,1
oppo_full_03_20260809,481,492.44,452.383,GameplayMeasurement,Long Run / Stress,1,30,29.996,33.337,33.465,33.483,33.487,33.322,26.206,33.283,N/A,58278,69,146.398,277.793,11.086,14.113,40,37,26,0,4,66,305,node_420_720,10.216,49,35,13.324,early,15,N/A,N/A,11,-1,0,Very Low,N/A,1
oppo_full_03_20260809,482,493.457,453.399,GameplayMeasurement,Long Run / Stress,1,30,29.504,33.893,33.475,45.275,50.09,33.905,24.119,33.853,N/A,48726,69,146.343,277.793,11.125,14.113,38,35,28,0,4,66,305,node_420_720,10.223,49,35,13.334,early,15,N/A,N/A,11,-1,0,Very Low,N/A,1
oppo_full_03_20260809,483,494.491,454.433,GameplayMeasurement,Long Run / Stress,1,31,30,33.333,33.455,33.467,33.467,33.327,21.577,33.265,N/A,64958,69,146.373,277.793,11.176,14.113,39,35,27,0,4,66,305,node_420_720,10.23,49,35,13.344,early,15,N/A,N/A,11,-1,0,Very Low,N/A,1
oppo_full_03_20260809,484,495.524,455.466,GameplayMeasurement,Long Run / Stress,1,31,30.003,33.33,33.434,33.454,33.46,33.335,21.761,33.287,N/A,51650,69,146.354,277.793,11.219,14.113,38,35,22,0,4,60,311,node_420_720,10.236,49,35,13.355,early,15,N/A,N/A,11,-1,0,Very Low,N/A,1
oppo_full_03_20260809,485,496.557,456.499,GameplayMeasurement,Long Run / Stress,1,31,29.998,33.336,33.454,33.489,33.503,33.324,23.251,33.266,N/A,60898,69,146.354,277.793,11.277,14.113,38,35,18,0,4,56,315,node_420_720,10.243,49,35,13.365,early,15,N/A,N/A,11,-1,0,Very Low,N/A,1
oppo_full_03_20260809,486,497.59,457.533,GameplayMeasurement,Long Run / Stress,1,31,30.004,33.329,33.428,33.43,33.431,33.346,26.126,33.31,N/A,56554,69,146.39,277.793,11.336,14.113,40,36,29,0,4,69,302,node_420_720,10.25,50,35,13.375,early,15,N/A,N/A,11,-1,0,Very Low,N/A,1
oppo_full_03_20260809,487,498.607,458.549,GameplayMeasurement,Long Run / Stress,1,30,29.51,33.886,33.473,45.184,49.953,34.19,25.409,33.808,N/A,57226,72,146.375,277.793,10.902,14.113,39,36,31,0,4,70,301,node_420_720,10.257,50,35,13.385,early,15,N/A,N/A,11,-1,0,Very Low,N/A,1
oppo_full_03_20260809,488,499.607,459.549,GameplayMeasurement,Long Run / Stress,1,30,29.998,33.335,33.444,33.45,33.45,33.021,26.339,33.287,N/A,52290,72,146.383,277.793,10.902,14.113,39,36,32,0,4,71,300,node_420_720,10.264,50,35,13.395,early,15,N/A,N/A,11,-1,0,Very Low,N/A,1
oppo_full_03_20260809,489,500.607,460.549,GameplayMeasurement,Long Run / Stress,1,30,29.996,33.338,33.42,33.438,33.443,33.358,26.333,33.277,N/A,61542,72,146.358,277.793,10.902,14.113,39,35,28,0,4,67,304,node_420_720,10.27,50,35,13.405,early,15,N/A,N/A,11,-1,0,Very Low,N/A,1
oppo_full_03_20260809,490,501.64,461.582,GameplayMeasurement,Long Run / Stress,1,31,30.008,33.325,33.439,33.453,33.454,33.308,26.179,33.261,N/A,53002,72,146.351,277.793,10.902,14.113,38,35,23,0,4,61,310,node_420_720,10.277,50,35,13.416,early,15,N/A,N/A,11,-1,0,Very Low,N/A,1
oppo_full_03_20260809,491,502.64,462.582,GameplayMeasurement,Long Run / Stress,1,30,29.999,33.334,33.458,33.506,33.519,33.33,25.811,33.273,N/A,57150,72,146.342,277.793,10.902,14.113,38,35,29,0,4,67,304,node_420_720,10.284,50,35,13.426,early,15,N/A,N/A,11,-1,0,Very Low,N/A,1
oppo_full_03_20260809,492,503.64,463.582,GameplayMeasurement,Long Run / Stress,1,30,29.999,33.335,33.443,33.488,33.502,33.337,26.111,33.298,N/A,53706,72,146.371,277.793,10.902,14.113,39,35,28,0,4,67,304,node_420_720,10.291,50,35,13.436,early,15,N/A,N/A,11,-1,0,Very Low,N/A,1
oppo_full_03_20260809,493,504.657,464.599,GameplayMeasurement,Long Run / Stress,1,30,29.509,33.888,33.596,45.307,50.071,33.925,25.428,33.811,N/A,58418,72,146.377,277.793,10.902,14.113,39,36,30,0,4,69,302,node_420_720,10.297,50,35,13.446,early,15,N/A,N/A,11,-1,0,Very Low,N/A,1
oppo_full_03_20260809,494,505.657,465.599,GameplayMeasurement,Long Run / Stress,1,30,29.999,33.334,33.494,33.509,33.51,33.313,25.913,33.289,N/A,58048,72,146.363,277.793,10.906,14.113,39,35,29,0,4,68,303,node_420_720,10.304,50,35,13.456,early,15,N/A,N/A,11,-1,0,Very Low,N/A,1
oppo_full_03_20260809,495,506.657,466.599,GameplayMeasurement,Long Run / Stress,1,30,30,33.334,33.458,33.495,33.507,33.336,25.892,33.263,N/A,56366,72,146.377,277.793,10.906,14.113,39,36,26,0,4,65,306,node_420_720,10.311,50,35,13.466,early,15,N/A,N/A,11,-1,0,Very Low,N/A,1
oppo_full_03_20260809,496,507.657,467.599,GameplayMeasurement,Long Run / Stress,1,30,29.998,33.336,33.489,33.527,33.536,33.318,25.95,33.287,N/A,54090,72,146.383,277.793,10.91,14.113,39,36,29,0,4,68,303,node_420_720,10.317,50,35,13.476,early,15,N/A,N/A,11,-1,0,Very Low,N/A,1
oppo_full_03_20260809,497,508.657,468.599,GameplayMeasurement,Long Run / Stress,1,30,29.999,33.335,33.484,33.492,33.493,33.34,25.79,33.262,N/A,51630,72,146.347,277.793,10.91,14.113,38,35,24,0,4,62,309,node_420_720,10.324,50,35,13.486,early,15,N/A,N/A,11,-1,0,Very Low,N/A,1
oppo_full_03_20260809,498,509.674,469.616,GameplayMeasurement,Long Run / Stress,1,30,29.507,33.89,33.627,45.295,50.042,33.878,25.013,33.837,N/A,63286,72,146.374,277.793,10.91,14.113,39,36,26,0,4,65,306,node_420_720,10.331,50,35,13.496,early,15,N/A,N/A,11,-1,0,Very Low,N/A,1
oppo_full_03_20260809,499,510.707,470.649,GameplayMeasurement,Long Run / Stress,1,31,30.005,33.328,33.455,33.473,33.475,33.349,22.432,33.287,N/A,52374,72,146.34,277.793,10.91,14.113,39,35,24,0,4,63,308,node_420_720,10.338,50,35,13.506,early,15,N/A,N/A,11,-1,0,Very Low,N/A,1
oppo_full_03_20260809,500,511.707,471.649,GameplayMeasurement,Long Run / Stress,1,30,30,33.334,33.446,33.484,33.497,33.338,22.313,33.269,N/A,58806,72,146.358,277.793,10.91,14.113,38,35,33,0,4,71,300,node_420_720,10.344,50,35,13.516,early,15,N/A,N/A,11,-1,0,Very Low,N/A,1
oppo_full_03_20260809,501,512.707,472.65,GameplayMeasurement,Long Run / Stress,1,30,29.99,33.344,33.495,33.681,33.75,33.351,22.407,33.288,N/A,63234,72,146.399,277.793,10.91,14.113,39,36,26,0,4,66,305,node_420_720,10.351,50,35,13.526,early,15,N/A,N/A,11,-1,0,Very Low,N/A,1
oppo_full_03_20260809,502,513.74,473.683,GameplayMeasurement,Long Run / Stress,1,31,30.007,33.326,33.448,33.568,33.607,33.301,22.875,33.252,N/A,56218,72,146.399,277.793,10.918,14.113,38,35,21,0,4,61,310,node_420_720,10.358,50,35,13.537,early,15,N/A,N/A,11,-1,0,Very Low,N/A,1
oppo_full_03_20260809,503,514.774,474.716,GameplayMeasurement,Long Run / Stress,1,31,30.001,33.332,33.434,33.451,33.457,33.332,25.709,33.29,N/A,71038,72,146.423,277.793,10.961,14.113,39,35,22,0,4,64,307,node_420_720,10.365,50,35,13.547,early,15,N/A,N/A,11,-1,0,Very Low,N/A,1
oppo_full_03_20260809,504,515.79,475.732,GameplayMeasurement,Long Run / Stress,1,30,29.511,33.885,33.428,45.233,50.045,33.89,22.968,33.833,N/A,54838,72,146.392,277.793,10.992,14.113,38,35,23,0,4,63,308,node_420_720,10.372,50,35,13.557,early,15,N/A,N/A,11,-1,0,Very Low,N/A,1
oppo_full_03_20260809,505,516.791,476.733,GameplayMeasurement,Long Run / Stress,1,30,29.996,33.338,33.449,33.486,33.5,33.34,22.602,33.286,N/A,60214,72,146.408,277.793,11.039,14.113,40,37,20,0,4,61,310,node_420_720,10.378,50,36,13.567,early,15,N/A,N/A,11,-1,0,Very Low,N/A,1
oppo_full_03_20260809,506,517.824,477.766,GameplayMeasurement,Long Run / Stress,1,31,30.005,33.328,33.441,33.469,33.475,33.318,22.122,33.262,N/A,59886,72,146.396,277.793,11.074,14.113,39,36,30,0,4,70,301,node_420_720,10.385,50,36,13.578,early,15,N/A,N/A,11,-1,0,Very Low,N/A,1
oppo_full_03_20260809,507,518.824,478.766,GameplayMeasurement,Long Run / Stress,1,30,29.997,33.337,33.449,33.472,33.476,33.357,22.274,33.281,N/A,61398,72,146.401,277.793,11.113,14.113,40,36,29,0,4,70,301,node_420_720,10.392,50,36,13.588,early,15,N/A,N/A,11,-1,0,Very Low,N/A,1
oppo_full_03_20260809,508,519.857,479.799,GameplayMeasurement,Long Run / Stress,1,31,30.001,33.332,33.458,33.491,33.494,33.346,22.284,33.277,N/A,61810,72,146.408,277.793,11.148,14.113,40,36,27,0,4,68,303,node_420_720,10.399,50,36,13.598,early,15,N/A,N/A,11,-1,0,Very Low,N/A,1
oppo_full_03_20260809,509,520.874,480.816,GameplayMeasurement,Long Run / Stress,1,30,29.504,33.894,33.568,45.295,50.063,33.87,21.706,33.833,N/A,68334,72,146.413,277.793,11.195,14.113,40,37,28,0,4,69,302,node_420_720,10.405,50,36,13.608,early,15,N/A,N/A,11,-1,0,Very Low,N/A,1
oppo_full_03_20260809,510,521.907,481.849,GameplayMeasurement,Long Run / Stress,1,31,29.999,33.334,33.448,33.501,33.513,33.328,22.374,33.286,N/A,55954,72,146.411,277.793,11.238,14.113,40,36,22,0,4,63,308,node_420_720,10.412,50,36,13.618,early,15,N/A,N/A,11,-1,0,Very Low,N/A,1
oppo_full_03_20260809,511,522.941,482.883,GameplayMeasurement,Long Run / Stress,1,31,30.001,33.332,33.461,33.508,33.524,33.33,22.087,33.289,N/A,65142,72,146.414,277.793,11.281,14.113,40,37,26,0,4,67,304,node_420_720,10.419,51,36,13.629,early,15,N/A,N/A,11,-1,0,Very Low,N/A,1
oppo_full_03_20260809,512,523.974,483.916,GameplayMeasurement,Long Run / Stress,1,31,29.997,33.337,33.436,33.442,33.443,33.341,22.38,33.265,N/A,56606,72,146.393,277.793,11.324,14.113,39,36,24,0,4,64,307,node_420_720,10.426,51,36,13.639,early,15,N/A,N/A,11,-1,0,Very Low,N/A,1
oppo_full_03_20260809,513,525.007,484.949,GameplayMeasurement,Long Run / Stress,1,31,30.003,33.33,33.42,33.439,33.446,33.325,21.679,33.275,N/A,62158,72,146.398,277.793,11.363,14.113,39,36,25,0,4,65,306,node_420_720,10.433,51,36,13.649,early,15,N/A,N/A,11,-1,0,Very Low,N/A,1
oppo_full_03_20260809,514,526.024,485.966,GameplayMeasurement,Long Run / Stress,1,30,29.512,33.885,33.465,45.239,50.047,33.911,21.202,33.833,N/A,64646,75,146.422,277.793,11.012,14.113,40,36,23,0,4,65,306,node_420_720,10.44,51,36,13.66,early,15,N/A,N/A,11,-1,0,Very Low,N/A,1
oppo_full_03_20260809,515,527.024,486.966,GameplayMeasurement,Long Run / Stress,1,30,29.996,33.338,33.423,33.439,33.442,33.314,22.415,33.283,N/A,54638,75,146.419,277.793,11.012,14.113,40,37,31,0,4,72,299,node_420_720,10.446,51,36,13.67,early,15,N/A,N/A,11,-1,0,Very Low,N/A,1
oppo_full_03_20260809,516,528.057,487.999,GameplayMeasurement,Long Run / Stress,1,31,30,33.333,33.423,33.432,33.435,33.347,22.486,33.308,N/A,62334,75,146.38,277.793,11.012,14.113,39,36,26,0,4,66,305,node_420_720,10.453,51,36,13.68,early,15,N/A,N/A,11,-1,0,Very Low,N/A,1
oppo_full_03_20260809,517,529.091,489.032,GameplayMeasurement,Long Run / Stress,1,31,30.003,33.33,33.41,33.42,33.422,33.328,22.508,33.241,N/A,65182,75,146.429,277.793,11.012,14.113,40,37,27,0,4,69,302,node_420_720,10.46,51,36,13.69,early,15,N/A,N/A,11,-1,0,Very Low,N/A,1
oppo_full_03_20260809,518,530.091,490.032,GameplayMeasurement,Long Run / Stress,1,30,29.997,33.337,33.431,33.474,33.487,33.327,22.574,33.291,N/A,61410,75,146.418,277.793,11.012,14.113,40,37,22,0,4,63,308,node_420_720,10.467,51,36,13.7,early,15,N/A,N/A,11,-1,0,Very Low,N/A,1
oppo_full_03_20260809,519,531.124,491.066,GameplayMeasurement,Long Run / Stress,1,31,30.005,33.328,33.475,33.494,33.495,33.329,22.242,33.259,N/A,61594,75,146.417,277.793,11.012,14.113,40,37,23,0,4,64,307,node_420_720,10.474,51,36,13.711,early,15,N/A,N/A,11,-1,0,Very Low,N/A,1
oppo_full_03_20260809,520,532.124,492.066,GameplayMeasurement,Long Run / Stress,1,29,28.997,34.486,33.436,57.428,66.759,34.483,25.08,34.431,N/A,59818,75,146.411,277.793,11.012,14.113,40,36,25,0,4,66,305,node_420_720,10.48,51,36,13.721,early,15,N/A,N/A,11,-1,0,Very Low,N/A,1
oppo_full_03_20260809,521,533.157,493.099,GameplayMeasurement,Long Run / Stress,1,31,30.003,33.33,33.454,33.484,33.491,33.341,25.917,33.279,N/A,59874,75,146.394,277.793,11.012,14.113,39,36,21,0,4,61,310,node_420_720,10.487,51,36,13.731,early,15,N/A,N/A,11,-1,0,Very Low,N/A,1
oppo_full_03_20260809,522,534.157,494.099,GameplayMeasurement,Long Run / Stress,1,30,29.997,33.336,33.45,33.464,33.47,33.338,26.37,33.278,N/A,61730,75,146.452,277.793,11.012,14.113,41,38,22,0,4,65,306,node_420_720,10.494,51,36,13.741,early,15,N/A,N/A,11,-1,0,Very Low,N/A,1
oppo_full_03_20260809,523,535.191,495.133,GameplayMeasurement,Long Run / Stress,1,31,29.998,33.335,33.438,33.464,33.474,33.324,26.133,33.289,N/A,65032,75,146.41,277.793,11.02,14.113,40,37,18,0,4,59,312,node_420_720,10.501,51,36,13.751,early,15,N/A,N/A,11,-1,0,Very Low,N/A,1
oppo_full_03_20260809,524,536.224,496.166,GameplayMeasurement,Long Run / Stress,1,31,30.002,33.331,33.437,33.457,33.464,33.351,26.482,33.268,N/A,59122,75,146.434,277.793,11.02,14.113,40,36,36,0,4,78,293,node_420_720,10.508,51,36,13.762,early,15,N/A,N/A,11,-1,0,Very Low,N/A,1
oppo_full_03_20260809,525,537.224,497.166,GameplayMeasurement,Long Run / Stress,1,30,29.996,33.338,33.437,33.463,33.473,33.312,25.849,33.298,N/A,59794,75,146.391,277.793,11.02,14.113,39,36,36,0,4,76,295,node_420_720,10.514,51,36,13.772,early,15,N/A,N/A,11,-1,0,Very Low,N/A,1
oppo_full_03_20260809,526,538.257,498.199,GameplayMeasurement,Long Run / Stress,1,31,30.006,33.327,33.44,33.464,33.469,33.336,25.996,33.266,N/A,66162,75,146.391,277.793,11.02,14.113,40,36,23,0,4,63,308,node_420_720,10.521,51,36,13.782,early,15,N/A,N/A,11,-1,0,Very Low,N/A,1
oppo_full_03_20260809,527,539.257,499.199,GameplayMeasurement,Long Run / Stress,1,30,30,33.334,33.456,33.486,33.495,33.318,23.982,33.285,N/A,53938,75,146.416,277.793,11.02,14.113,40,36,27,0,4,68,303,node_420_720,10.528,51,36,13.792,early,15,N/A,N/A,11,-1,0,Very Low,N/A,1
oppo_full_03_20260809,528,540.257,500.199,GameplayMeasurement,Long Run / Stress,1,30,29.996,33.338,33.426,33.461,33.463,33.362,21.748,33.289,N/A,60018,75,146.396,277.793,11.02,14.113,39,36,25,0,4,65,306,node_420_720,10.535,51,36,13.802,early,15,N/A,N/A,11,-1,0,Very Low,N/A,1
oppo_full_03_20260809,529,541.291,501.233,GameplayMeasurement,Long Run / Stress,1,31,30.002,33.331,33.446,33.462,33.463,33.325,22.361,33.263,N/A,55166,75,146.386,277.793,11.023,14.113,40,36,22,0,4,62,309,node_420_720,10.542,51,36,13.812,early,15,N/A,N/A,11,-1,0,Very Low,N/A,1
oppo_full_03_20260809,530,542.291,502.233,GameplayMeasurement,Long Run / Stress,1,30,29.999,33.334,33.49,33.571,33.599,33.342,21.83,33.295,N/A,58098,75,146.387,277.793,11.027,14.113,39,36,22,0,4,62,309,node_420_720,10.548,51,36,13.822,early,15,N/A,N/A,11,-1,0,Very Low,N/A,1
oppo_full_03_20260809,531,543.307,503.249,GameplayMeasurement,Long Run / Stress,1,30,29.511,33.886,33.569,45.224,49.978,33.872,24.972,33.825,N/A,64702,75,146.396,277.793,11.066,14.113,40,37,25,0,4,66,305,node_420_720,10.555,51,36,13.832,early,15,N/A,N/A,11,-1,0,Very Low,N/A,1
oppo_full_03_20260809,532,544.307,504.249,GameplayMeasurement,Long Run / Stress,1,30,30,33.334,33.415,33.428,33.433,33.333,25.7,33.259,N/A,56842,75,146.406,277.793,11.105,14.113,40,37,26,0,4,68,303,node_420_720,10.562,51,36,13.842,early,15,N/A,N/A,11,-1,0,Very Low,N/A,1
oppo_full_03_20260809,533,545.307,505.25,GameplayMeasurement,Long Run / Stress,1,30,29.996,33.338,33.471,33.527,33.547,33.341,26.05,33.285,N/A,54574,75,146.377,277.793,11.137,14.113,39,36,27,0,4,67,304,node_420_720,10.568,51,36,13.852,early,15,N/A,N/A,11,-1,0,Very Low,N/A,1
oppo_full_03_20260809,534,546.341,506.283,GameplayMeasurement,Long Run / Stress,1,31,30.001,33.333,33.479,33.493,33.498,33.32,26.117,33.29,N/A,66946,75,146.39,277.793,11.184,14.113,40,37,30,0,4,71,300,node_420_720,10.575,51,36,13.863,early,15,N/A,N/A,11,-1,0,Very Low,N/A,1
oppo_full_03_20260809,535,547.374,507.316,GameplayMeasurement,Long Run / Stress,1,31,29.999,33.334,33.457,33.465,33.468,33.336,26.219,33.277,N/A,58242,75,146.426,277.793,11.219,14.113,41,38,23,0,4,65,306,node_420_720,10.582,51,36,13.873,early,15,N/A,N/A,11,-1,0,Very Low,N/A,1
oppo_full_03_20260809,536,548.407,508.349,GameplayMeasurement,Long Run / Stress,1,31,30.002,33.331,33.456,33.495,33.511,33.337,25.177,33.274,N/A,65006,75,146.402,277.793,11.266,14.113,40,37,28,0,4,69,302,node_420_720,10.589,52,36,13.883,early,15,N/A,N/A,11,-1,0,Very Low,N/A,1
oppo_full_03_20260809,537,549.424,509.366,GameplayMeasurement,Long Run / Stress,1,30,29.506,33.892,33.455,45.175,49.957,33.895,24.971,33.886,N/A,61386,75,146.396,277.793,11.316,14.113,40,37,25,0,4,66,305,node_420_720,10.596,52,36,13.894,early,15,N/A,N/A,11,-1,0,Very Low,N/A,1
oppo_full_03_20260809,538,550.457,510.399,GameplayMeasurement,Long Run / Stress,1,31,30.004,33.329,33.427,33.454,33.46,33.33,25.717,33.227,N/A,65250,75,146.375,277.793,11.363,14.113,39,36,25,0,4,65,306,node_420_720,10.603,52,36,13.904,early,15,N/A,N/A,11,-1,0,Very Low,N/A,1
oppo_full_03_20260809,539,551.458,511.4,GameplayMeasurement,Long Run / Stress,1,30,29.996,33.338,33.458,33.502,33.515,33.326,26.128,33.284,N/A,52594,75,146.402,277.793,11.398,14.113,40,37,33,0,4,74,297,node_420_720,10.609,52,36,13.914,early,15,N/A,N/A,11,-1,0,Very Low,N/A,1
oppo_full_03_20260809,540,552.491,512.433,GameplayMeasurement,Long Run / Stress,1,31,30.002,33.331,33.451,33.461,33.465,33.346,26.23,33.279,N/A,53990,75,146.383,277.793,11.441,14.113,39,36,40,0,4,80,291,node_420_720,10.616,52,36,13.924,early,15,N/A,N/A,11,-1,0,Very Low,N/A,1
oppo_full_03_20260809,541,553.524,513.466,GameplayMeasurement,Long Run / Stress,1,31,30.004,33.329,33.412,33.454,33.47,33.327,26.122,33.284,N/A,61190,78,146.386,277.793,11.121,14.113,39,36,27,0,4,68,303,node_420_720,10.623,52,36,13.935,early,15,N/A,N/A,11,-1,0,Very Low,N/A,1
oppo_full_03_20260809,542,554.541,514.483,GameplayMeasurement,Long Run / Stress,1,30,29.504,33.893,33.403,45.193,50.008,33.882,25.217,33.85,N/A,64082,78,146.442,277.793,11.121,14.113,42,39,23,0,4,66,305,node_420_720,10.63,52,37,13.945,early,15,N/A,N/A,11,-1,0,Very Low,N/A,1
oppo_full_03_20260809,543,555.541,515.483,GameplayMeasurement,Long Run / Stress,1,30,29.999,33.335,33.44,33.449,33.45,33.349,25.972,33.273,N/A,56750,78,146.411,277.793,11.121,14.113,41,37,23,0,4,65,306,node_420_720,10.637,52,37,13.955,early,15,N/A,N/A,11,-1,0,Very Low,N/A,1
oppo_full_03_20260809,544,556.574,516.516,GameplayMeasurement,Long Run / Stress,1,31,29.999,33.334,33.461,33.479,33.482,33.325,25.82,33.271,N/A,65702,78,146.414,277.793,11.121,14.113,41,38,21,0,4,63,308,node_420_720,10.643,52,37,13.965,early,15,N/A,N/A,11,-1,0,Very Low,N/A,1
oppo_full_03_20260809,545,557.607,517.549,GameplayMeasurement,Long Run / Stress,1,31,30.002,33.331,33.467,33.477,33.479,33.327,25.916,33.28,N/A,58634,78,146.426,277.793,11.121,14.113,41,38,26,0,4,69,302,node_420_720,10.65,52,37,13.975,early,15,N/A,N/A,11,-1,0,Very Low,N/A,1
oppo_full_03_20260809,546,558.607,518.55,GameplayMeasurement,Long Run / Stress,1,30,29.996,33.338,33.445,33.482,33.495,33.36,25.609,33.277,N/A,50802,78,146.412,277.793,11.121,14.113,41,37,34,0,4,76,295,node_420_720,10.657,52,37,13.985,early,15,N/A,N/A,11,-1,0,Very Low,N/A,1
oppo_full_03_20260809,547,559.624,519.566,GameplayMeasurement,Long Run / Stress,1,30,29.514,33.883,33.473,45.196,49.976,33.854,25.375,33.837,N/A,69858,78,146.401,277.793,11.121,14.113,41,38,29,0,4,70,301,node_420_720,10.664,52,37,13.996,early,15,N/A,N/A,11,-1,0,Very Low,N/A,1
oppo_full_03_20260809,548,560.657,520.599,GameplayMeasurement,Long Run / Stress,1,31,30.003,33.33,33.432,33.436,33.438,33.353,26.172,33.275,N/A,56022,78,146.398,277.793,11.121,14.113,40,37,29,0,4,70,301,node_420_720,10.671,52,37,14.006,early,15,N/A,N/A,11,-1,0,Very Low,N/A,1
oppo_full_03_20260809,549,561.657,521.599,GameplayMeasurement,Long Run / Stress,1,30,29.997,33.336,33.414,33.433,33.439,33.343,25.916,33.304,N/A,68838,78,146.417,277.793,11.121,14.113,40,37,30,0,4,72,299,node_420_720,10.677,52,37,14.016,early,15,N/A,N/A,11,-1,0,Very Low,N/A,1
oppo_full_03_20260809,550,562.657,522.599,GameplayMeasurement,Long Run / Stress,1,30,29.997,33.336,33.471,33.491,33.496,33.322,26.319,33.296,N/A,48878,78,146.42,277.793,11.125,14.113,41,38,37,0,4,79,292,node_420_720,10.684,52,37,14.026,early,15,N/A,N/A,11,-1,0,Very Low,N/A,1
oppo_full_03_20260809,551,563.691,523.633,GameplayMeasurement,Long Run / Stress,1,31,30.002,33.332,33.535,33.699,33.734,33.333,26.411,33.248,N/A,59890,78,146.412,277.793,11.129,14.113,41,38,32,0,4,74,297,node_420_720,10.691,52,37,14.036,early,15,N/A,N/A,11,-1,0,Very Low,N/A,1
oppo_full_03_20260809,552,564.691,524.633,GameplayMeasurement,Long Run / Stress,1,30,29.998,33.336,33.433,33.483,33.498,33.33,26.205,33.313,N/A,55522,78,146.399,277.793,11.129,14.113,41,38,27,0,4,68,303,node_420_720,10.698,52,37,14.046,early,15,N/A,N/A,11,-1,0,Very Low,N/A,1
oppo_full_03_20260809,553,565.707,525.649,GameplayMeasurement,Long Run / Stress,1,30,29.513,33.884,33.456,45.19,49.983,33.909,24.974,33.798,N/A,64526,78,146.396,277.793,11.133,14.113,41,38,22,0,4,63,308,node_420_720,10.704,52,37,14.056,early,15,N/A,N/A,11,-1,0,Very Low,N/A,1
oppo_full_03_20260809,554,566.707,526.649,GameplayMeasurement,Long Run / Stress,1,30,29.998,33.335,33.441,33.467,33.472,33.322,25.136,33.268,N/A,58634,78,146.373,277.793,11.133,14.113,40,37,20,0,4,60,311,node_420_720,10.711,52,37,14.066,early,15,N/A,N/A,11,-1,0,Very Low,N/A,1
oppo_full_03_20260809,555,567.74,527.682,GameplayMeasurement,Long Run / Stress,1,31,29.997,33.336,33.459,33.516,33.541,33.357,25.333,33.292,N/A,61758,78,146.403,277.793,11.133,14.113,40,37,23,0,4,64,307,node_420_720,10.718,52,37,14.077,early,15,N/A,N/A,11,-1,0,Very Low,N/A,1
oppo_full_03_20260809,556,568.74,528.682,GameplayMeasurement,Long Run / Stress,1,30,29.999,33.334,33.507,33.526,33.532,33.309,25.666,33.313,N/A,51330,78,146.438,277.793,11.133,14.113,42,39,21,0,4,64,307,node_420_720,10.725,52,37,14.087,early,15,N/A,N/A,11,-1,0,Very Low,N/A,1
oppo_full_03_20260809,557,569.773,529.715,GameplayMeasurement,Long Run / Stress,1,31,30.006,33.327,33.408,33.44,33.453,33.319,25.754,33.228,N/A,65886,78,146.416,277.793,11.137,14.113,41,37,22,0,4,64,307,node_420_720,10.731,52,37,14.097,early,15,N/A,N/A,11,-1,0,Very Low,N/A,1
oppo_full_03_20260809,558,570.79,530.732,GameplayMeasurement,Long Run / Stress,1,30,29.507,33.89,33.429,45.287,50.127,33.91,25.342,33.852,N/A,48910,78,146.396,277.793,11.137,14.113,41,37,23,0,4,64,307,node_420_720,10.738,52,37,14.107,early,15,N/A,N/A,11,-1,0,Very Low,N/A,1
oppo_full_03_20260809,559,571.79,531.732,GameplayMeasurement,Long Run / Stress,1,30,29.998,33.336,33.431,33.45,33.455,33.315,25.872,33.291,N/A,59282,78,146.4,277.793,11.176,14.113,41,37,24,0,4,65,306,node_420_720,10.745,52,37,14.117,early,15,N/A,N/A,11,-1,0,Very Low,N/A,1
oppo_full_03_20260809,560,572.823,532.765,GameplayMeasurement,Long Run / Stress,1,31,30.003,33.33,33.435,33.459,33.465,33.335,25.654,33.266,N/A,54362,78,146.423,277.793,11.207,14.113,42,38,34,0,4,76,295,node_420_720,10.752,53,37,14.128,early,15,N/A,N/A,11,-1,0,Very Low,N/A,1
oppo_full_03_20260809,561,573.823,533.765,GameplayMeasurement,Long Run / Stress,1,30,29.998,33.336,33.432,33.472,33.485,33.328,25.487,33.279,N/A,52526,78,146.402,277.793,11.238,14.113,40,37,34,0,4,75,296,node_420_720,10.758,53,37,14.138,early,15,N/A,N/A,11,-1,0,Very Low,N/A,1
oppo_full_03_20260809,562,574.857,534.799,GameplayMeasurement,Long Run / Stress,1,31,30.001,33.332,33.424,33.485,33.5,33.342,25.136,33.281,N/A,62618,78,146.386,277.793,11.277,14.113,41,37,31,0,4,72,299,node_420_720,10.765,53,37,14.148,early,15,N/A,N/A,11,-1,0,Very Low,N/A,1
oppo_full_03_20260809,563,575.873,535.816,GameplayMeasurement,Long Run / Stress,1,30,29.507,33.891,33.427,45.199,50.005,33.884,25.349,33.85,N/A,59942,78,146.418,277.793,11.32,14.113,41,37,29,0,4,71,300,node_420_720,10.772,53,37,14.158,early,15,N/A,N/A,11,-1,0,Very Low,N/A,1
oppo_full_03_20260809,564,576.873,536.816,GameplayMeasurement,Long Run / Stress,1,30,29.998,33.336,33.443,33.493,33.51,33.342,26.224,33.253,N/A,56210,78,146.403,277.793,11.355,14.113,40,37,23,0,4,64,307,node_420_720,10.779,53,37,14.168,early,15,N/A,N/A,11,-1,0,Very Low,N/A,1
oppo_full_03_20260809,565,577.907,537.849,GameplayMeasurement,Long Run / Stress,1,31,30.002,33.331,33.45,33.481,33.483,33.331,26.439,33.28,N/A,60514,78,146.383,277.793,11.398,14.113,40,37,25,0,4,65,306,node_420_720,10.786,53,37,14.178,early,15,N/A,N/A,11,-1,0,Very Low,N/A,1
oppo_full_03_20260809,566,578.94,538.882,GameplayMeasurement,Long Run / Stress,1,31,30.004,33.329,33.464,33.522,33.535,33.328,26.066,33.271,N/A,58430,78,146.386,277.793,11.445,14.113,41,37,23,0,4,64,307,node_420_720,10.793,53,37,14.189,early,15,N/A,N/A,11,-1,0,Very Low,N/A,1
oppo_full_03_20260809,567,579.94,539.882,GameplayMeasurement,Long Run / Stress,1,30,29.995,33.339,33.444,33.466,33.466,33.335,26.398,33.292,N/A,56786,78,146.409,277.793,11.492,14.113,40,37,25,0,4,66,305,node_420_720,10.799,53,37,14.199,early,15,N/A,N/A,11,-1,0,Very Low,N/A,1
oppo_full_03_20260809,568,580.973,540.915,GameplayMeasurement,Long Run / Stress,1,31,29.999,33.334,33.422,33.471,33.483,33.33,23.62,33.262,N/A,71938,81,146.385,277.793,11.242,11.895,41,37,17,0,4,58,313,node_420_720,10.806,53,37,14.209,early,15,N/A,N/A,11,-1,0,Very Low,N/A,1
oppo_full_03_20260809,569,581.99,541.932,GameplayMeasurement,Long Run / Stress,1,30,29.511,33.886,33.524,45.268,50.062,33.913,22.092,33.835,N/A,55726,81,146.392,277.793,11.242,11.895,41,37,15,0,4,56,315,node_420_720,10.813,53,37,14.219,early,15,N/A,N/A,11,-1,0,Very Low,N/A,1
oppo_full_03_20260809,570,583.023,542.965,GameplayMeasurement,Long Run / Stress,1,31,30.006,33.326,33.425,33.592,33.658,33.316,22.678,33.282,N/A,64646,81,146.408,277.793,11.242,11.895,41,37,27,0,4,69,302,node_420_720,10.82,53,37,14.23,early,15,N/A,N/A,11,-1,0,Very Low,N/A,1
oppo_full_03_20260809,571,584.023,543.965,GameplayMeasurement,Long Run / Stress,1,30,29.992,33.343,33.462,33.567,33.608,33.326,22.849,33.27,N/A,54250,81,146.434,277.793,11.242,11.895,41,37,31,0,4,74,297,node_420_720,10.826,53,37,14.24,early,15,N/A,N/A,11,-1,0,Very Low,N/A,1
oppo_full_03_20260809,572,585.056,544.998,GameplayMeasurement,Long Run / Stress,1,31,30.002,33.332,33.464,33.479,33.481,33.338,22.788,33.272,N/A,63806,81,146.401,277.793,11.242,11.895,41,37,24,0,4,65,306,node_420_720,10.833,53,37,14.25,early,15,N/A,N/A,11,-1,0,Very Low,N/A,1
oppo_full_03_20260809,573,586.09,546.032,GameplayMeasurement,Long Run / Stress,1,31,30.003,33.331,33.414,33.426,33.431,33.466,22.676,33.27,N/A,54562,81,146.383,277.793,11.242,11.895,40,37,21,0,4,61,310,node_420_720,10.84,53,37,14.26,early,15,N/A,N/A,11,-1,0,Very Low,N/A,1
oppo_full_03_20260809,574,587.106,547.049,GameplayMeasurement,Long Run / Stress,1,30,29.504,33.894,33.491,45.239,50.035,33.751,21.981,33.834,N/A,60698,81,146.405,277.793,11.242,11.895,41,38,28,0,4,69,302,node_420_720,10.847,53,37,14.27,early,15,N/A,N/A,11,-1,0,Very Low,N/A,1
oppo_full_03_20260809,575,588.106,548.048,GameplayMeasurement,Long Run / Stress,1,30,29.997,33.336,33.417,33.546,33.594,33.335,21.777,33.287,N/A,51030,81,146.399,277.793,11.242,11.895,41,38,34,0,4,75,296,node_420_720,10.854,53,37,14.28,early,15,N/A,N/A,11,-1,0,Very Low,N/A,1
oppo_full_03_20260809,576,589.14,549.082,GameplayMeasurement,Long Run / Stress,1,31,30.003,33.33,33.423,33.48,33.494,33.338,21.815,33.266,N/A,53254,81,146.407,277.793,11.242,11.895,41,38,25,0,4,66,305,node_420_720,10.861,53,37,14.291,early,15,N/A,N/A,11,-1,0,Very Low,N/A,1
oppo_full_03_20260809,577,590.173,550.115,GameplayMeasurement,Long Run / Stress,1,31,30.002,33.331,33.43,33.461,33.473,33.332,21.423,33.296,N/A,70102,81,146.398,277.793,11.246,11.895,41,38,16,0,4,57,314,node_420_720,10.867,53,37,14.301,early,15,N/A,N/A,11,-1,0,Very Low,N/A,1
oppo_full_03_20260809,578,591.173,551.115,GameplayMeasurement,Long Run / Stress,1,30,30,33.334,33.437,33.476,33.488,33.324,21.519,33.285,N/A,55162,81,146.421,277.793,11.246,11.895,41,38,20,0,4,62,309,node_420_720,10.874,53,37,14.311,early,15,N/A,N/A,11,-1,0,Very Low,N/A,1
oppo_full_03_20260809,579,592.19,552.132,GameplayMeasurement,Long Run / Stress,1,30,29.5,33.899,33.519,45.292,50.072,33.942,23.836,33.808,N/A,67446,81,146.45,277.793,11.246,11.895,42,39,20,0,4,63,308,node_420_720,10.881,53,38,14.321,early,15,N/A,N/A,11,-1,0,Very Low,N/A,1
oppo_full_03_20260809,580,593.223,553.165,GameplayMeasurement,Long Run / Stress,1,31,30.007,33.325,33.45,33.54,33.57,33.294,25.757,33.297,N/A,65558,81,146.443,277.793,11.246,11.895,41,38,31,0,4,74,297,node_420_720,10.888,53,38,14.332,early,15,N/A,N/A,11,-1,0,Very Low,N/A,1
oppo_full_03_20260809,581,594.256,554.198,GameplayMeasurement,Long Run / Stress,1,31,29.999,33.335,33.434,33.452,33.456,33.327,26.333,33.265,N/A,57286,81,146.446,277.793,11.246,11.895,42,38,30,0,4,73,298,node_420_720,10.895,53,38,14.342,early,15,N/A,N/A,11,-1,0,Very Low,N/A,1
oppo_full_03_20260809,582,595.289,555.231,GameplayMeasurement,Long Run / Stress,1,31,30.004,33.329,33.472,33.485,33.485,33.356,26.289,33.294,N/A,69430,81,146.46,277.793,11.258,11.895,42,39,26,0,4,70,301,node_420_720,10.902,53,38,14.352,early,15,N/A,N/A,11,-1,0,Very Low,N/A,1
oppo_full_03_20260809,583,596.289,556.231,GameplayMeasurement,Long Run / Stress,1,30,29.998,33.335,33.46,33.499,33.509,33.32,26.389,33.271,N/A,60186,81,146.444,277.793,11.258,11.895,42,39,28,0,4,71,300,node_420_720,10.908,53,38,14.362,early,15,N/A,N/A,11,-1,0,Very Low,N/A,1
oppo_full_03_20260809,584,597.322,557.264,GameplayMeasurement,Long Run / Stress,1,31,30.002,33.331,33.433,33.527,33.558,33.325,26.481,33.272,N/A,94046,81,146.415,277.793,11.293,11.895,41,38,23,0,4,65,306,node_420_720,10.915,53,38,14.373,early,15,N/A,N/A,11,-1,0,Very Low,N/A,1
oppo_full_03_20260809,585,598.339,558.281,GameplayMeasurement,Long Run / Stress,1,30,29.506,33.891,33.456,45.236,50.037,33.885,25.335,33.852,N/A,62926,81,146.44,277.793,11.293,11.895,42,38,16,0,4,59,312,node_420_720,10.922,54,38,14.383,early,15,N/A,N/A,11,-1,0,Very Low,N/A,1
oppo_full_03_20260809,586,599.339,559.281,GameplayMeasurement,Long Run / Stress,1,30,29.998,33.335,33.41,33.412,33.412,33.327,25.743,33.286,N/A,53830,81,146.421,277.793,11.297,11.895,42,39,17,0,4,59,312,node_420_720,10.929,54,38,14.393,early,15,N/A,N/A,11,-1,0,Very Low,N/A,1
oppo_full_03_20260809,587,600.339,560.281,GameplayMeasurement,Long Run / Stress,1,30,29.997,33.337,33.417,33.438,33.445,33.343,26.142,33.282,N/A,70262,81,146.452,277.793,11.328,11.895,42,39,23,0,4,66,305,node_420_720,10.935,54,38,14.403,early,15,N/A,N/A,11,-1,0,Very Low,N/A,1
oppo_full_03_20260809,588,601.372,561.315,GameplayMeasurement,Long Run / Stress,1,31,30.003,33.33,33.404,33.437,33.45,33.322,26.349,33.319,N/A,48614,81,146.455,277.793,11.355,11.895,41,38,19,0,4,62,309,node_420_720,10.942,54,38,14.413,early,15,N/A,N/A,11,-1,0,Very Low,N/A,1
oppo_full_03_20260809,589,602.373,562.315,GameplayMeasurement,Long Run / Stress,1,30,29.998,33.335,33.447,33.467,33.475,33.354,26.628,33.244,N/A,57758,81,146.423,277.793,11.391,11.895,41,38,28,0,4,70,301,node_420_720,10.949,54,38,14.423,early,15,N/A,N/A,11,-1,0,Very Low,N/A,1
oppo_full_03_20260809,590,603.406,563.348,GameplayMeasurement,Long Run / Stress,1,31,30.005,33.328,33.466,33.51,33.52,33.318,25.669,33.271,N/A,62758,81,146.439,277.793,11.43,11.895,42,38,38,0,4,80,291,node_420_720,10.956,54,38,14.433,early,15,N/A,N/A,11,-1,0,Very Low,N/A,1
oppo_full_03_20260809,591,604.423,564.365,GameplayMeasurement,Long Run / Stress,1,30,29.504,33.893,33.593,45.159,49.87,33.902,23.399,33.818,N/A,57806,81,146.467,277.793,11.477,11.895,43,38,31,0,4,75,296,node_420_720,10.962,54,38,14.444,early,15,N/A,N/A,11,-1,0,Very Low,N/A,1
oppo_full_03_20260809,592,605.456,565.398,GameplayMeasurement,Long Run / Stress,1,31,30,33.333,33.441,33.467,33.472,33.339,22.813,33.27,N/A,59414,81,146.49,277.793,11.512,11.895,42,39,24,0,4,68,303,node_420_720,10.969,54,38,14.454,early,15,N/A,N/A,11,-1,0,Very Low,N/A,1
oppo_full_03_20260809,593,606.489,566.432,GameplayMeasurement,Long Run / Stress,1,31,30.002,33.331,33.428,33.462,33.476,33.331,22.633,33.296,N/A,64510,81,146.437,277.793,11.559,11.895,41,38,18,0,4,60,311,node_420_720,10.976,54,38,14.464,early,15,N/A,N/A,11,-1,0,Very Low,N/A,1
oppo_full_03_20260809,594,607.523,567.465,GameplayMeasurement,Long Run / Stress,1,31,30.003,33.33,33.41,33.44,33.45,33.319,22.646,33.244,N/A,53094,81,146.425,277.793,11.602,11.895,42,38,20,0,4,62,309,node_420_720,10.983,54,38,14.475,early,15,N/A,N/A,11,-1,0,Very Low,N/A,1
oppo_full_03_20260809,595,608.523,568.465,GameplayMeasurement,Long Run / Stress,1,30,29.999,33.335,33.465,33.481,33.481,33.33,22.64,33.273,N/A,62750,84,146.451,277.793,11.379,11.676,42,38,26,0,4,68,303,node_420_720,10.99,54,38,14.485,early,15,N/A,N/A,11,-1,0,Very Low,N/A,1
oppo_full_03_20260809,596,609.539,569.482,GameplayMeasurement,Long Run / Stress,1,30,29.506,33.892,33.44,45.197,49.997,33.361,22.289,33.843,N/A,55238,84,146.46,277.793,11.379,11.676,42,38,22,0,4,65,306,node_420_720,10.997,54,38,14.495,early,15,N/A,N/A,11,-1,0,Very Low,N/A,1
oppo_full_03_20260809,597,610.539,570.482,GameplayMeasurement,Long Run / Stress,1,30,29.998,33.336,33.419,33.445,33.451,33.86,22.557,33.269,N/A,65592,84,146.432,277.793,11.383,11.676,41,38,22,0,4,63,308,node_420_720,11.003,54,38,14.505,early,15,N/A,N/A,11,-1,0,Very Low,N/A,1
oppo_full_03_20260809,598,611.573,571.515,GameplayMeasurement,Long Run / Stress,1,31,30.003,33.33,33.422,33.46,33.468,33.338,22.811,33.268,N/A,58126,84,146.459,277.793,11.383,11.676,42,39,24,0,4,66,305,node_420_720,11.01,54,38,14.515,early,15,N/A,N/A,11,-1,0,Very Low,N/A,1
oppo_full_03_20260809,599,612.606,572.548,GameplayMeasurement,Long Run / Stress,1,31,30,33.334,33.423,33.428,33.429,33.328,22.513,33.285,N/A,59458,84,146.431,277.793,11.383,11.676,42,38,26,0,4,68,303,node_420_720,11.017,54,38,14.525,early,15,N/A,N/A,11,-1,0,Very Low,N/A,1
oppo_full_03_20260809,600,613.639,573.581,GameplayMeasurement,Long Run / Stress,1,31,29.999,33.334,33.411,33.431,33.437,33.336,22.419,33.277,N/A,73898,84,146.51,277.793,11.383,11.676,43,39,21,0,4,66,305,node_420_720,11.024,54,38,14.536,early,15,N/A,N/A,11,-1,0,Very Low,N/A,1
oppo_full_03_20260809,601,614.672,574.615,GameplayMeasurement,Long Run / Stress,1,31,30,33.333,33.434,33.446,33.447,33.332,22.398,33.279,N/A,58766,84,146.444,277.793,11.383,11.676,41,38,20,0,4,62,309,node_420_720,11.031,54,38,14.546,early,15,N/A,N/A,11,-1,0,Very Low,N/A,1
oppo_full_03_20260809,602,615.689,575.631,GameplayMeasurement,Long Run / Stress,1,30,29.508,33.889,33.516,45.215,49.988,33.902,21.966,33.834,N/A,61466,84,146.456,277.793,11.383,11.676,42,38,22,0,4,65,306,node_420_720,11.038,54,38,14.556,early,15,N/A,N/A,11,-1,0,Very Low,N/A,1
oppo_full_03_20260809,603,616.722,576.665,GameplayMeasurement,Long Run / Stress,1,31,30.001,33.332,33.441,33.463,33.473,33.323,22.666,33.271,N/A,56126,84,146.446,277.793,11.383,11.676,41,38,21,0,4,63,308,node_420_720,11.044,54,38,14.567,early,15,N/A,N/A,11,-1,0,Very Low,N/A,1
oppo_full_03_20260809,604,617.722,577.665,GameplayMeasurement,Long Run / Stress,1,30,29.998,33.335,33.432,33.451,33.458,33.336,22.653,33.283,N/A,66174,84,146.468,277.793,11.387,11.676,41,38,21,0,4,64,307,node_420_720,11.051,54,38,14.577,early,15,N/A,N/A,11,-1,0,Very Low,N/A,1
oppo_full_03_20260809,605,618.756,578.698,GameplayMeasurement,Long Run / Stress,1,31,30.001,33.333,33.424,33.447,33.447,33.336,22.612,33.276,N/A,61634,84,146.451,277.793,11.387,11.676,42,38,17,0,4,60,311,node_420_720,11.058,54,38,14.587,early,15,N/A,N/A,11,-1,0,Very Low,N/A,1
oppo_full_03_20260809,606,619.756,579.698,GameplayMeasurement,Long Run / Stress,1,30,29.997,33.337,33.431,33.447,33.448,33.34,22.426,33.262,N/A,72954,84,146.496,277.793,11.391,11.676,42,38,22,0,4,67,304,node_420_720,11.065,54,38,14.597,early,15,N/A,N/A,11,-1,0,Very Low,N/A,1
oppo_full_03_20260809,607,620.772,580.714,GameplayMeasurement,Long Run / Stress,1,30,29.511,33.885,33.453,45.205,50.004,33.902,21.953,33.854,N/A,74938,84,146.533,277.793,11.391,11.676,42,38,17,0,4,63,308,node_420_720,11.071,54,38,14.607,early,15,N/A,N/A,11,-1,0,Very Low,N/A,1
oppo_full_03_20260809,608,621.805,581.748,GameplayMeasurement,Long Run / Stress,1,31,30.001,33.332,33.41,33.433,33.44,33.306,22.495,33.279,N/A,56758,84,146.489,277.793,11.391,11.676,41,38,23,0,4,68,303,node_420_720,11.078,54,38,14.617,early,15,N/A,N/A,11,-1,0,Very Low,N/A,1
oppo_full_03_20260809,609,622.805,582.748,GameplayMeasurement,Long Run / Stress,1,30,29.998,33.335,33.44,33.46,33.467,33.34,22.506,33.289,N/A,73390,84,146.496,277.793,11.391,11.676,42,39,29,0,4,74,297,node_420_720,11.085,55,38,14.627,early,15,N/A,N/A,11,-1,0,Very Low,N/A,1
oppo_full_03_20260809,610,623.839,583.781,GameplayMeasurement,Long Run / Stress,1,31,30.001,33.332,33.459,33.494,33.506,33.334,22.676,33.258,N/A,59198,84,146.469,277.793,11.391,11.676,41,38,25,0,4,68,303,node_420_720,11.092,55,38,14.638,early,15,N/A,N/A,11,-1,0,Very Low,N/A,1
oppo_full_03_20260809,611,624.872,584.814,GameplayMeasurement,Long Run / Stress,1,31,29.998,33.335,33.421,33.429,33.431,33.328,22.912,33.307,N/A,66742,84,146.514,277.793,11.391,11.676,43,40,24,0,4,69,302,node_420_720,11.099,55,38,14.648,early,15,N/A,N/A,11,-1,0,Very Low,N/A,1
oppo_full_03_20260809,612,625.905,585.847,GameplayMeasurement,Long Run / Stress,1,31,30.002,33.331,33.445,33.449,33.449,33.349,23.144,33.239,N/A,59302,84,146.462,277.793,11.395,11.676,42,38,27,0,4,70,301,node_420_720,11.106,55,38,14.658,early,15,N/A,N/A,11,-1,0,Very Low,N/A,1
oppo_full_03_20260809,613,626.922,586.864,GameplayMeasurement,Long Run / Stress,1,30,29.503,33.895,33.516,45.243,50.029,33.871,22.498,33.842,N/A,54174,84,146.455,277.793,11.398,11.676,42,39,29,0,4,71,300,node_420_720,11.112,55,38,14.669,early,15,N/A,N/A,11,-1,0,Very Low,N/A,1
oppo_full_03_20260809,614,627.955,587.897,GameplayMeasurement,Long Run / Stress,1,31,30.005,33.328,33.41,33.459,33.479,33.344,23.106,33.262,N/A,64506,84,146.452,277.793,11.402,11.676,42,38,26,0,4,68,303,node_420_720,11.119,55,38,14.679,early,15,N/A,N/A,11,-1,0,Very Low,N/A,1
oppo_full_03_20260809,615,628.955,588.897,GameplayMeasurement,Long Run / Stress,1,30,29.999,33.334,33.452,33.48,33.487,33.333,22.917,33.316,N/A,50494,84,146.469,277.793,11.418,11.676,43,39,22,0,4,65,306,node_420_720,11.126,55,39,14.689,early,15,N/A,N/A,11,-1,0,Very Low,N/A,1
oppo_full_03_20260809,616,629.988,589.93,GameplayMeasurement,Long Run / Stress,1,31,29.999,33.334,33.425,33.489,33.516,33.353,22.895,33.241,N/A,60954,84,146.449,277.793,11.457,11.676,42,39,29,0,4,71,300,node_420_720,11.133,55,39,14.699,early,15,N/A,N/A,11,-1,0,Very Low,N/A,1
oppo_full_03_20260809,617,631.021,590.964,GameplayMeasurement,Long Run / Stress,1,31,30.001,33.333,33.413,33.455,33.473,33.319,22.711,33.277,N/A,60798,84,146.483,277.793,11.5,11.676,44,40,22,0,4,66,305,node_420_720,11.14,55,39,14.71,early,15,N/A,N/A,11,-1,0,Very Low,N/A,1
oppo_full_03_20260809,618,632.038,591.98,GameplayMeasurement,Long Run / Stress,1,30,29.507,33.89,33.478,45.195,49.977,33.881,21.889,33.858,N/A,59038,84,146.455,277.793,11.543,11.676,42,39,26,0,4,68,303,node_420_720,11.147,55,39,14.72,early,15,N/A,N/A,11,-1,0,Very Low,N/A,1
oppo_full_03_20260809,619,633.038,592.98,GameplayMeasurement,Long Run / Stress,1,30,29.998,33.335,33.458,33.496,33.509,33.332,22.783,33.239,N/A,59358,84,146.455,277.793,11.594,11.676,42,39,26,0,4,68,303,node_420_720,11.153,55,39,14.73,early,15,N/A,N/A,11,-1,0,Very Low,N/A,1
oppo_full_03_20260809,620,634.071,594.014,GameplayMeasurement,Long Run / Stress,1,31,30.002,33.331,33.44,33.447,33.45,33.321,22.741,33.266,N/A,53478,84,146.474,277.793,11.637,11.676,43,39,27,0,4,70,301,node_420_720,11.16,55,39,14.74,early,15,N/A,N/A,11,-1,0,Very Low,N/A,1
oppo_full_03_20260809,621,635.105,595.047,GameplayMeasurement,Long Run / Stress,1,31,30,33.333,33.416,33.462,33.473,33.343,22.5,33.277,N/A,62294,84,146.447,277.793,11.707,11.723,42,39,27,0,4,69,302,node_420_720,11.167,55,39,14.75,early,15,N/A,N/A,11,-1,0,Very Low,N/A,1
oppo_full_03_20260809,622,636.138,596.08,GameplayMeasurement,Long Run / Stress,1,31,30.002,33.331,33.414,33.421,33.424,33.322,22.907,33.27,N/A,59454,87,146.474,277.793,11.492,11.723,43,39,22,0,4,65,306,node_420_720,11.174,55,39,14.761,early,15,N/A,N/A,11,-1,0,Very Low,N/A,1
oppo_full_03_20260809,623,637.155,597.097,GameplayMeasurement,Long Run / Stress,1,30,29.488,33.912,33.783,45.311,49.913,33.9,22.314,33.85,N/A,61966,87,146.47,277.793,11.492,11.723,43,40,18,0,4,61,310,node_420_720,11.181,55,39,14.771,early,15,N/A,N/A,11,-1,0,Very Low,N/A,1
oppo_full_03_20260809,624,638.188,598.13,GameplayMeasurement,Long Run / Stress,1,31,30.017,33.314,33.447,33.515,33.526,33.346,22.754,33.278,N/A,56610,87,146.465,277.793,11.492,11.723,43,39,26,0,4,69,302,node_420_720,11.188,55,39,14.781,early,15,N/A,N/A,11,-1,0,Very Low,N/A,1
oppo_full_03_20260809,625,639.188,599.13,GameplayMeasurement,Long Run / Stress,1,30,30,33.333,33.415,33.469,33.487,33.344,22.731,33.264,N/A,56690,87,146.473,277.793,11.492,11.723,43,40,27,0,4,70,301,node_420_720,11.194,55,39,14.791,early,15,N/A,N/A,11,-1,0,Very Low,N/A,1
oppo_full_03_20260809,626,640.088,600.03,GameplayMeasurement,Long Run / Stress,1,27,30.002,33.331,33.414,33.478,33.497,33.323,22.857,33.281,N/A,51946,87,146.438,277.793,11.496,11.723,42,39,22,0,4,64,307,node_420_720,11.2,55,39,14.8,early,15,N/A,N/A,11,-1,0,Very Low,N/A,1
