run_id,sample_index,capture_elapsed_sec,gameplay_elapsed_sec,state,scenario,included_in_summary,window_frames,avg_fps,avg_frame_ms,p95_frame_ms,p99_frame_ms,max_frame_ms,cpu_frame_ms,gpu_frame_ms,main_thread_ms,render_thread_ms,gc_alloc_bytes,gc_collections,total_allocated_mb,total_reserved_mb,mono_used_mb,mono_heap_mb,enemy_count,visible_enemy_count,active_projectile_count,active_gate_count,squad_size,pool_active_count,pool_inactive_count,pressure_phase,spawn_per_second,enemy_cap,minimum_visible,threat_budget,gate_phase,gate_cadence_sec,draw_calls,batches,setpass_calls,target_frame_rate,vsync_count,quality_level,battery_temperature_c,battery_level
oppo_full_01_20260809,0,2.537,N/A,MenuWarmup,Warm-up,0,1,0.394,2536.663,2536.663,2536.663,2536.663,N/A,N/A,0,N/A,0,0,131.021,274.793,4.574,5.867,0,0,0,0,1,0,272,N/A,3,12,8,2,early,15,N/A,N/A,0,-1,0,Very Low,N/A,1
oppo_full_01_20260809,1,3.569,N/A,MenuWarmup,Warm-up,0,7,6.778,147.54,579.478,755.231,799.169,226.741,40.845,34.194,N/A,3568109,9,139.451,276.793,7.664,10.434,0,0,0,0,1,0,272,N/A,3,12,8,2,early,15,N/A,N/A,29,-1,0,Very Low,N/A,1
oppo_full_01_20260809,2,4.569,N/A,MenuWarmup,Warm-up,0,30,30,33.334,33.397,33.435,33.449,33.178,23.349,33.101,N/A,2870,9,139.431,276.793,7.664,10.434,0,0,0,0,1,0,272,N/A,3,12,8,2,early,15,N/A,N/A,29,-1,0,Very Low,N/A,1
oppo_full_01_20260809,3,5.603,N/A,MenuWarmup,Warm-up,0,31,30.001,33.332,33.368,33.374,33.374,33.37,25.312,33.249,N/A,2526,9,139.431,276.793,7.664,10.434,0,0,0,0,1,0,272,N/A,3,12,8,2,early,15,N/A,N/A,29,-1,0,Very Low,N/A,1
oppo_full_01_20260809,4,6.603,N/A,MenuWarmup,Warm-up,0,30,30,33.333,33.364,33.369,33.369,33.348,25.89,33.289,N/A,2542,9,139.431,276.793,7.664,10.434,0,0,0,0,1,0,272,N/A,3,12,8,2,early,15,N/A,N/A,29,-1,0,Very Low,N/A,1
oppo_full_01_20260809,5,7.603,N/A,MenuWarmup,Warm-up,0,30,29.999,33.334,33.357,33.384,33.395,33.35,25.938,33.237,N/A,2522,9,139.431,276.793,7.664,10.434,0,0,0,0,1,0,272,N/A,3,12,8,2,early,15,N/A,N/A,29,-1,0,Very Low,N/A,1
oppo_full_01_20260809,6,8.619,N/A,MenuWarmup,Warm-up,0,30,29.51,33.887,33.39,45.198,50.016,33.714,25.848,33.711,N/A,2538,9,139.431,276.793,7.664,10.434,0,0,0,0,1,0,272,N/A,3,12,8,2,early,15,N/A,N/A,29,-1,0,Very Low,N/A,1
oppo_full_01_20260809,7,9.619,N/A,MenuWarmup,Warm-up,0,30,29.998,33.335,33.379,33.399,33.405,33.34,25.923,33.259,N/A,2534,9,141.494,276.793,7.664,10.434,0,0,0,0,1,0,272,N/A,3,12,8,2,early,15,N/A,N/A,29,-1,0,Very Low,N/A,1
oppo_full_01_20260809,8,10.653,N/A,MenuMeasurement,Main Menu Idle,1,19,30,33.334,33.354,33.361,33.363,33.307,25.926,33.317,N/A,0,9,141.494,276.793,7.664,10.434,0,0,0,0,1,0,272,N/A,3,12,8,2,early,15,N/A,N/A,29,-1,0,Very Low,N/A,1
oppo_full_01_20260809,9,11.653,N/A,MenuMeasurement,Main Menu Idle,1,30,30,33.334,33.366,33.423,33.443,33.351,25.949,33.255,N/A,2498,9,141.494,276.793,7.664,10.434,0,0,0,0,1,0,272,N/A,3,12,8,2,early,15,N/A,N/A,29,-1,0,Very Low,N/A,1
oppo_full_01_20260809,10,12.653,N/A,MenuMeasurement,Main Menu Idle,1,30,29.999,33.334,33.375,33.377,33.377,33.314,26.003,33.295,N/A,2586,9,141.433,276.793,7.668,10.434,0,0,0,0,1,0,272,N/A,3,12,8,2,early,15,N/A,N/A,29,-1,0,Very Low,N/A,1
oppo_full_01_20260809,11,13.686,N/A,MenuMeasurement,Main Menu Idle,1,31,29.999,33.334,33.383,33.394,33.397,33.347,25.908,33.279,N/A,2574,9,141.43,276.793,7.668,10.434,0,0,0,0,1,0,272,N/A,3,12,8,2,early,15,N/A,N/A,29,-1,0,Very Low,N/A,1
oppo_full_01_20260809,12,14.719,N/A,MenuMeasurement,Main Menu Idle,1,31,30.002,33.331,33.383,33.392,33.395,33.332,25.942,33.289,N/A,2574,9,141.43,276.793,7.672,10.434,0,0,0,0,1,0,272,N/A,3,12,8,2,early,15,N/A,N/A,29,-1,0,Very Low,N/A,1
oppo_full_01_20260809,13,15.753,N/A,MenuMeasurement,Main Menu Idle,1,31,30,33.333,33.401,33.408,33.41,33.343,25.875,33.281,N/A,2574,9,141.43,276.793,7.672,10.434,0,0,0,0,1,0,272,N/A,3,12,8,2,early,15,N/A,N/A,29,-1,0,Very Low,N/A,1
oppo_full_01_20260809,14,16.753,N/A,MenuMeasurement,Main Menu Idle,1,30,29.999,33.335,33.373,33.404,33.416,33.318,25.876,33.277,N/A,2554,9,141.43,276.793,7.672,10.434,0,0,0,0,1,0,272,N/A,3,12,8,2,early,15,N/A,N/A,29,-1,0,Very Low,N/A,1
oppo_full_01_20260809,15,17.786,N/A,MenuMeasurement,Main Menu Idle,1,31,30.001,33.332,33.387,33.405,33.411,33.33,25.918,33.28,N/A,2570,9,141.43,276.793,7.676,10.434,0,0,0,0,1,0,272,N/A,3,12,8,2,early,15,N/A,N/A,29,-1,0,Very Low,N/A,1
oppo_full_01_20260809,16,18.786,N/A,MenuMeasurement,Main Menu Idle,1,30,29.999,33.334,33.394,33.41,33.41,33.347,25.917,33.295,N/A,2566,9,141.43,276.793,7.676,10.434,0,0,0,0,1,0,272,N/A,3,12,8,2,early,15,N/A,N/A,29,-1,0,Very Low,N/A,1
oppo_full_01_20260809,17,19.819,N/A,MenuMeasurement,Main Menu Idle,1,31,30.001,33.333,33.382,33.406,33.407,33.341,26.017,33.261,N/A,2562,9,141.43,276.793,7.676,10.434,0,0,0,0,1,0,272,N/A,3,12,8,2,early,15,N/A,N/A,29,-1,0,Very Low,N/A,1
oppo_full_01_20260809,18,20.853,N/A,MenuMeasurement,Main Menu Idle,1,31,30,33.333,33.398,33.412,33.417,33.33,25.946,33.281,N/A,2574,9,141.43,276.793,7.676,10.434,0,0,0,0,1,0,272,N/A,3,12,8,2,early,15,N/A,N/A,29,-1,0,Very Low,N/A,1
oppo_full_01_20260809,19,21.853,N/A,MenuMeasurement,Main Menu Idle,1,30,29.999,33.334,33.392,33.441,33.456,33.325,25.971,33.284,N/A,2554,9,141.43,276.793,7.688,10.434,0,0,0,0,1,0,272,N/A,3,12,8,2,early,15,N/A,N/A,29,-1,0,Very Low,N/A,1
oppo_full_01_20260809,20,22.853,N/A,MenuMeasurement,Main Menu Idle,1,30,30,33.333,33.371,33.388,33.394,33.338,25.956,33.277,N/A,2570,9,141.43,276.793,7.691,10.434,0,0,0,0,1,0,272,N/A,3,12,8,2,early,15,N/A,N/A,29,-1,0,Very Low,N/A,1
oppo_full_01_20260809,21,23.886,N/A,MenuMeasurement,Main Menu Idle,1,31,30,33.333,33.371,33.395,33.404,33.328,25.945,33.277,N/A,2554,9,141.43,276.793,7.691,10.434,0,0,0,0,1,0,272,N/A,3,12,8,2,early,15,N/A,N/A,29,-1,0,Very Low,N/A,1
oppo_full_01_20260809,22,24.903,N/A,MenuMeasurement,Main Menu Idle,1,30,29.508,33.889,33.462,45.207,49.996,33.901,25.813,33.852,N/A,2558,9,141.43,276.793,7.691,10.434,0,0,0,0,1,0,272,N/A,3,12,8,2,early,15,N/A,N/A,29,-1,0,Very Low,N/A,1
oppo_full_01_20260809,23,25.903,N/A,MenuMeasurement,Main Menu Idle,1,30,30,33.334,33.412,33.466,33.477,33.36,25.872,33.282,N/A,2570,9,141.43,276.793,7.695,10.434,0,0,0,0,1,0,272,N/A,3,12,8,2,early,15,N/A,N/A,29,-1,0,Very Low,N/A,1
oppo_full_01_20260809,24,26.936,N/A,MenuMeasurement,Main Menu Idle,1,31,29.998,33.336,33.458,33.509,33.511,33.299,25.896,33.266,N/A,2550,9,141.43,276.793,7.699,10.434,0,0,0,0,1,0,272,N/A,3,12,8,2,early,15,N/A,N/A,29,-1,0,Very Low,N/A,1
oppo_full_01_20260809,25,27.969,N/A,MenuMeasurement,Main Menu Idle,1,31,30.004,33.329,33.409,33.419,33.419,33.345,25.877,33.289,N/A,2574,9,141.43,276.793,7.699,10.434,0,0,0,0,1,0,272,N/A,3,12,8,2,early,15,N/A,N/A,29,-1,0,Very Low,N/A,1
oppo_full_01_20260809,26,28.969,N/A,MenuMeasurement,Main Menu Idle,1,30,29.997,33.336,33.39,33.413,33.421,33.362,25.868,33.262,N/A,2574,9,141.43,276.793,7.707,10.434,0,0,0,0,1,0,272,N/A,3,12,8,2,early,15,N/A,N/A,29,-1,0,Very Low,N/A,1
oppo_full_01_20260809,27,30.003,N/A,MenuMeasurement,Main Menu Idle,1,31,30.003,33.33,33.387,33.402,33.408,33.289,25.802,33.276,N/A,2566,9,141.43,276.793,7.711,10.434,0,0,0,0,1,0,272,N/A,3,12,8,2,early,15,N/A,N/A,29,-1,0,Very Low,N/A,1
oppo_full_01_20260809,28,31.003,N/A,MenuMeasurement,Main Menu Idle,1,30,29.998,33.336,33.499,33.585,33.593,33.344,26.155,33.304,N/A,2570,9,141.43,276.793,7.715,10.434,0,0,0,0,1,0,272,N/A,3,12,8,2,early,15,N/A,N/A,29,-1,0,Very Low,N/A,1
oppo_full_01_20260809,29,32.003,N/A,MenuMeasurement,Main Menu Idle,1,30,29.999,33.334,33.401,33.408,33.41,33.329,25.933,33.247,N/A,2570,9,141.43,276.793,7.715,10.434,0,0,0,0,1,0,272,N/A,3,12,8,2,early,15,N/A,N/A,29,-1,0,Very Low,N/A,1
oppo_full_01_20260809,30,33.036,N/A,MenuMeasurement,Main Menu Idle,1,31,30.001,33.332,33.391,33.409,33.416,33.337,25.95,33.275,N/A,2566,9,141.435,276.793,7.715,10.434,0,0,0,0,1,0,272,N/A,3,12,8,2,early,15,N/A,N/A,29,-1,0,Very Low,N/A,1
oppo_full_01_20260809,31,34.036,N/A,MenuMeasurement,Main Menu Idle,1,30,29.999,33.335,33.422,33.458,33.471,33.323,25.954,33.266,N/A,2574,9,141.435,276.793,7.715,10.434,0,0,0,0,1,0,272,N/A,3,12,8,2,early,15,N/A,N/A,29,-1,0,Very Low,N/A,1
oppo_full_01_20260809,32,35.069,N/A,MenuMeasurement,Main Menu Idle,1,31,30.001,33.332,33.388,33.398,33.402,33.37,25.903,33.285,N/A,2574,9,141.435,276.793,7.719,10.434,0,0,0,0,1,0,272,N/A,3,12,8,2,early,15,N/A,N/A,29,-1,0,Very Low,N/A,1
oppo_full_01_20260809,33,36.103,N/A,MenuMeasurement,Main Menu Idle,1,31,30,33.333,33.408,33.513,33.551,33.3,25.936,33.276,N/A,2574,9,141.435,276.793,7.727,10.434,0,0,0,0,1,0,272,N/A,3,12,8,2,early,15,N/A,N/A,29,-1,0,Very Low,N/A,1
oppo_full_01_20260809,34,37.103,N/A,MenuMeasurement,Main Menu Idle,1,30,30,33.334,33.398,33.421,33.428,33.338,25.896,33.28,N/A,2554,9,141.435,276.793,7.727,10.434,0,0,0,0,1,0,272,N/A,3,12,8,2,early,15,N/A,N/A,29,-1,0,Very Low,N/A,1
oppo_full_01_20260809,35,38.136,N/A,MenuMeasurement,Main Menu Idle,1,31,30.001,33.332,33.406,33.419,33.421,33.323,25.836,33.268,N/A,2554,9,141.435,276.793,7.727,10.434,0,0,0,0,1,0,272,N/A,3,12,8,2,early,15,N/A,N/A,29,-1,0,Very Low,N/A,1
oppo_full_01_20260809,36,39.136,N/A,MenuMeasurement,Main Menu Idle,1,30,29.998,33.335,33.4,33.419,33.424,33.34,25.866,33.315,N/A,2578,9,141.435,276.793,7.73,10.434,0,0,0,0,1,0,272,N/A,3,12,8,2,early,15,N/A,N/A,29,-1,0,Very Low,N/A,1
oppo_full_01_20260809,37,40.169,0.133,GameplayWarmup,Warm-up,0,4,30.001,33.332,33.371,33.374,33.374,36.388,20.219,33.277,N/A,189672,9,142.491,276.793,7.898,10.434,8,8,12,0,4,20,264,node_0_60,3.002,12,8,2.004,early,15,N/A,N/A,9,-1,0,Very Low,N/A,1
oppo_full_01_20260809,38,41.186,1.15,GameplayWarmup,Warm-up,0,30,29.505,33.892,33.481,45.156,49.918,33.499,20.611,33.842,N/A,791240,9,143.274,276.793,8.691,10.434,9,8,49,0,4,58,266,node_0_60,3.019,12,8,2.038,early,15,N/A,N/A,11,-1,0,Very Low,N/A,1
oppo_full_01_20260809,39,42.219,2.183,GameplayWarmup,Warm-up,0,31,30.003,33.33,33.42,33.468,33.485,33.327,23.393,33.271,N/A,456290,12,143.883,276.793,9.039,10.434,9,8,61,0,4,70,273,node_0_60,3.036,12,8,2.073,early,15,N/A,N/A,11,-1,0,Very Low,N/A,1
oppo_full_01_20260809,40,43.253,3.217,GameplayWarmup,Warm-up,0,31,30.002,33.331,33.421,33.444,33.446,33.34,23.349,33.279,N/A,147028,12,144.168,276.793,9.18,10.434,9,8,50,0,4,59,284,node_0_60,3.054,12,8,2.107,early,15,N/A,N/A,11,-1,0,Very Low,N/A,1
oppo_full_01_20260809,41,44.253,4.217,GameplayWarmup,Warm-up,0,30,29.996,33.338,33.416,33.46,33.477,33.311,23.366,33.285,N/A,81236,12,144.237,276.793,9.242,10.434,9,8,58,0,4,67,276,node_0_60,3.07,12,8,2.141,early,15,N/A,N/A,11,-1,0,Very Low,N/A,1
oppo_full_01_20260809,42,45.286,5.25,GameplayWarmup,Warm-up,0,31,30,33.334,33.448,33.48,33.487,33.339,23.756,33.276,N/A,64518,12,144.308,276.793,9.305,10.434,9,8,79,0,4,88,269,node_0_60,3.088,13,8,2.175,early,15,N/A,N/A,11,-1,0,Very Low,N/A,1
oppo_full_01_20260809,43,46.303,6.267,GameplayWarmup,Warm-up,0,30,29.504,33.894,33.518,45.253,50.018,33.879,22.702,33.828,N/A,50806,12,144.323,276.793,9.352,10.434,10,8,69,0,4,79,278,node_0_60,3.104,13,8,2.209,early,15,N/A,N/A,11,-1,0,Very Low,N/A,1
oppo_full_01_20260809,44,47.336,7.3,GameplayWarmup,Warm-up,0,31,30.005,33.328,33.463,33.523,33.545,33.35,24.321,33.267,N/A,66094,12,144.31,276.793,9.418,10.434,9,8,57,0,4,66,291,node_0_60,3.122,13,8,2.243,early,15,N/A,N/A,11,-1,0,Very Low,N/A,1
oppo_full_01_20260809,45,48.369,8.333,GameplayWarmup,Warm-up,0,31,30,33.333,33.493,33.542,33.562,33.318,24.184,33.256,N/A,62394,12,144.34,276.793,9.488,10.434,10,9,47,0,4,57,300,node_0_60,3.139,13,9,2.278,early,15,N/A,N/A,11,-1,0,Very Low,N/A,1
oppo_full_01_20260809,46,49.37,9.333,GameplayWarmup,Warm-up,0,30,29.997,33.336,33.467,33.501,33.515,33.336,24.141,33.247,N/A,61750,12,144.34,276.793,9.555,10.434,10,9,52,0,4,62,295,node_0_60,3.156,13,9,2.311,early,15,N/A,N/A,11,-1,0,Very Low,N/A,1
oppo_full_01_20260809,47,50.403,10.367,GameplayMeasurement,Early Run,1,10,30.005,33.328,33.432,33.44,33.441,33.316,24.38,33.206,N/A,22164,12,144.341,276.793,9.633,10.434,10,9,51,0,4,61,296,node_0_60,3.173,13,9,2.346,early,15,N/A,N/A,11,-1,0,Very Low,N/A,1
oppo_full_01_20260809,48,51.403,11.367,GameplayMeasurement,Early Run,1,30,29.993,33.341,33.427,33.432,33.433,33.326,24.037,33.302,N/A,65396,12,144.341,276.793,9.715,10.434,10,9,41,0,4,51,306,node_0_60,3.189,13,9,2.379,early,15,N/A,N/A,11,-1,0,Very Low,N/A,1
oppo_full_01_20260809,49,52.436,12.4,GameplayMeasurement,Early Run,1,31,30.006,33.327,33.542,33.596,33.603,33.34,23.594,33.22,N/A,59680,12,144.33,276.793,9.789,10.434,10,9,52,0,4,62,295,node_0_60,3.207,13,9,2.413,early,15,N/A,N/A,11,-1,0,Very Low,N/A,1
oppo_full_01_20260809,50,53.436,13.4,GameplayMeasurement,Early Run,1,30,29.998,33.335,33.498,33.522,33.531,33.336,24.218,33.26,N/A,54452,12,144.338,276.793,9.84,10.434,10,9,64,0,4,74,283,node_0_60,3.223,13,9,2.447,early,15,N/A,N/A,11,-1,0,Very Low,N/A,1
oppo_full_01_20260809,51,54.436,14.4,GameplayMeasurement,Early Run,1,30,29.996,33.338,33.465,33.534,33.552,33.334,24.241,33.261,N/A,56032,12,144.338,276.793,9.902,10.434,10,9,61,0,4,71,286,node_0_60,3.24,13,9,2.48,early,15,N/A,N/A,11,-1,0,Very Low,N/A,1
oppo_full_01_20260809,52,55.469,15.433,GameplayMeasurement,Early Run,1,31,30.004,33.329,33.431,33.499,33.528,33.338,24.158,33.23,N/A,73976,12,144.368,276.793,9.988,10.434,11,10,56,0,4,67,290,node_0_60,3.257,14,9,2.514,early,15,N/A,N/A,11,-1,0,Very Low,N/A,1
oppo_full_01_20260809,53,56.469,16.433,GameplayMeasurement,Early Run,1,30,29.997,33.337,33.472,33.507,33.513,33.332,24.195,33.286,N/A,51812,12,144.347,276.793,10.047,10.434,10,9,71,0,4,81,276,node_0_60,3.274,14,9,2.548,early,15,N/A,N/A,11,-1,0,Very Low,N/A,1
oppo_full_01_20260809,54,57.486,17.45,GameplayMeasurement,Early Run,1,30,29.507,33.89,33.447,45.222,50.031,33.88,23.645,33.793,N/A,50700,12,144.343,276.793,10.102,10.434,10,9,77,0,4,87,270,node_0_60,3.291,14,9,2.582,early,15,N/A,N/A,11,-1,0,Very Low,N/A,1
oppo_full_01_20260809,55,58.519,18.483,GameplayMeasurement,Early Run,1,31,30.004,33.328,33.465,33.492,33.497,33.329,24.207,33.261,N/A,74844,12,144.349,276.793,10.191,10.434,10,9,52,0,4,62,295,node_0_60,3.308,14,9,2.616,early,15,N/A,N/A,11,-1,0,Very Low,N/A,1
oppo_full_01_20260809,56,59.553,19.516,GameplayMeasurement,Early Run,1,31,30.003,33.33,33.429,33.456,33.467,33.321,23.422,33.248,N/A,68708,15,144.341,276.793,9.336,10.434,10,9,45,0,4,55,302,node_0_60,3.325,14,9,2.651,early,15,N/A,N/A,11,-1,0,Very Low,N/A,1
oppo_full_01_20260809,57,60.553,20.517,GameplayMeasurement,Early Run,1,30,29.995,33.338,33.415,33.515,33.555,33.354,23.334,33.298,N/A,63436,15,144.362,276.793,9.336,10.434,11,9,52,0,4,63,294,node_0_60,3.342,14,9,2.684,early,15,N/A,N/A,11,-1,0,Very Low,N/A,1
oppo_full_01_20260809,58,61.586,21.55,GameplayMeasurement,Early Run,1,31,30.001,33.332,33.415,33.474,33.499,33.333,24.448,33.241,N/A,62112,15,144.345,276.793,9.34,10.434,10,9,48,0,4,58,299,node_0_60,3.359,14,9,2.718,early,15,N/A,N/A,11,-1,0,Very Low,N/A,1
oppo_full_01_20260809,59,62.586,22.55,GameplayMeasurement,Early Run,1,30,29.999,33.335,33.458,33.507,33.52,33.33,23.313,33.263,N/A,66664,15,144.395,276.793,9.387,10.434,11,10,49,0,4,60,297,node_0_60,3.376,14,10,2.752,early,15,N/A,N/A,11,-1,0,Very Low,N/A,1
oppo_full_01_20260809,60,63.619,23.583,GameplayMeasurement,Early Run,1,31,30,33.334,33.515,33.552,33.556,33.336,24.051,33.274,N/A,51040,15,144.399,276.793,9.434,10.434,11,10,71,0,4,82,275,node_0_60,3.393,14,10,2.786,early,15,N/A,N/A,11,-1,0,Very Low,N/A,1
oppo_full_01_20260809,61,64.619,24.583,GameplayMeasurement,Early Run,1,30,29.999,33.334,33.465,33.487,33.488,33.352,24.393,33.219,N/A,51188,15,144.447,276.793,9.469,10.434,11,10,64,0,4,75,291,node_0_60,3.41,14,10,2.819,early,15,N/A,N/A,11,-1,0,Very Low,N/A,1
oppo_full_01_20260809,62,65.653,25.616,GameplayMeasurement,Early Run,1,31,30.006,33.327,33.473,33.524,33.532,33.338,24.276,33.265,N/A,56344,15,144.449,276.793,9.523,10.434,11,10,66,0,4,77,289,node_0_60,3.427,15,10,2.854,early,15,N/A,N/A,11,-1,0,Very Low,N/A,1
oppo_full_01_20260809,63,66.653,26.617,GameplayMeasurement,Early Run,1,30,29.997,33.336,33.537,33.569,33.574,33.317,24.493,33.226,N/A,54480,15,144.448,276.793,9.57,10.434,11,10,75,0,4,86,280,node_0_60,3.444,15,10,2.887,early,15,N/A,N/A,11,-1,0,Very Low,N/A,1
oppo_full_01_20260809,64,67.686,27.65,GameplayMeasurement,Early Run,1,31,30.002,33.331,33.474,33.569,33.608,33.326,23.7,33.262,N/A,55372,15,144.474,276.793,9.625,10.434,12,11,74,0,4,86,280,node_0_60,3.461,15,10,2.922,early,15,N/A,N/A,11,-1,0,Very Low,N/A,1
oppo_full_01_20260809,65,68.703,28.667,GameplayMeasurement,Early Run,1,30,29.505,33.892,33.566,45.21,49.944,33.887,23.928,33.818,N/A,54624,15,144.442,276.793,9.684,10.434,11,10,69,0,4,80,286,node_0_60,3.478,15,10,2.956,early,15,N/A,N/A,11,-1,0,Very Low,N/A,1
oppo_full_01_20260809,66,69.736,29.7,GameplayMeasurement,Early Run,1,31,30.001,33.332,33.446,33.472,33.48,33.335,24.215,33.283,N/A,67312,15,144.454,276.793,9.746,10.434,11,10,55,0,4,66,300,node_0_60,3.495,15,10,2.99,early,15,N/A,N/A,11,-1,0,Very Low,N/A,1
oppo_full_01_20260809,67,70.736,30.7,GameplayMeasurement,Early Run,1,30,29.998,33.335,33.523,33.598,33.624,33.327,24.288,33.268,N/A,54138,15,144.449,276.793,9.809,10.434,11,10,51,0,4,62,304,node_0_60,3.512,15,10,3.023,early,15,N/A,N/A,11,-1,0,Very Low,N/A,1
oppo_full_01_20260809,68,71.736,31.7,GameplayMeasurement,Early Run,1,30,29.998,33.335,33.452,33.455,33.455,33.345,23.679,33.222,N/A,77058,15,144.461,276.793,9.887,10.434,11,10,47,0,4,58,308,node_0_60,3.528,15,10,3.057,early,15,N/A,N/A,11,-1,0,Very Low,N/A,1
oppo_full_01_20260809,69,72.736,32.7,GameplayMeasurement,Early Run,1,30,29.998,33.335,33.451,33.488,33.489,33.326,23.781,33.294,N/A,68860,15,144.525,276.793,9.965,10.434,12,10,46,0,4,59,307,node_0_60,3.545,15,10,3.09,early,15,N/A,N/A,11,-1,0,Very Low,N/A,1
oppo_full_01_20260809,70,73.753,33.717,GameplayMeasurement,Early Run,1,30,29.512,33.884,33.456,45.153,49.921,33.915,23.729,33.815,N/A,62562,15,144.52,276.793,10.02,10.434,11,10,58,0,4,70,296,node_0_60,3.562,15,10,3.124,early,15,N/A,N/A,11,-1,0,Very Low,N/A,1
oppo_full_01_20260809,71,74.753,34.717,GameplayMeasurement,Early Run,1,30,29.999,33.334,33.461,33.511,33.529,33.319,24.236,33.25,N/A,68812,15,144.57,276.793,10.102,10.434,12,10,59,0,4,72,294,node_0_60,3.579,15,10,3.157,early,15,N/A,N/A,11,-1,0,Very Low,N/A,1
oppo_full_01_20260809,72,75.753,35.717,GameplayMeasurement,Early Run,1,30,30,33.334,33.45,33.505,33.526,33.325,24.128,33.282,N/A,73458,15,144.558,276.793,10.191,10.434,11,10,47,0,4,59,307,node_0_60,3.595,16,10,3.191,early,15,N/A,N/A,11,-1,0,Very Low,N/A,1
oppo_full_01_20260809,73,76.786,36.75,GameplayMeasurement,Early Run,1,31,29.999,33.334,33.491,33.509,33.509,33.305,24.244,33.249,N/A,64144,15,144.593,276.793,10.266,10.434,12,11,52,0,4,66,300,node_0_60,3.612,16,10,3.225,early,15,N/A,N/A,11,-1,0,Very Low,N/A,1
oppo_full_01_20260809,74,77.819,37.783,GameplayMeasurement,Early Run,1,31,30.003,33.331,33.434,33.522,33.555,33.372,23.872,33.27,N/A,67748,15,144.615,276.793,10.34,10.434,13,11,67,0,4,81,285,node_0_60,3.63,16,11,3.259,early,15,N/A,N/A,11,-1,0,Very Low,N/A,1
oppo_full_01_20260809,75,78.836,38.8,GameplayMeasurement,Early Run,1,30,29.504,33.893,33.615,45.126,49.822,33.882,22.83,33.817,N/A,71638,15,144.646,276.793,10.418,10.434,12,11,46,0,4,61,305,node_0_60,3.647,16,11,3.293,early,15,N/A,N/A,11,-1,0,Very Low,N/A,1
oppo_full_01_20260809,76,79.869,39.833,GameplayMeasurement,Early Run,1,31,30.001,33.332,33.483,33.508,33.512,33.323,22.417,33.267,N/A,76284,15,144.723,276.793,10.512,13.914,12,11,48,0,4,63,303,node_0_60,3.664,16,11,3.328,early,15,N/A,N/A,11,-1,0,Very Low,N/A,1
oppo_full_01_20260809,77,80.903,40.867,GameplayMeasurement,Early Run,1,31,30.004,33.329,33.472,33.497,33.506,33.338,24.118,33.282,N/A,79050,15,144.746,276.793,10.598,13.914,12,11,51,0,4,67,299,node_0_60,3.681,16,11,3.362,early,15,N/A,N/A,11,-1,0,Very Low,N/A,1
oppo_full_01_20260809,78,81.903,41.867,GameplayMeasurement,Early Run,1,30,29.999,33.335,33.483,33.495,33.498,33.35,24.373,33.25,N/A,73704,15,144.755,276.793,10.676,13.914,13,11,52,0,4,68,298,node_0_60,3.698,16,11,3.396,early,15,N/A,N/A,11,-1,0,Very Low,N/A,1
oppo_full_01_20260809,79,82.903,42.867,GameplayMeasurement,Early Run,1,30,29.994,33.34,33.472,33.508,33.518,33.316,24.478,33.279,N/A,59062,18,144.724,276.793,9.5,13.914,12,11,63,0,4,78,288,node_0_60,3.714,16,11,3.429,early,15,N/A,N/A,11,-1,0,Very Low,N/A,1
oppo_full_01_20260809,80,83.936,43.9,GameplayMeasurement,Early Run,1,31,30.008,33.325,33.496,33.558,33.571,33.327,24.147,33.248,N/A,63542,18,144.722,276.793,9.5,13.914,12,11,64,0,4,77,289,node_0_60,3.732,16,11,3.463,early,15,N/A,N/A,11,-1,0,Very Low,N/A,1
oppo_full_01_20260809,81,84.953,44.917,GameplayMeasurement,Early Run,1,30,29.505,33.893,33.463,45.236,50.039,33.912,22.425,33.84,N/A,76692,18,144.777,276.793,9.504,13.914,13,12,49,0,4,64,302,node_0_60,3.749,16,11,3.497,early,15,N/A,N/A,11,-1,0,Very Low,N/A,1
oppo_full_01_20260809,82,85.986,45.95,GameplayMeasurement,Early Run,1,31,29.999,33.334,33.4,33.433,33.446,33.321,23.245,33.286,N/A,87370,18,144.802,276.793,9.508,13.914,12,11,48,0,4,63,303,node_0_60,3.766,17,11,3.532,early,15,N/A,N/A,11,-1,0,Very Low,N/A,1
oppo_full_01_20260809,83,86.986,46.95,GameplayMeasurement,Early Run,1,30,30,33.334,33.429,33.449,33.453,33.352,23.359,33.259,N/A,70702,18,144.845,276.793,9.555,13.914,13,11,50,0,4,67,299,node_0_60,3.782,17,11,3.565,early,15,N/A,N/A,11,-1,0,Very Low,N/A,1
oppo_full_01_20260809,84,87.986,47.95,GameplayMeasurement,Early Run,1,30,29.995,33.338,33.426,33.436,33.44,33.308,24.047,33.29,N/A,51596,18,144.811,276.793,9.59,13.914,13,11,67,0,4,83,283,node_0_60,3.799,17,11,3.598,early,15,N/A,N/A,11,-1,0,Very Low,N/A,1
oppo_full_01_20260809,85,89.019,48.983,GameplayMeasurement,Early Run,1,31,30.006,33.327,33.46,33.497,33.502,33.335,23.766,33.27,N/A,57730,18,144.781,276.793,9.637,13.914,12,11,79,0,4,93,273,node_0_60,3.816,17,11,3.633,early,15,N/A,N/A,11,-1,0,Very Low,N/A,1
oppo_full_01_20260809,86,90.02,49.983,GameplayMeasurement,Early Run,1,30,29.997,33.337,33.442,33.459,33.46,33.343,21.736,33.287,N/A,62832,18,144.798,276.793,9.684,13.914,12,11,56,0,4,70,296,node_0_60,3.833,17,11,3.666,early,15,N/A,N/A,11,-1,0,Very Low,N/A,1
oppo_full_01_20260809,87,91.053,51.017,GameplayMeasurement,Early Run,1,31,30.001,33.332,33.451,33.486,33.492,33.323,23.504,33.256,N/A,64118,18,144.85,276.793,9.738,13.914,12,11,70,0,4,85,281,node_0_60,3.85,17,11,3.701,early,15,N/A,N/A,11,-1,0,Very Low,N/A,1
oppo_full_01_20260809,88,92.053,52.017,GameplayMeasurement,Early Run,1,30,30,33.334,33.495,33.541,33.555,33.336,22.948,33.28,N/A,60466,18,144.858,276.793,9.801,13.914,12,11,74,0,4,90,276,node_0_60,3.867,17,11,3.734,early,15,N/A,N/A,11,-1,0,Very Low,N/A,1
oppo_full_01_20260809,89,93.086,53.05,GameplayMeasurement,Early Run,1,31,30.001,33.333,33.422,33.434,33.436,33.33,23.521,33.289,N/A,80354,18,144.91,276.793,9.879,13.914,13,12,50,0,4,67,299,node_0_60,3.884,17,12,3.768,early,15,N/A,N/A,11,-1,0,Very Low,N/A,1
oppo_full_01_20260809,90,94.12,54.083,GameplayMeasurement,Early Run,1,31,29.999,33.334,33.45,33.487,33.49,33.355,22.945,33.274,N/A,79706,18,144.915,276.793,9.957,13.914,13,12,47,0,4,63,303,node_0_60,3.901,17,12,3.803,early,15,N/A,N/A,11,-1,0,Very Low,N/A,1
oppo_full_01_20260809,91,95.153,55.117,GameplayMeasurement,Early Run,1,30,29.033,34.444,33.473,57.101,66.739,34.436,23.17,34.391,N/A,76628,18,144.931,276.793,10.035,13.914,13,12,52,0,4,69,297,node_0_60,3.919,18,12,3.837,early,15,N/A,N/A,11,-1,0,Very Low,N/A,1
oppo_full_01_20260809,92,96.186,56.15,GameplayMeasurement,Early Run,1,31,30.004,33.328,33.431,33.483,33.489,33.328,24.596,33.259,N/A,59960,18,144.921,276.793,10.098,13.914,13,12,57,0,4,73,293,node_0_60,3.936,18,12,3.872,early,15,N/A,N/A,11,-1,0,Very Low,N/A,1
oppo_full_01_20260809,93,97.186,57.15,GameplayMeasurement,Early Run,1,30,29.997,33.337,33.5,33.527,33.533,33.334,24.292,33.31,N/A,70082,18,144.965,276.793,10.176,13.914,14,13,48,0,4,66,300,node_0_60,3.952,18,12,3.905,early,15,N/A,N/A,11,-1,0,Very Low,N/A,1
oppo_full_01_20260809,94,98.219,58.183,GameplayMeasurement,Early Run,1,31,30.002,33.332,33.475,33.518,33.524,33.316,24.477,33.225,N/A,62462,18,144.921,276.793,10.242,13.914,13,12,69,0,4,84,282,node_0_60,3.97,18,12,3.939,early,15,N/A,N/A,11,-1,0,Very Low,N/A,1
oppo_full_01_20260809,95,99.253,59.217,GameplayMeasurement,Early Run,1,31,29.998,33.335,33.435,33.545,33.586,33.342,24.146,33.27,N/A,71438,18,144.883,276.793,10.32,13.914,13,12,46,0,4,60,306,node_0_60,3.987,18,12,3.974,early,15,N/A,N/A,11,-1,0,Very Low,N/A,1
oppo_full_01_20260809,96,100.269,60.233,GameplayMeasurement,60-180 Seconds,1,30,29.513,33.884,33.485,45.194,49.971,34.169,23.586,33.795,N/A,82850,18,144.95,276.793,10.398,13.914,13,12,53,0,4,67,299,node_60_180,4.004,18,12,4.006,early,15,N/A,N/A,11,-1,0,Very Low,N/A,1
oppo_full_01_20260809,97,101.27,61.233,GameplayMeasurement,60-180 Seconds,1,30,29.994,33.34,33.462,33.489,33.493,33.06,24.289,33.29,N/A,79804,18,144.985,276.793,10.496,13.914,13,12,47,0,4,61,305,node_60_180,4.021,18,12,4.031,early,15,N/A,N/A,11,-1,0,Very Low,N/A,1
oppo_full_01_20260809,98,102.303,62.267,GameplayMeasurement,60-180 Seconds,1,31,29.999,33.334,33.461,33.476,33.476,33.358,24.489,33.258,N/A,71524,18,145.033,276.793,10.578,13.914,14,12,38,0,4,55,311,node_60_180,4.038,18,12,4.057,early,15,N/A,N/A,11,-1,0,Very Low,N/A,1
oppo_full_01_20260809,99,103.336,63.3,GameplayMeasurement,60-180 Seconds,1,31,29.996,33.338,33.445,33.506,33.522,33.3,24.973,33.268,N/A,62236,18,145.02,276.793,10.648,13.914,14,12,51,0,4,67,299,node_60_180,4.055,18,12,4.083,early,15,N/A,N/A,11,-1,0,Very Low,N/A,1
oppo_full_01_20260809,100,104.37,64.333,GameplayMeasurement,60-180 Seconds,1,31,30.006,33.327,33.509,33.582,33.597,33.352,24.676,33.263,N/A,75838,21,145.017,276.793,9.809,13.914,14,13,56,0,4,71,295,node_60_180,4.072,18,12,4.108,early,15,N/A,N/A,11,-1,0,Very Low,N/A,1
oppo_full_01_20260809,101,105.403,65.366,GameplayMeasurement,60-180 Seconds,1,31,30.006,33.327,33.442,33.49,33.506,33.31,24.648,33.256,N/A,59888,21,144.974,276.793,9.809,13.914,13,12,61,0,4,75,291,node_60_180,4.089,18,12,4.134,early,15,N/A,N/A,11,-1,0,Very Low,N/A,1
oppo_full_01_20260809,102,106.403,66.367,GameplayMeasurement,60-180 Seconds,1,30,29.989,33.345,33.495,33.512,33.516,33.359,22.165,33.277,N/A,82762,21,145.024,276.793,9.816,13.914,13,12,44,0,4,59,307,node_60_180,4.106,19,12,4.159,early,15,N/A,N/A,11,-1,0,Very Low,N/A,1
oppo_full_01_20260809,103,107.436,67.4,GameplayMeasurement,60-180 Seconds,1,31,29.999,33.334,33.459,33.549,33.585,33.332,23.213,33.276,N/A,72032,21,145.039,276.793,9.816,13.914,14,12,46,0,4,62,304,node_60_180,4.123,19,12,4.185,early,15,N/A,N/A,11,-1,0,Very Low,N/A,1
oppo_full_01_20260809,104,108.436,68.4,GameplayMeasurement,60-180 Seconds,1,30,29.998,33.336,33.525,33.647,33.691,33.342,23.665,33.282,N/A,66346,21,145.06,276.793,9.816,13.914,15,13,60,0,4,77,289,node_60_180,4.14,19,13,4.21,early,15,N/A,N/A,11,-1,0,Very Low,N/A,1
oppo_full_01_20260809,105,109.47,69.433,GameplayMeasurement,60-180 Seconds,1,31,30.002,33.331,33.428,33.585,33.648,33.311,23.182,33.279,N/A,73640,21,145.051,276.793,9.816,13.914,15,13,46,0,4,62,304,node_60_180,4.157,19,13,4.236,early,15,N/A,N/A,11,-1,0,Very Low,N/A,1
oppo_full_01_20260809,106,110.503,70.467,GameplayMeasurement,60-180 Seconds,1,31,29.999,33.334,33.469,33.495,33.496,33.34,23.533,33.283,N/A,77468,21,145.064,276.793,9.867,13.914,14,13,41,0,4,58,308,node_60_180,4.174,19,13,4.262,early,15,N/A,N/A,11,-1,0,Very Low,N/A,1
oppo_full_01_20260809,107,111.52,71.483,GameplayMeasurement,60-180 Seconds,1,30,29.509,33.887,33.561,45.26,50.026,33.913,22.391,33.83,N/A,66958,21,145.08,276.793,9.918,13.914,15,13,45,0,4,63,303,node_60_180,4.191,19,13,4.287,early,15,N/A,N/A,11,-1,0,Very Low,N/A,1
oppo_full_01_20260809,108,112.553,72.517,GameplayMeasurement,60-180 Seconds,1,31,30.002,33.331,33.447,33.536,33.57,33.32,23.496,33.269,N/A,75316,21,145.066,276.793,9.977,13.914,15,13,36,0,4,53,313,node_60_180,4.209,19,13,4.313,early,15,N/A,N/A,11,-1,0,Very Low,N/A,1
oppo_full_01_20260809,109,113.553,73.517,GameplayMeasurement,60-180 Seconds,1,30,29.997,33.337,33.489,33.538,33.539,33.351,24.495,33.245,N/A,68122,21,145.053,276.793,10.027,13.914,15,14,47,0,4,63,303,node_60_180,4.225,19,13,4.338,early,15,N/A,N/A,11,-1,0,Very Low,N/A,1
oppo_full_01_20260809,110,114.553,74.517,GameplayMeasurement,60-180 Seconds,1,30,30,33.333,33.484,33.532,33.535,33.299,24.092,33.282,N/A,69858,21,145.047,276.793,10.086,13.914,14,13,42,0,4,58,308,node_60_180,4.242,19,13,4.363,early,15,N/A,N/A,11,-1,0,Very Low,N/A,1
oppo_full_01_20260809,111,115.553,75.517,GameplayMeasurement,60-180 Seconds,1,30,29.996,33.338,33.572,33.685,33.725,33.342,24.878,33.292,N/A,73364,21,145.076,276.793,10.141,13.914,15,13,42,0,4,59,307,node_60_180,4.259,19,13,4.388,early,15,N/A,N/A,11,-1,0,Very Low,N/A,1
oppo_full_01_20260809,112,116.586,76.55,GameplayMeasurement,60-180 Seconds,1,31,30.007,33.326,33.494,33.79,33.912,33.323,24.039,33.233,N/A,78056,21,145.051,276.793,10.215,13.914,15,13,49,0,4,65,301,node_60_180,4.276,19,13,4.414,early,15,N/A,N/A,11,-1,0,Very Low,N/A,1
oppo_full_01_20260809,113,117.62,77.583,GameplayMeasurement,60-180 Seconds,1,31,30.002,33.331,33.56,33.592,33.601,33.368,24.211,33.266,N/A,73712,21,145.037,276.793,10.273,13.914,14,13,42,0,4,57,309,node_60_180,4.293,19,13,4.44,early,15,N/A,N/A,11,-1,0,Very Low,N/A,1
oppo_full_01_20260809,114,118.62,78.583,GameplayMeasurement,60-180 Seconds,1,30,29.997,33.336,33.515,33.604,33.636,33.329,24.51,33.283,N/A,78502,21,145.065,276.793,10.34,13.914,15,13,41,0,4,57,309,node_60_180,4.31,20,13,4.465,early,15,N/A,N/A,11,-1,0,Very Low,N/A,1
oppo_full_01_20260809,115,119.653,79.617,GameplayMeasurement,60-180 Seconds,1,31,30.002,33.331,33.47,33.582,33.602,33.318,24.286,33.258,N/A,80652,21,145.045,276.793,10.414,13.914,15,14,38,0,4,53,313,node_60_180,4.327,20,13,4.49,early,15,N/A,N/A,11,-1,0,Very Low,N/A,1
oppo_full_01_20260809,116,120.653,80.617,GameplayMeasurement,60-180 Seconds,1,30,29.999,33.335,33.486,33.517,33.52,33.334,24.236,33.278,N/A,80130,21,145.07,276.793,10.5,13.914,15,13,37,0,4,54,312,node_60_180,4.344,20,13,4.515,early,15,N/A,N/A,11,-1,0,Very Low,N/A,1
oppo_full_01_20260809,117,121.686,81.65,GameplayMeasurement,60-180 Seconds,1,31,30.005,33.328,33.466,33.557,33.594,33.336,24.211,33.263,N/A,77064,21,145.136,276.793,10.578,13.914,15,13,44,0,4,63,303,node_60_180,4.361,20,13,4.541,early,15,N/A,N/A,11,-1,0,Very Low,N/A,1
oppo_full_01_20260809,118,122.703,82.667,GameplayMeasurement,60-180 Seconds,1,30,29.498,33.9,33.573,45.2,49.949,33.872,21.49,33.856,N/A,68478,21,145.135,276.793,10.66,13.914,15,14,49,0,4,68,298,node_60_180,4.378,20,14,4.567,early,15,N/A,N/A,11,-1,0,Very Low,N/A,1
oppo_full_01_20260809,119,123.736,83.7,GameplayMeasurement,60-180 Seconds,1,31,30.006,33.327,33.51,33.554,33.572,33.339,24.12,33.244,N/A,77744,21,145.103,276.793,10.75,13.914,16,14,31,0,4,49,317,node_60_180,4.395,20,14,4.593,early,15,N/A,N/A,11,-1,0,Very Low,N/A,1
oppo_full_01_20260809,120,124.736,84.7,GameplayMeasurement,60-180 Seconds,1,30,29.997,33.337,33.514,33.599,33.629,33.35,24.534,33.271,N/A,67206,24,145.062,276.793,9.922,13.914,15,14,34,0,4,49,317,node_60_180,4.412,20,14,4.618,early,15,N/A,N/A,11,-1,0,Very Low,N/A,1
oppo_full_01_20260809,121,125.77,85.733,GameplayMeasurement,60-180 Seconds,1,31,30.003,33.33,33.508,33.639,33.67,33.304,24.37,33.266,N/A,77936,24,145.086,276.793,9.922,13.914,16,14,51,0,4,67,299,node_60_180,4.429,20,14,4.643,early,15,N/A,N/A,11,-1,0,Very Low,N/A,1
oppo_full_01_20260809,122,126.77,86.733,GameplayMeasurement,60-180 Seconds,1,30,29.997,33.336,33.445,33.494,33.512,33.351,24.564,33.269,N/A,63890,24,145.093,276.793,9.922,13.914,15,14,64,0,4,80,286,node_60_180,4.446,20,14,4.668,early,15,N/A,N/A,11,-1,0,Very Low,N/A,1
oppo_full_01_20260809,123,127.786,87.75,GameplayMeasurement,60-180 Seconds,1,30,29.508,33.89,33.524,45.191,49.955,33.899,23.579,33.817,N/A,75398,24,145.178,276.793,9.922,13.914,16,14,56,0,4,76,290,node_60_180,4.463,20,14,4.694,early,15,N/A,N/A,11,-1,0,Very Low,N/A,1
oppo_full_01_20260809,124,128.786,88.75,GameplayMeasurement,60-180 Seconds,1,30,29.999,33.335,33.478,33.513,33.52,33.308,24.375,33.274,N/A,59366,24,145.165,276.793,9.922,13.914,15,14,58,0,4,78,288,node_60_180,4.479,20,14,4.719,early,15,N/A,N/A,11,-1,0,Very Low,N/A,1
oppo_full_01_20260809,125,129.82,89.783,GameplayMeasurement,60-180 Seconds,1,31,30.003,33.33,33.482,33.502,33.503,33.345,24.668,33.268,N/A,72304,24,145.158,276.793,9.922,13.914,16,14,52,0,4,72,294,node_60_180,4.496,20,14,4.745,early,15,N/A,N/A,11,-1,0,Very Low,N/A,1
oppo_full_01_20260809,126,130.853,90.817,GameplayMeasurement,60-180 Seconds,1,31,30.001,33.332,33.464,33.545,33.573,33.336,24.412,33.266,N/A,80606,24,145.116,276.793,9.93,13.914,16,14,42,0,4,59,307,node_60_180,4.514,21,14,4.77,early,15,N/A,N/A,11,-1,0,Very Low,N/A,1
oppo_full_01_20260809,127,131.853,91.817,GameplayMeasurement,60-180 Seconds,1,30,29.999,33.335,33.522,33.562,33.572,33.354,24.364,33.261,N/A,75950,24,145.11,276.793,9.973,13.914,15,14,43,0,4,60,306,node_60_180,4.53,21,14,4.795,early,15,N/A,N/A,11,-1,0,Very Low,N/A,1
oppo_full_01_20260809,128,132.87,92.833,GameplayMeasurement,60-180 Seconds,1,30,29.507,33.89,33.573,45.144,49.863,33.872,23.703,33.856,N/A,86074,24,145.165,276.793,10.035,13.914,16,14,35,0,4,53,313,node_60_180,4.547,21,14,4.821,early,15,N/A,N/A,11,-1,0,Very Low,N/A,1
oppo_full_01_20260809,129,133.87,93.834,GameplayMeasurement,60-180 Seconds,1,30,29.996,33.338,33.54,33.602,33.613,33.333,24.636,33.271,N/A,69504,24,145.219,276.793,10.09,13.914,16,14,40,0,4,59,307,node_60_180,4.564,21,14,4.846,early,15,N/A,N/A,11,-1,0,Very Low,N/A,1
oppo_full_01_20260809,130,134.903,94.867,GameplayMeasurement,60-180 Seconds,1,31,30.007,33.325,33.5,33.592,33.63,33.32,24.353,33.272,N/A,76456,24,145.192,276.793,10.148,13.914,16,14,34,0,4,52,314,node_60_180,4.581,21,14,4.872,early,15,N/A,N/A,11,-1,0,Very Low,N/A,1
oppo_full_01_20260809,131,135.903,95.867,GameplayMeasurement,60-180 Seconds,1,30,29.996,33.337,33.509,33.526,33.532,33.342,24.262,33.27,N/A,75736,24,145.189,276.793,10.211,13.914,16,14,35,0,4,53,313,node_60_180,4.598,21,14,4.897,early,15,N/A,N/A,11,-1,0,Very Low,N/A,1
oppo_full_01_20260809,132,136.936,96.9,GameplayMeasurement,60-180 Seconds,1,31,29.998,33.336,33.456,33.496,33.508,33.334,24.486,33.286,N/A,80142,24,145.225,276.793,10.281,13.914,16,14,30,0,4,49,317,node_60_180,4.615,21,14,4.923,early,15,N/A,N/A,11,-1,0,Very Low,N/A,1
oppo_full_01_20260809,133,137.937,97.9,GameplayMeasurement,60-180 Seconds,1,30,29.999,33.334,33.461,33.961,34.163,33.367,24.621,33.25,N/A,67610,24,145.226,276.793,10.336,13.914,17,15,29,0,4,48,318,node_60_180,4.632,21,15,4.948,early,15,N/A,N/A,11,-1,0,Very Low,N/A,1
oppo_full_01_20260809,134,138.953,98.917,GameplayMeasurement,60-180 Seconds,1,30,29.51,33.887,33.551,45.086,49.782,33.862,21.525,33.808,N/A,79998,24,145.224,276.793,10.391,13.914,17,15,31,0,4,49,317,node_60_180,4.649,21,15,4.973,early,15,N/A,N/A,11,-1,0,Very Low,N/A,1
oppo_full_01_20260809,135,139.953,99.917,GameplayMeasurement,60-180 Seconds,1,30,29.999,33.334,33.48,33.515,33.529,33.314,24.215,33.287,N/A,64654,24,145.218,276.793,10.441,13.914,16,15,31,0,4,48,318,node_60_180,4.665,21,15,4.998,early,15,N/A,N/A,11,-1,0,Very Low,N/A,1
oppo_full_01_20260809,136,140.986,100.95,GameplayMeasurement,60-180 Seconds,1,31,30.003,33.329,33.462,33.483,33.491,33.34,24.445,33.253,N/A,70184,24,145.193,276.793,10.516,13.914,16,15,46,0,4,62,304,node_60_180,4.683,21,15,5.024,early,15,N/A,N/A,11,-1,0,Very Low,N/A,1
oppo_full_01_20260809,137,142.02,101.983,GameplayMeasurement,60-180 Seconds,1,31,29.998,33.335,33.47,33.481,33.486,33.338,24.172,33.277,N/A,83782,24,145.258,276.793,10.602,13.914,17,15,40,0,4,59,307,node_60_180,4.7,21,15,5.05,early,15,N/A,N/A,11,-1,0,Very Low,N/A,1
oppo_full_01_20260809,138,143.053,103.017,GameplayMeasurement,60-180 Seconds,1,31,30,33.334,33.469,33.52,33.542,33.327,24.118,33.291,N/A,87020,24,145.314,276.793,10.688,13.914,17,15,37,0,4,58,308,node_60_180,4.717,22,15,5.075,early,15,N/A,N/A,11,-1,0,Very Low,N/A,1
oppo_full_01_20260809,139,144.086,104.05,GameplayMeasurement,60-180 Seconds,1,31,29.998,33.335,33.43,33.436,33.438,33.341,23.496,33.262,N/A,80326,24,145.281,276.793,10.773,13.914,17,15,34,0,4,54,312,node_60_180,4.734,22,15,5.101,early,15,N/A,N/A,11,-1,0,Very Low,N/A,1
oppo_full_01_20260809,140,145.12,105.083,GameplayMeasurement,60-180 Seconds,1,31,30.002,33.331,33.447,33.509,33.534,33.322,24.025,33.275,N/A,80912,24,145.26,276.793,10.859,13.914,17,15,40,0,4,58,308,node_60_180,4.751,22,15,5.127,early,15,N/A,N/A,11,-1,0,Very Low,N/A,1
oppo_full_01_20260809,141,146.12,106.084,GameplayMeasurement,60-180 Seconds,1,30,29.998,33.336,33.463,33.468,33.469,33.335,23.801,33.279,N/A,66762,27,145.306,276.793,10.105,13.914,17,15,51,0,4,70,296,node_60_180,4.768,22,15,5.152,early,15,N/A,N/A,11,-1,0,Very Low,N/A,1
oppo_full_01_20260809,142,147.153,107.117,GameplayMeasurement,60-180 Seconds,1,31,30.003,33.33,33.471,33.538,33.567,33.332,23.551,33.291,N/A,70682,27,145.304,276.793,10.105,13.914,16,15,63,0,4,81,285,node_60_180,4.785,22,15,5.178,early,15,N/A,N/A,11,-1,0,Very Low,N/A,1
oppo_full_01_20260809,143,148.186,108.15,GameplayMeasurement,60-180 Seconds,1,31,29.999,33.334,33.441,33.495,33.519,33.378,23.587,33.262,N/A,78272,27,145.363,276.793,10.105,13.914,16,15,41,0,4,62,304,node_60_180,4.803,22,15,5.204,early,15,N/A,N/A,11,-1,0,Very Low,N/A,1
oppo_full_01_20260809,144,149.203,109.167,GameplayMeasurement,60-180 Seconds,1,30,29.509,33.888,33.569,45.237,49.987,33.841,23.495,33.834,N/A,76802,27,145.327,276.793,10.105,13.914,16,15,40,0,4,59,307,node_60_180,4.819,22,15,5.229,early,15,N/A,N/A,11,-1,0,Very Low,N/A,1
oppo_full_01_20260809,145,150.236,110.2,GameplayMeasurement,60-180 Seconds,1,31,30,33.333,33.535,33.562,33.568,33.352,24.636,33.254,N/A,74642,27,145.343,276.793,10.109,13.914,17,15,47,0,4,66,300,node_60_180,4.837,22,15,5.255,early,15,N/A,N/A,11,-1,0,Very Low,N/A,1
oppo_full_01_20260809,146,151.27,111.233,GameplayMeasurement,60-180 Seconds,1,31,30,33.333,33.467,33.551,33.586,33.33,24.544,33.266,N/A,64602,27,145.318,276.793,10.109,13.914,16,15,51,0,4,68,298,node_60_180,4.854,22,15,5.281,early,15,N/A,N/A,11,-1,0,Very Low,N/A,1
oppo_full_01_20260809,147,152.27,112.233,GameplayMeasurement,60-180 Seconds,1,30,29.997,33.337,33.476,33.506,33.518,33.331,24.599,33.288,N/A,58110,27,145.348,276.793,10.109,13.914,17,15,55,0,4,73,293,node_60_180,4.871,22,15,5.306,early,15,N/A,N/A,11,-1,0,Very Low,N/A,1
oppo_full_01_20260809,148,153.303,113.267,GameplayMeasurement,60-180 Seconds,1,31,30.007,33.326,33.418,33.443,33.445,33.338,24.947,33.268,N/A,68708,27,145.341,276.793,10.117,13.914,18,16,44,0,4,62,304,node_60_180,4.888,22,16,5.332,early,15,N/A,N/A,11,-1,0,Very Low,N/A,1
oppo_full_01_20260809,149,154.32,114.283,GameplayMeasurement,60-180 Seconds,1,30,29.51,33.887,33.51,45.232,50.018,33.881,23.697,33.806,N/A,72350,27,145.338,276.793,10.168,13.914,17,16,33,0,4,51,315,node_60_180,4.905,23,16,5.357,early,15,N/A,N/A,11,-1,0,Very Low,N/A,1
oppo_full_01_20260809,150,155.32,115.283,GameplayMeasurement,60-180 Seconds,1,30,29.997,33.337,33.505,33.604,33.641,33.328,24.728,33.267,N/A,66564,27,145.377,276.793,10.211,13.914,19,17,44,0,4,63,303,node_60_180,4.921,23,16,5.382,early,15,N/A,N/A,11,-1,0,Very Low,N/A,1
oppo_full_01_20260809,151,156.32,116.284,GameplayMeasurement,60-180 Seconds,1,30,29.995,33.339,33.464,33.523,33.542,33.334,24.668,33.285,N/A,73580,27,145.407,276.793,10.258,13.914,18,16,40,0,4,60,306,node_60_180,4.938,23,16,5.407,early,15,N/A,N/A,11,-1,0,Very Low,N/A,1
oppo_full_01_20260809,152,157.353,117.317,GameplayMeasurement,60-180 Seconds,1,31,30.004,33.329,33.525,33.556,33.567,33.345,24.714,33.259,N/A,64302,27,145.399,276.793,10.305,13.914,18,16,45,0,4,64,302,node_60_180,4.955,23,16,5.433,early,15,N/A,N/A,11,-1,0,Very Low,N/A,1
oppo_full_01_20260809,153,158.353,118.317,GameplayMeasurement,60-180 Seconds,1,30,29.994,33.34,33.442,33.444,33.445,33.337,24.772,33.278,N/A,70206,27,145.378,276.793,10.359,13.914,18,16,45,0,4,63,303,node_60_180,4.972,23,16,5.458,early,15,N/A,N/A,11,-1,0,Very Low,N/A,1
oppo_full_01_20260809,154,159.386,119.35,GameplayMeasurement,60-180 Seconds,1,31,30.005,33.328,33.51,33.557,33.575,33.332,24.538,33.267,N/A,69926,27,145.374,276.793,10.414,13.914,18,16,41,0,4,59,307,node_60_180,4.989,23,16,5.484,early,15,N/A,N/A,11,-1,0,Very Low,N/A,1
oppo_full_01_20260809,155,160.42,120.383,GameplayMeasurement,60-180 Seconds,1,31,30.001,33.332,33.537,33.655,33.681,33.314,24.23,33.281,N/A,80550,27,145.384,276.793,10.473,13.914,18,16,47,0,4,65,301,node_60_180,5.006,23,16,5.51,early,15,N/A,N/A,11,-1,0,Very Low,N/A,1
oppo_full_01_20260809,156,161.453,121.417,GameplayMeasurement,60-180 Seconds,1,31,29.997,33.337,33.492,33.519,33.526,33.328,24.863,33.274,N/A,75392,27,145.433,276.793,10.535,13.914,18,16,39,0,4,59,307,node_60_180,5.024,23,16,5.535,early,15,N/A,N/A,11,-1,0,Very Low,N/A,1
oppo_full_01_20260809,157,162.453,122.417,GameplayMeasurement,60-180 Seconds,1,30,29.999,33.334,33.501,33.537,33.55,33.351,24.729,33.267,N/A,68438,27,145.439,276.793,10.598,13.914,18,16,46,0,4,66,300,node_60_180,5.04,23,16,5.56,early,15,N/A,N/A,11,-1,0,Very Low,N/A,1
oppo_full_01_20260809,158,163.486,123.45,GameplayMeasurement,60-180 Seconds,1,31,30.001,33.332,33.419,33.471,33.493,33.337,24.784,33.262,N/A,77082,27,145.462,276.793,10.668,13.914,18,16,41,0,4,62,304,node_60_180,5.058,23,16,5.586,early,15,N/A,N/A,11,-1,0,Very Low,N/A,1
oppo_full_01_20260809,159,164.52,124.483,GameplayMeasurement,60-180 Seconds,1,31,30.004,33.329,33.51,33.575,33.585,33.343,23.958,33.264,N/A,70812,27,145.431,276.793,10.746,13.914,18,16,45,0,4,65,301,node_60_180,5.075,23,16,5.612,early,15,N/A,N/A,11,-1,0,Very Low,N/A,1
oppo_full_01_20260809,160,165.536,125.5,GameplayMeasurement,60-180 Seconds,1,30,29.504,33.894,33.465,45.266,50.077,33.877,21.564,33.822,N/A,82992,27,145.46,276.793,10.836,13.914,18,16,44,0,4,64,302,node_60_180,5.092,23,16,5.638,early,15,N/A,N/A,11,-1,0,Very Low,N/A,1
oppo_full_01_20260809,161,166.57,126.533,GameplayMeasurement,60-180 Seconds,1,31,30.005,33.328,33.449,33.465,33.467,33.316,23.792,33.259,N/A,67008,27,145.428,276.793,10.91,13.914,18,16,45,0,4,64,302,node_60_180,5.109,24,16,5.663,early,15,N/A,N/A,11,-1,0,Very Low,N/A,1
oppo_full_01_20260809,162,167.57,127.533,GameplayMeasurement,60-180 Seconds,1,30,29.996,33.337,33.518,33.543,33.549,33.369,23.827,33.267,N/A,76770,30,145.455,276.793,10.301,13.914,19,17,47,0,4,67,299,node_60_180,5.126,24,17,5.688,early,15,N/A,N/A,11,-1,0,Very Low,N/A,1
oppo_full_01_20260809,163,168.603,128.567,GameplayMeasurement,60-180 Seconds,1,31,29.996,33.338,33.487,33.526,33.535,33.305,24.686,33.28,N/A,78490,30,145.472,276.793,10.305,13.914,19,17,41,0,4,61,305,node_60_180,5.143,24,17,5.714,early,15,N/A,N/A,11,-1,0,Very Low,N/A,1
oppo_full_01_20260809,164,169.603,129.567,GameplayMeasurement,60-180 Seconds,1,30,30,33.334,33.495,33.531,33.543,33.36,24.765,33.286,N/A,69302,30,145.487,276.793,10.305,13.914,19,17,45,0,4,66,300,node_60_180,5.159,24,17,5.739,early,15,N/A,N/A,11,-1,0,Very Low,N/A,1
oppo_full_01_20260809,165,170.636,130.6,GameplayMeasurement,60-180 Seconds,1,31,30.002,33.331,33.529,33.67,33.726,33.315,24.189,33.267,N/A,75826,30,145.509,276.793,10.305,13.914,18,17,37,0,4,58,308,node_60_180,5.177,24,17,5.765,early,15,N/A,N/A,11,-1,0,Very Low,N/A,1
oppo_full_01_20260809,166,171.636,131.6,GameplayMeasurement,60-180 Seconds,1,30,30,33.334,33.507,33.696,33.766,33.34,23.961,33.269,N/A,60000,30,145.589,277.793,10.305,13.914,20,18,43,0,4,65,301,node_60_180,5.193,24,17,5.79,early,15,N/A,N/A,11,-1,0,Very Low,N/A,1
oppo_full_01_20260809,167,172.636,132.6,GameplayMeasurement,60-180 Seconds,1,30,30,33.334,33.454,33.525,33.55,33.347,24.348,33.28,N/A,71922,30,145.547,277.793,10.305,13.914,19,17,41,0,4,61,305,node_60_180,5.21,24,17,5.815,early,15,N/A,N/A,11,-1,0,Very Low,N/A,1
oppo_full_01_20260809,168,173.67,133.633,GameplayMeasurement,60-180 Seconds,1,31,30.001,33.332,33.45,33.502,33.523,33.299,23.716,33.277,N/A,69364,30,145.534,277.793,10.305,13.914,19,17,39,0,4,58,308,node_60_180,5.227,24,17,5.841,early,15,N/A,N/A,11,-1,0,Very Low,N/A,1
oppo_full_01_20260809,169,174.67,134.633,GameplayMeasurement,60-180 Seconds,1,30,29.999,33.334,33.475,33.504,33.515,33.35,23.894,33.276,N/A,76138,30,145.563,277.793,10.305,13.914,19,18,34,0,4,54,312,node_60_180,5.244,24,17,5.866,early,15,N/A,N/A,11,-1,0,Very Low,N/A,1
oppo_full_01_20260809,170,175.703,135.667,GameplayMeasurement,60-180 Seconds,1,31,30.004,33.329,33.479,33.55,33.566,33.316,23.698,33.271,N/A,90300,30,145.605,277.793,10.309,13.914,19,17,47,0,4,69,297,node_60_180,5.261,24,17,5.892,early,15,N/A,N/A,11,-1,0,Very Low,N/A,1
oppo_full_01_20260809,171,176.72,136.683,GameplayMeasurement,60-180 Seconds,1,30,29.505,33.892,33.539,45.159,49.902,33.905,24.579,33.852,N/A,76782,30,145.612,277.793,10.359,13.914,19,17,40,0,4,63,303,node_60_180,5.278,24,17,5.917,early,15,N/A,N/A,11,-1,0,Very Low,N/A,1
oppo_full_01_20260809,172,177.72,137.683,GameplayMeasurement,60-180 Seconds,1,30,30,33.334,33.484,33.484,33.484,33.342,24.774,33.283,N/A,74062,30,145.629,277.793,10.402,13.914,19,17,46,0,4,70,296,node_60_180,5.295,24,17,5.942,early,15,N/A,N/A,11,-1,0,Very Low,N/A,1
oppo_full_01_20260809,173,178.72,138.683,GameplayMeasurement,60-180 Seconds,1,30,29.997,33.336,33.453,33.47,33.475,33.318,24.777,33.269,N/A,87374,30,145.588,277.793,10.465,13.914,19,17,42,0,4,63,303,node_60_180,5.311,25,17,5.967,early,15,N/A,N/A,11,-1,0,Very Low,N/A,1
oppo_full_01_20260809,174,179.753,139.717,GameplayMeasurement,60-180 Seconds,1,31,30,33.333,33.439,33.54,33.581,33.336,24.644,33.282,N/A,74288,30,145.581,277.793,10.523,13.914,19,17,41,0,4,62,304,node_60_180,5.329,25,17,5.993,early,15,N/A,N/A,11,-1,0,Very Low,N/A,1
oppo_full_01_20260809,175,180.786,140.75,GameplayMeasurement,60-180 Seconds,1,31,30.007,33.325,33.486,33.536,33.541,33.338,24.665,33.27,N/A,65636,30,145.608,277.793,10.57,13.914,19,17,50,0,4,72,294,node_60_180,5.346,25,17,6.019,early,15,N/A,N/A,11,-1,0,Very Low,N/A,1
oppo_full_01_20260809,176,181.803,141.767,GameplayMeasurement,60-180 Seconds,1,30,29.504,33.894,33.905,45.38,49.99,33.891,24.423,33.824,N/A,67610,30,145.582,277.793,10.621,13.914,19,17,40,0,4,61,305,node_60_180,5.363,25,17,6.044,early,15,N/A,N/A,11,-1,0,Very Low,N/A,1
oppo_full_01_20260809,177,182.836,142.8,GameplayMeasurement,60-180 Seconds,1,31,30.004,33.329,33.438,33.468,33.479,33.322,24.636,33.277,N/A,74452,30,145.608,277.793,10.676,13.914,20,18,41,0,4,64,302,node_60_180,5.38,25,18,6.07,early,15,N/A,N/A,11,-1,0,Very Low,N/A,1
oppo_full_01_20260809,178,183.87,143.833,GameplayMeasurement,60-180 Seconds,1,31,30,33.334,33.469,33.515,33.531,33.339,24.628,33.27,N/A,70060,30,145.622,277.793,10.734,13.914,20,18,36,0,4,60,306,node_60_180,5.397,25,18,6.096,early,15,N/A,N/A,11,-1,0,Very Low,N/A,1
oppo_full_01_20260809,179,184.87,144.833,GameplayMeasurement,60-180 Seconds,1,30,29.998,33.335,33.41,33.524,33.57,33.325,24.654,33.276,N/A,71846,30,145.568,277.793,10.797,13.914,20,18,34,0,4,55,311,node_60_180,5.414,25,18,6.121,early,15,N/A,N/A,11,-1,0,Very Low,N/A,1
oppo_full_01_20260809,180,185.87,145.833,GameplayMeasurement,60-180 Seconds,1,30,29.995,33.338,33.446,33.472,33.48,33.331,24.443,33.283,N/A,68022,30,145.556,277.793,10.844,13.914,20,18,45,0,4,65,301,node_60_180,5.431,25,18,6.146,early,15,N/A,N/A,11,-1,0,Very Low,N/A,1
oppo_full_01_20260809,181,186.903,146.867,GameplayMeasurement,60-180 Seconds,1,30,29.035,34.442,33.621,57.138,66.717,34.462,23.862,34.379,N/A,77046,30,145.592,277.793,10.926,13.914,20,18,33,0,4,55,311,node_60_180,5.448,25,18,6.172,early,15,N/A,N/A,11,-1,0,Very Low,N/A,1
oppo_full_01_20260809,182,187.937,147.9,GameplayMeasurement,60-180 Seconds,1,31,29.998,33.335,33.494,33.511,33.512,33.327,21.472,33.286,N/A,77372,30,145.635,277.793,11.004,13.914,21,19,45,0,4,69,297,node_60_180,5.465,25,18,6.198,early,15,N/A,N/A,11,-1,0,Very Low,N/A,1
oppo_full_01_20260809,183,188.97,148.933,GameplayMeasurement,60-180 Seconds,1,31,30.005,33.328,33.487,33.51,33.518,33.328,25.022,33.27,N/A,88012,33,145.616,277.793,10.422,14.039,20,18,37,0,4,60,306,node_60_180,5.482,25,18,6.223,early,15,N/A,N/A,11,-1,0,Very Low,N/A,1
oppo_full_01_20260809,184,189.97,149.933,GameplayMeasurement,60-180 Seconds,1,30,29.999,33.335,33.443,33.5,33.522,33.332,24.877,33.269,N/A,63830,33,145.614,277.793,10.422,14.039,20,18,40,0,4,64,302,node_60_180,5.499,25,18,6.248,early,15,N/A,N/A,11,-1,0,Very Low,N/A,1
oppo_full_01_20260809,185,190.97,150.933,GameplayMeasurement,60-180 Seconds,1,30,29.998,33.335,33.439,33.45,33.451,33.364,24.864,33.257,N/A,71560,33,145.608,277.793,10.426,14.039,20,18,50,0,4,73,293,node_60_180,5.516,26,18,6.273,early,15,N/A,N/A,11,-1,0,Very Low,N/A,1
oppo_full_01_20260809,186,192.003,151.967,GameplayMeasurement,60-180 Seconds,1,31,29.999,33.334,33.481,33.501,33.502,33.303,24.587,33.288,N/A,80752,33,145.602,277.793,10.426,14.039,20,18,38,0,4,60,306,node_60_180,5.533,26,18,6.299,early,15,N/A,N/A,11,-1,0,Very Low,N/A,1
oppo_full_01_20260809,187,193.003,152.967,GameplayMeasurement,60-180 Seconds,1,30,30,33.334,33.572,33.913,34.01,33.345,24.654,33.289,N/A,71322,33,145.589,277.793,10.426,14.039,20,18,42,0,4,64,302,node_60_180,5.549,26,18,6.324,early,15,N/A,N/A,11,-1,0,Very Low,N/A,1
oppo_full_01_20260809,188,194.036,154,GameplayMeasurement,60-180 Seconds,1,31,30.001,33.332,33.435,33.469,33.48,33.324,24.709,33.258,N/A,82388,33,145.561,277.793,10.426,14.039,20,18,41,0,4,61,305,node_60_180,5.567,26,18,6.35,early,15,N/A,N/A,11,-1,0,Very Low,N/A,1
oppo_full_01_20260809,189,195.07,155.033,GameplayMeasurement,60-180 Seconds,1,31,30,33.334,33.465,33.546,33.579,33.342,24.602,33.284,N/A,78456,33,145.574,277.793,10.426,14.039,20,18,30,0,4,51,315,node_60_180,5.584,26,18,6.376,early,15,N/A,N/A,11,-1,0,Very Low,N/A,1
oppo_full_01_20260809,190,196.103,156.067,GameplayMeasurement,60-180 Seconds,1,31,30,33.334,33.492,33.571,33.596,33.364,24.677,33.268,N/A,76120,33,145.625,277.793,10.426,14.039,21,19,48,0,4,71,295,node_60_180,5.601,26,18,6.402,early,15,N/A,N/A,11,-1,0,Very Low,N/A,1
oppo_full_01_20260809,191,197.136,157.1,GameplayMeasurement,60-180 Seconds,1,31,30.001,33.332,33.497,33.523,33.532,33.299,24.754,33.286,N/A,67828,33,145.59,277.793,10.426,14.039,21,18,43,0,4,65,301,node_60_180,5.618,26,18,6.428,early,15,N/A,N/A,11,-1,0,Very Low,N/A,1
oppo_full_01_20260809,192,198.153,158.117,GameplayMeasurement,60-180 Seconds,1,30,29.509,33.889,33.531,45.252,50.031,33.873,22.357,33.82,N/A,83270,33,145.634,277.793,10.469,14.039,21,19,37,0,4,61,305,node_60_180,5.635,26,19,6.453,early,15,N/A,N/A,11,-1,0,Very Low,N/A,1
oppo_full_01_20260809,193,199.153,159.117,GameplayMeasurement,60-180 Seconds,1,30,29.997,33.337,33.525,33.618,33.646,33.349,23.981,33.293,N/A,70198,33,145.621,277.793,10.516,14.039,22,19,40,0,4,63,303,node_60_180,5.652,26,19,6.478,early,15,N/A,N/A,11,-1,0,Very Low,N/A,1
oppo_full_01_20260809,194,200.186,160.15,GameplayMeasurement,60-180 Seconds,1,31,30.006,33.326,33.48,33.505,33.512,33.331,23.992,33.252,N/A,66528,33,145.641,277.793,10.559,14.039,21,19,35,0,4,59,307,node_60_180,5.669,26,19,6.504,early,15,N/A,N/A,11,-1,0,Very Low,N/A,1
oppo_full_01_20260809,195,201.186,161.15,GameplayMeasurement,60-180 Seconds,1,30,29.996,33.338,33.45,33.455,33.457,33.337,23.752,33.28,N/A,76422,33,145.591,277.793,10.613,14.039,21,19,35,0,4,57,309,node_60_180,5.686,26,19,6.529,early,15,N/A,N/A,11,-1,0,Very Low,N/A,1
oppo_full_01_20260809,196,202.187,162.15,GameplayMeasurement,60-180 Seconds,1,30,29.996,33.338,33.473,33.504,33.507,33.323,23.827,33.265,N/A,69090,33,145.614,277.793,10.656,14.039,21,19,44,0,4,67,299,node_60_180,5.703,27,19,6.554,early,15,N/A,N/A,11,-1,0,Very Low,N/A,1
oppo_full_01_20260809,197,203.203,163.167,GameplayMeasurement,60-180 Seconds,1,30,29.509,33.888,33.638,45.29,50.005,33.912,22.821,33.831,N/A,72734,33,145.622,277.793,10.703,14.039,21,19,37,0,4,60,306,node_60_180,5.719,27,19,6.579,early,15,N/A,N/A,11,-1,0,Very Low,N/A,1
oppo_full_01_20260809,198,204.236,164.2,GameplayMeasurement,60-180 Seconds,1,31,30.003,33.33,33.454,33.511,33.533,33.33,21.146,33.281,N/A,71300,33,145.615,277.793,10.754,14.039,21,19,36,0,4,59,307,node_60_180,5.737,27,19,6.605,early,15,N/A,N/A,11,-1,0,Very Low,N/A,1
oppo_full_01_20260809,199,205.27,165.233,GameplayMeasurement,60-180 Seconds,1,31,30.007,33.326,33.497,33.532,33.545,33.31,24.331,33.243,N/A,80404,33,145.594,277.793,10.816,14.039,21,19,34,0,4,56,310,node_60_180,5.754,27,19,6.631,early,15,N/A,N/A,11,-1,0,Very Low,N/A,1
oppo_full_01_20260809,200,206.27,166.233,GameplayMeasurement,60-180 Seconds,1,30,29.992,33.342,33.497,33.562,33.57,33.365,24.807,33.291,N/A,73774,33,145.645,277.793,10.875,14.039,22,19,31,0,4,55,311,node_60_180,5.771,27,19,6.656,early,15,N/A,N/A,11,-1,0,Very Low,N/A,1
oppo_full_01_20260809,201,207.303,167.267,GameplayMeasurement,60-180 Seconds,1,31,30.004,33.329,33.492,33.539,33.548,33.317,25.074,33.266,N/A,70876,33,145.632,277.793,10.93,14.039,21,20,44,0,4,67,299,node_60_180,5.788,27,19,6.682,early,15,N/A,N/A,11,-1,0,Very Low,N/A,1
oppo_full_01_20260809,202,208.32,168.283,GameplayMeasurement,60-180 Seconds,1,30,29.507,33.89,33.469,45.168,49.938,33.881,24.327,33.83,N/A,80694,33,145.597,277.793,11.008,14.039,21,19,40,0,4,62,304,node_60_180,5.805,27,19,6.707,early,15,N/A,N/A,11,-1,0,Very Low,N/A,1
oppo_full_01_20260809,203,209.32,169.283,GameplayMeasurement,60-180 Seconds,1,30,30,33.334,33.503,33.511,33.512,33.352,24.975,33.27,N/A,74942,33,145.605,277.793,11.082,14.039,21,19,39,0,4,61,305,node_60_180,5.821,27,19,6.732,early,15,N/A,N/A,11,-1,0,Very Low,N/A,1
oppo_full_01_20260809,204,210.32,170.283,GameplayMeasurement,60-180 Seconds,1,30,29.998,33.336,33.485,33.496,33.498,33.34,24.782,33.287,N/A,72498,36,145.607,277.793,10.539,14.039,21,19,47,0,4,69,297,node_60_180,5.838,27,19,6.757,early,15,N/A,N/A,11,-1,0,Very Low,N/A,1
oppo_full_01_20260809,205,211.32,171.283,GameplayMeasurement,60-180 Seconds,1,30,29.998,33.336,33.478,33.56,33.583,33.318,24.908,33.263,N/A,70778,36,145.593,277.793,10.539,14.039,21,19,54,0,4,75,291,node_60_180,5.855,27,19,6.782,early,15,N/A,N/A,11,-1,0,Very Low,N/A,1
oppo_full_01_20260809,206,212.32,172.283,GameplayMeasurement,60-180 Seconds,1,30,29.997,33.337,33.507,33.542,33.555,33.314,24.195,33.28,N/A,65710,36,145.593,277.793,10.539,14.039,21,19,51,0,4,72,294,node_60_180,5.871,27,19,6.807,early,15,N/A,N/A,11,-1,0,Very Low,N/A,1
oppo_full_01_20260809,207,213.353,173.317,GameplayMeasurement,60-180 Seconds,1,31,30.008,33.324,33.498,33.509,33.513,33.357,24.789,33.265,N/A,70596,36,145.629,277.793,10.539,14.039,22,20,51,0,4,74,292,node_60_180,5.889,27,20,6.833,early,15,N/A,N/A,11,-1,0,Very Low,N/A,1
oppo_full_01_20260809,208,214.37,174.333,GameplayMeasurement,60-180 Seconds,1,30,29.505,33.893,33.524,45.168,49.915,33.89,22.319,33.844,N/A,79362,36,145.614,277.793,10.539,14.039,22,20,38,0,4,60,306,node_60_180,5.906,28,20,6.858,early,15,N/A,N/A,11,-1,0,Very Low,N/A,1
oppo_full_01_20260809,209,215.37,175.333,GameplayMeasurement,60-180 Seconds,1,30,29.998,33.335,33.449,33.543,33.581,33.324,24.159,33.272,N/A,69826,36,145.655,277.793,10.539,14.039,23,21,46,0,4,70,296,node_60_180,5.922,28,20,6.883,early,15,N/A,N/A,11,-1,0,Very Low,N/A,1
oppo_full_01_20260809,210,216.403,176.366,GameplayMeasurement,60-180 Seconds,1,31,30.006,33.327,33.499,33.535,33.547,33.369,24.178,33.277,N/A,65456,36,145.676,277.793,10.539,14.039,23,21,51,0,4,76,290,node_60_180,5.939,28,20,6.909,early,15,N/A,N/A,11,-1,0,Very Low,N/A,1
oppo_full_01_20260809,211,217.403,177.367,GameplayMeasurement,60-180 Seconds,1,30,29.996,33.338,33.481,33.497,33.497,33.304,23.56,33.281,N/A,70542,36,145.648,277.793,10.539,14.039,22,20,48,0,4,72,294,node_60_180,5.956,28,20,6.934,early,15,N/A,N/A,11,-1,0,Very Low,N/A,1
oppo_full_01_20260809,212,218.403,178.367,GameplayMeasurement,60-180 Seconds,1,30,29.996,33.338,33.504,33.517,33.518,33.322,24.683,33.281,N/A,69326,36,145.641,277.793,10.539,14.039,22,20,41,0,4,65,301,node_60_180,5.973,28,20,6.959,early,15,N/A,N/A,11,-1,0,Very Low,N/A,1
oppo_full_01_20260809,213,219.437,179.4,GameplayMeasurement,60-180 Seconds,1,30,29.03,34.447,33.474,57.045,66.672,34.445,24.159,34.378,N/A,76970,36,145.62,277.793,10.539,14.039,22,20,38,0,4,61,305,node_60_180,5.99,28,20,6.985,early,15,N/A,N/A,11,-1,0,Very Low,N/A,1
oppo_full_01_20260809,214,220.47,180.433,GameplayMeasurement,180-300 Seconds,1,31,30.008,33.324,33.448,33.487,33.493,33.336,25.083,33.275,N/A,78976,36,145.804,277.793,10.582,14.039,22,20,37,0,4,60,306,node_180_300,6.007,28,20,7.011,early,15,N/A,N/A,11,-1,0,Very Low,N/A,1
oppo_full_01_20260809,215,221.503,181.466,GameplayMeasurement,180-300 Seconds,1,31,30.004,33.329,33.489,33.55,33.574,33.318,23.866,33.263,N/A,81398,36,145.646,277.793,10.633,14.039,22,20,37,0,4,61,305,node_180_300,6.024,28,20,7.037,early,15,N/A,N/A,11,-1,0,Very Low,N/A,1
oppo_full_01_20260809,216,222.503,182.466,GameplayMeasurement,180-300 Seconds,1,30,29.998,33.336,33.508,33.537,33.543,33.337,24.197,33.275,N/A,81090,36,145.683,277.793,10.688,14.039,22,20,30,0,4,56,310,node_180_300,6.041,28,20,7.062,early,15,N/A,N/A,11,-1,0,Very Low,N/A,1
oppo_full_01_20260809,217,223.503,183.467,GameplayMeasurement,180-300 Seconds,1,30,29.996,33.338,33.503,33.563,33.585,33.355,25.121,33.29,N/A,83362,36,145.669,277.793,10.742,14.039,22,20,30,0,4,56,310,node_180_300,6.058,28,20,7.087,early,15,N/A,N/A,11,-1,0,Very Low,N/A,1
oppo_full_01_20260809,218,224.52,184.483,GameplayMeasurement,180-300 Seconds,1,30,29.509,33.887,33.509,45.254,50.05,33.871,24.593,33.851,N/A,88682,36,145.692,277.793,10.801,14.039,23,20,30,0,4,57,309,node_180_300,6.075,28,20,7.112,early,15,N/A,N/A,11,-1,0,Very Low,N/A,1
oppo_full_01_20260809,219,225.52,185.483,GameplayMeasurement,180-300 Seconds,1,30,29.998,33.335,33.474,33.498,33.504,33.345,24.735,33.276,N/A,72926,36,145.664,277.793,10.844,14.039,23,21,40,0,4,65,301,node_180_300,6.091,28,20,7.137,early,15,N/A,N/A,11,-1,0,Very Low,N/A,1
oppo_full_01_20260809,220,226.553,186.517,GameplayMeasurement,180-300 Seconds,1,31,30.001,33.332,33.449,33.516,33.544,33.324,24.601,33.279,N/A,88892,36,145.686,277.793,10.902,14.039,22,20,42,0,4,68,298,node_180_300,6.109,29,20,7.163,early,15,N/A,N/A,11,-1,0,Very Low,N/A,1
oppo_full_01_20260809,221,227.586,187.55,GameplayMeasurement,180-300 Seconds,1,31,30.005,33.328,33.468,33.602,33.656,33.344,24.92,33.274,N/A,79904,36,145.695,277.793,10.969,14.039,22,20,35,0,4,61,305,node_180_300,6.126,29,20,7.189,early,15,N/A,N/A,11,-1,0,Very Low,N/A,1
oppo_full_01_20260809,222,228.586,188.55,GameplayMeasurement,180-300 Seconds,1,30,29.997,33.337,33.473,33.505,33.514,33.331,25.162,33.292,N/A,80294,36,145.659,277.793,11.035,14.039,22,20,36,0,4,61,305,node_180_300,6.142,29,20,7.214,early,15,N/A,N/A,11,-1,0,Very Low,N/A,1
oppo_full_01_20260809,223,229.586,189.55,GameplayMeasurement,180-300 Seconds,1,30,29.995,33.338,33.477,33.508,33.52,33.332,24.407,33.267,N/A,78754,36,145.646,277.793,11.098,14.039,23,21,37,0,4,61,305,node_180_300,6.159,29,21,7.239,early,15,N/A,N/A,11,-1,0,Very Low,N/A,1
oppo_full_01_20260809,224,230.603,190.567,GameplayMeasurement,180-300 Seconds,1,30,29.511,33.885,33.855,45.371,49.971,33.895,22.017,33.829,N/A,90350,39,145.73,277.793,10.633,14.039,23,21,39,0,4,67,299,node_180_300,6.176,29,21,7.264,early,15,N/A,N/A,11,-1,0,Very Low,N/A,1
oppo_full_01_20260809,225,231.636,191.6,GameplayMeasurement,180-300 Seconds,1,31,30,33.333,33.436,33.468,33.477,33.308,23.185,33.266,N/A,78132,39,145.717,277.793,10.633,14.039,23,21,40,0,4,68,298,node_180_300,6.193,29,21,7.29,early,15,N/A,N/A,11,-1,0,Very Low,N/A,1
oppo_full_01_20260809,226,232.636,192.6,GameplayMeasurement,180-300 Seconds,1,30,29.999,33.334,33.511,33.534,33.542,33.341,24.743,33.283,N/A,80030,39,145.676,277.793,10.633,14.039,23,21,35,0,4,61,305,node_180_300,6.21,29,21,7.315,early,15,N/A,N/A,11,-1,0,Very Low,N/A,1
oppo_full_01_20260809,227,233.67,193.633,GameplayMeasurement,180-300 Seconds,1,31,30,33.333,33.467,33.483,33.485,33.335,24.419,33.295,N/A,79056,39,145.662,277.793,10.633,14.039,23,21,32,0,4,57,309,node_180_300,6.227,29,21,7.341,early,15,N/A,N/A,11,-1,0,Very Low,N/A,1
oppo_full_01_20260809,228,234.67,194.633,GameplayMeasurement,180-300 Seconds,1,30,29.999,33.334,33.454,33.473,33.473,33.334,24.134,33.268,N/A,78230,39,145.655,277.793,10.633,14.039,23,21,32,0,4,56,310,node_180_300,6.244,29,21,7.366,early,15,N/A,N/A,11,-1,0,Very Low,N/A,1
oppo_full_01_20260809,229,235.686,195.65,GameplayMeasurement,180-300 Seconds,1,30,29.515,33.882,33.649,45.284,50.008,33.885,23.686,33.842,N/A,84522,39,145.668,277.793,10.637,14.039,23,21,31,0,4,56,310,node_180_300,6.261,29,21,7.391,early,15,N/A,N/A,11,-1,0,Very Low,N/A,1
oppo_full_01_20260809,230,236.686,196.65,GameplayMeasurement,180-300 Seconds,1,30,29.993,33.341,33.488,33.533,33.545,33.351,25.028,33.292,N/A,71798,39,145.718,277.793,10.637,14.039,24,22,32,0,4,59,307,node_180_300,6.277,29,21,7.416,early,15,N/A,N/A,11,-1,0,Very Low,N/A,1
oppo_full_01_20260809,231,237.72,197.683,GameplayMeasurement,180-300 Seconds,1,31,30,33.334,33.488,33.512,33.521,33.34,24.887,33.265,N/A,78872,39,145.661,277.793,10.637,14.039,23,21,30,0,4,55,311,node_180_300,6.295,29,21,7.442,early,15,N/A,N/A,11,-1,0,Very Low,N/A,1
oppo_full_01_20260809,232,238.753,198.716,GameplayMeasurement,180-300 Seconds,1,31,30.002,33.331,33.509,33.536,33.541,33.323,24.76,33.277,N/A,73848,39,145.643,277.793,10.637,14.039,23,21,47,0,4,71,295,node_180_300,6.312,30,21,7.468,early,15,N/A,N/A,11,-1,0,Very Low,N/A,1
oppo_full_01_20260809,233,239.753,199.717,GameplayMeasurement,180-300 Seconds,1,30,29.998,33.336,33.46,33.462,33.462,33.355,24.481,33.295,N/A,83658,39,145.673,277.793,10.637,14.039,23,21,42,0,4,67,299,node_180_300,6.329,30,21,7.493,early,15,N/A,N/A,11,-1,0,Very Low,N/A,1
oppo_full_01_20260809,234,240.786,200.75,GameplayMeasurement,180-300 Seconds,1,31,29.998,33.335,33.468,33.484,33.491,33.311,24.247,33.258,N/A,81296,39,145.651,277.793,10.68,14.039,23,21,40,0,4,64,302,node_180_300,6.346,30,21,7.519,early,15,N/A,N/A,11,-1,0,Very Low,N/A,1
oppo_full_01_20260809,235,241.787,201.75,GameplayMeasurement,180-300 Seconds,1,30,29.994,33.34,33.517,33.538,33.545,33.334,23.321,33.3,N/A,81230,39,145.651,277.793,10.73,14.039,23,21,40,0,4,64,302,node_180_300,6.363,30,21,7.544,early,15,N/A,N/A,11,-1,0,Very Low,N/A,1
oppo_full_01_20260809,236,242.82,202.783,GameplayMeasurement,180-300 Seconds,1,31,30.007,33.326,33.444,33.478,33.49,33.349,24.348,33.269,N/A,76332,39,145.701,277.793,10.785,14.039,24,21,36,0,4,62,304,node_180_300,6.38,30,21,7.57,early,15,N/A,N/A,11,-1,0,Very Low,N/A,1
oppo_full_01_20260809,237,243.82,203.783,GameplayMeasurement,180-300 Seconds,1,30,30,33.333,33.47,33.538,33.562,33.318,24.287,33.281,N/A,78814,39,145.669,277.793,10.836,14.039,23,21,39,0,4,63,303,node_180_300,6.396,30,21,7.595,early,15,N/A,N/A,11,-1,0,Very Low,N/A,1
oppo_full_01_20260809,238,244.82,204.783,GameplayMeasurement,180-300 Seconds,1,30,30,33.333,33.451,33.533,33.566,33.361,24.416,33.281,N/A,74982,39,145.661,277.793,10.883,14.039,23,21,43,0,4,67,299,node_180_300,6.413,30,21,7.62,early,15,N/A,N/A,11,-1,0,Very Low,N/A,1
oppo_full_01_20260809,239,245.82,205.783,GameplayMeasurement,180-300 Seconds,1,30,29.994,33.34,33.465,33.517,33.535,33.319,24.816,33.284,N/A,77810,39,145.733,277.793,10.934,14.039,25,23,40,0,4,67,299,node_180_300,6.43,30,22,7.645,early,15,N/A,N/A,11,-1,0,Very Low,N/A,1
oppo_full_01_20260809,240,246.836,206.8,GameplayMeasurement,180-300 Seconds,1,30,29.517,33.879,33.589,45.17,49.898,33.875,22.711,33.816,N/A,73590,39,145.698,277.793,10.984,14.039,24,22,37,0,4,62,304,node_180_300,6.447,30,22,7.67,early,15,N/A,N/A,11,-1,0,Very Low,N/A,1
oppo_full_01_20260809,241,247.836,207.8,GameplayMeasurement,180-300 Seconds,1,30,29.995,33.338,33.467,33.523,33.541,33.335,24.163,33.296,N/A,80558,39,145.706,277.793,11.039,14.039,25,23,38,0,4,63,303,node_180_300,6.463,30,22,7.695,early,15,N/A,N/A,11,-1,0,Very Low,N/A,1
oppo_full_01_20260809,242,248.87,208.833,GameplayMeasurement,180-300 Seconds,1,31,30.002,33.331,33.464,33.51,33.518,33.332,23.903,33.281,N/A,81844,39,145.698,277.793,11.098,14.039,24,22,33,0,4,58,308,node_180_300,6.481,30,22,7.721,early,15,N/A,N/A,11,-1,0,Very Low,N/A,1
oppo_full_01_20260809,243,249.903,209.867,GameplayMeasurement,180-300 Seconds,1,31,29.999,33.335,33.49,33.499,33.499,33.347,24.063,33.279,N/A,84012,39,145.74,277.793,11.168,14.039,24,22,31,0,4,58,308,node_180_300,6.498,30,22,7.747,early,15,N/A,N/A,11,-1,0,Very Low,N/A,1
oppo_full_01_20260809,244,250.903,210.867,GameplayMeasurement,180-300 Seconds,1,30,29.999,33.334,33.459,33.537,33.567,33.319,24.351,33.274,N/A,87412,42,145.753,277.793,10.711,14.039,25,23,32,0,4,60,306,node_180_300,6.514,31,22,7.772,early,15,N/A,N/A,11,-1,0,Very Low,N/A,1
oppo_full_01_20260809,245,251.92,211.883,GameplayMeasurement,180-300 Seconds,1,30,29.506,33.891,33.499,45.197,49.956,33.888,24.394,33.845,N/A,68754,42,145.776,277.793,10.711,14.039,24,22,32,0,4,61,305,node_180_300,6.531,31,22,7.797,early,15,N/A,N/A,11,-1,0,Very Low,N/A,1
oppo_full_01_20260809,246,252.953,212.916,GameplayMeasurement,180-300 Seconds,1,31,30.007,33.325,33.458,33.482,33.49,33.34,25.198,33.264,N/A,80500,42,145.721,277.793,10.711,14.039,24,22,41,0,4,67,299,node_180_300,6.549,31,22,7.823,early,15,N/A,N/A,11,-1,0,Very Low,N/A,1
oppo_full_01_20260809,247,253.953,213.917,GameplayMeasurement,180-300 Seconds,1,30,29.998,33.336,33.484,33.522,33.524,33.33,24.893,33.304,N/A,84910,42,145.748,277.793,10.711,14.039,25,22,42,0,4,70,296,node_180_300,6.565,31,22,7.848,early,15,N/A,N/A,11,-1,0,Very Low,N/A,1
oppo_full_01_20260809,248,254.986,214.95,GameplayMeasurement,180-300 Seconds,1,31,29.999,33.334,33.483,33.504,33.505,33.327,25.076,33.263,N/A,86508,42,145.743,277.793,10.711,14.039,24,22,37,0,4,64,302,node_180_300,6.582,31,22,7.874,early,15,N/A,N/A,11,-1,0,Very Low,N/A,1
oppo_full_01_20260809,249,255.986,215.95,GameplayMeasurement,180-300 Seconds,1,30,29.999,33.334,33.494,33.512,33.517,33.348,25.371,33.283,N/A,76826,42,145.763,277.793,10.711,14.039,24,22,37,0,4,65,301,node_180_300,6.599,31,22,7.899,early,15,N/A,N/A,11,-1,0,Very Low,N/A,1
oppo_full_01_20260809,250,257.003,216.967,GameplayMeasurement,180-300 Seconds,1,30,29.509,33.887,33.511,45.23,50.015,33.879,24.078,33.832,N/A,73514,42,145.751,277.793,10.711,14.039,25,22,44,0,4,72,294,node_180_300,6.616,31,22,7.924,early,15,N/A,N/A,11,-1,0,Very Low,N/A,1
oppo_full_01_20260809,251,258.036,218,GameplayMeasurement,180-300 Seconds,1,31,29.999,33.335,33.471,33.568,33.608,33.333,20.816,33.265,N/A,77900,42,145.714,277.793,10.711,14.039,25,22,45,0,4,71,295,node_180_300,6.633,31,22,7.95,early,15,N/A,N/A,11,-1,0,Very Low,N/A,1
oppo_full_01_20260809,252,259.036,219,GameplayMeasurement,180-300 Seconds,1,30,29.997,33.337,33.473,33.5,33.511,33.357,21.723,33.278,N/A,70794,42,145.701,277.793,10.711,14.039,24,22,41,0,4,67,299,node_180_300,6.65,31,22,7.975,early,15,N/A,N/A,11,-1,0,Very Low,N/A,1
oppo_full_01_20260809,253,260.07,220.033,GameplayMeasurement,180-300 Seconds,1,31,30.003,33.33,33.439,33.445,33.448,33.313,21.424,33.275,N/A,82556,42,145.729,277.793,10.711,14.039,24,22,35,0,4,61,305,node_180_300,6.667,31,22,8.001,early,15,N/A,N/A,11,-1,0,Very Low,N/A,1
oppo_full_01_20260809,254,261.103,221.067,GameplayMeasurement,180-300 Seconds,1,31,30.002,33.331,33.522,33.558,33.561,33.327,21.834,33.29,N/A,80908,42,145.709,277.793,10.723,14.039,24,22,30,0,4,56,310,node_180_300,6.684,31,22,8.027,early,15,N/A,N/A,11,-1,0,Very Low,N/A,1
oppo_full_01_20260809,255,262.136,222.1,GameplayMeasurement,180-300 Seconds,1,31,30.002,33.332,33.49,33.518,33.519,33.34,21.4,33.248,N/A,87100,42,145.765,277.793,10.773,14.039,25,23,40,0,4,68,298,node_180_300,6.702,32,22,8.052,early,15,N/A,N/A,11,-1,0,Very Low,N/A,1
oppo_full_01_20260809,256,263.153,223.117,GameplayMeasurement,180-300 Seconds,1,30,29.503,33.895,33.679,45.277,50.011,33.898,23.982,33.842,N/A,76298,42,145.766,277.793,10.828,14.039,26,24,39,0,4,67,299,node_180_300,6.719,32,23,8.078,early,15,N/A,N/A,11,-1,0,Very Low,N/A,1
oppo_full_01_20260809,257,264.186,224.15,GameplayMeasurement,180-300 Seconds,1,31,30.005,33.328,33.482,33.538,33.562,33.321,24.379,33.3,N/A,73080,42,145.751,277.793,10.879,14.039,26,23,39,0,4,67,299,node_180_300,6.736,32,23,8.104,early,15,N/A,N/A,11,-1,0,Very Low,N/A,1
oppo_full_01_20260809,258,265.186,225.15,GameplayMeasurement,180-300 Seconds,1,30,29.995,33.339,33.461,33.496,33.501,33.354,24.015,33.266,N/A,82732,42,145.732,277.793,10.93,14.039,25,23,38,0,4,64,302,node_180_300,6.753,32,23,8.129,early,15,N/A,N/A,11,-1,0,Very Low,N/A,1
oppo_full_01_20260809,259,266.219,226.183,GameplayMeasurement,180-300 Seconds,1,31,30.003,33.33,33.49,33.499,33.502,33.317,24.165,33.278,N/A,79980,42,145.731,277.793,10.984,14.039,25,23,35,0,4,62,304,node_180_300,6.77,32,23,8.155,early,15,N/A,N/A,11,-1,0,Very Low,N/A,1
oppo_full_01_20260809,260,267.219,227.183,GameplayMeasurement,180-300 Seconds,1,30,29.998,33.336,33.467,33.476,33.48,33.316,24.256,33.257,N/A,76310,42,145.745,277.793,11.031,14.039,25,23,36,0,4,63,303,node_180_300,6.786,32,23,8.18,early,15,N/A,N/A,11,-1,0,Very Low,N/A,1
oppo_full_01_20260809,261,268.236,228.2,GameplayMeasurement,180-300 Seconds,1,30,29.512,33.884,33.481,45.242,50.045,33.929,23.256,33.852,N/A,71266,42,145.737,277.793,11.082,14.039,25,23,34,0,4,61,305,node_180_300,6.803,32,23,8.205,early,15,N/A,N/A,11,-1,0,Very Low,N/A,1
oppo_full_01_20260809,262,269.236,229.2,GameplayMeasurement,180-300 Seconds,1,30,29.999,33.334,33.45,33.502,33.518,33.307,21.897,33.256,N/A,72626,42,145.744,277.793,11.137,14.039,26,23,32,0,4,60,306,node_180_300,6.82,32,23,8.23,early,15,N/A,N/A,11,-1,0,Very Low,N/A,1
oppo_full_01_20260809,263,270.236,230.2,GameplayMeasurement,180-300 Seconds,1,30,29.999,33.335,33.43,33.481,33.501,33.334,21.727,33.26,N/A,76546,42,145.738,277.793,11.195,14.039,26,23,38,0,4,65,301,node_180_300,6.837,32,23,8.255,early,15,N/A,N/A,11,-1,0,Very Low,N/A,1
oppo_full_01_20260809,264,271.269,231.234,GameplayMeasurement,180-300 Seconds,1,31,29.996,33.338,33.439,33.481,33.496,33.328,24.001,33.302,N/A,78196,45,145.732,277.793,10.805,14.039,25,23,34,0,4,60,306,node_180_300,6.854,32,23,8.281,early,15,N/A,N/A,11,-1,0,Very Low,N/A,1
oppo_full_01_20260809,265,272.303,232.267,GameplayMeasurement,180-300 Seconds,1,31,30.004,33.329,33.474,33.527,33.546,33.33,24.445,33.263,N/A,85376,45,145.746,277.793,10.805,14.039,25,23,29,0,4,56,310,node_180_300,6.871,32,23,8.307,early,15,N/A,N/A,11,-1,0,Very Low,N/A,1
oppo_full_01_20260809,266,273.319,233.283,GameplayMeasurement,180-300 Seconds,1,30,29.509,33.888,33.481,45.224,50.015,33.893,23.669,33.834,N/A,86798,45,145.792,277.793,10.805,14.039,26,24,28,0,4,57,309,node_180_300,6.888,32,23,8.332,early,15,N/A,N/A,11,-1,0,Very Low,N/A,1
oppo_full_01_20260809,267,274.353,234.317,GameplayMeasurement,180-300 Seconds,1,31,29.998,33.336,33.488,33.491,33.491,33.33,23.729,33.279,N/A,84820,45,145.78,277.793,10.805,14.039,25,23,42,0,4,71,295,node_180_300,6.905,33,23,8.358,early,15,N/A,N/A,11,-1,0,Very Low,N/A,1
oppo_full_01_20260809,268,275.386,235.35,GameplayMeasurement,180-300 Seconds,1,31,30.006,33.327,33.457,33.499,33.514,33.33,25.097,33.281,N/A,80972,45,145.785,277.793,10.805,14.039,25,23,35,0,4,64,302,node_180_300,6.922,33,23,8.384,early,15,N/A,N/A,11,-1,0,Very Low,N/A,1
oppo_full_01_20260809,269,276.386,236.35,GameplayMeasurement,180-300 Seconds,1,30,29.994,33.339,33.46,33.475,33.481,33.341,25.199,33.299,N/A,82346,45,145.764,277.793,10.805,14.039,26,23,39,0,4,67,299,node_180_300,6.939,33,23,8.409,early,15,N/A,N/A,11,-1,0,Very Low,N/A,1
oppo_full_01_20260809,270,277.419,237.383,GameplayMeasurement,180-300 Seconds,1,31,30.004,33.329,33.432,33.512,33.541,33.337,25.3,33.259,N/A,72932,45,145.74,277.793,10.805,14.039,25,23,35,0,4,62,304,node_180_300,6.956,33,23,8.435,early,15,N/A,N/A,11,-1,0,Very Low,N/A,1
oppo_full_01_20260809,271,278.436,238.4,GameplayMeasurement,180-300 Seconds,1,30,29.507,33.89,33.459,45.188,49.968,33.337,25.122,33.864,N/A,77814,45,145.763,277.793,10.805,14.039,25,23,37,0,4,65,301,node_180_300,6.973,33,23,8.46,early,15,N/A,N/A,11,-1,0,Very Low,N/A,1
oppo_full_01_20260809,272,279.436,239.4,GameplayMeasurement,180-300 Seconds,1,30,29.999,33.334,33.447,33.513,33.535,33.884,22.058,33.264,N/A,81622,45,145.713,277.793,10.805,14.039,25,23,35,0,4,60,306,node_180_300,6.99,33,23,8.485,early,15,N/A,N/A,11,-1,0,Very Low,N/A,1
oppo_full_01_20260809,273,280.436,240.4,GameplayMeasurement,180-300 Seconds,1,30,29.997,33.336,33.46,33.532,33.554,33.34,24.599,33.278,N/A,87746,45,145.779,277.793,10.809,14.039,26,24,34,0,4,62,304,node_180_300,7.007,33,24,8.51,early,15,N/A,N/A,11,-1,0,Very Low,N/A,1
oppo_full_01_20260809,274,281.469,241.433,GameplayMeasurement,180-300 Seconds,1,31,30.002,33.331,33.469,33.491,33.493,33.32,24.736,33.27,N/A,73496,45,145.784,277.793,10.809,14.039,27,24,32,0,4,61,305,node_180_300,7.024,33,24,8.536,early,15,N/A,N/A,11,-1,0,Very Low,N/A,1
oppo_full_01_20260809,275,282.469,242.433,GameplayMeasurement,180-300 Seconds,1,30,29.997,33.337,33.5,33.526,33.532,33.342,25,33.283,N/A,77554,45,145.784,277.793,10.82,14.039,27,24,31,0,4,60,306,node_180_300,7.041,33,24,8.561,early,15,N/A,N/A,11,-1,0,Very Low,N/A,1
oppo_full_01_20260809,276,283.503,243.467,GameplayMeasurement,180-300 Seconds,1,31,30.001,33.332,33.467,33.488,33.496,33.328,25.085,33.282,N/A,75272,45,145.772,277.793,10.871,14.039,26,24,29,0,4,57,309,node_180_300,7.058,33,24,8.587,early,15,N/A,N/A,11,-1,0,Very Low,N/A,1
oppo_full_01_20260809,277,284.52,244.483,GameplayMeasurement,180-300 Seconds,1,30,29.507,33.89,33.596,45.201,49.931,33.9,24.513,33.85,N/A,69190,45,145.744,277.793,10.918,14.039,26,24,27,0,4,54,312,node_180_300,7.075,33,24,8.612,early,15,N/A,N/A,11,-1,0,Very Low,N/A,1
oppo_full_01_20260809,278,285.553,245.517,GameplayMeasurement,180-300 Seconds,1,31,30.006,33.326,33.442,33.491,33.51,33.307,24.651,33.247,N/A,76688,45,145.78,277.793,10.965,14.039,26,24,38,0,4,66,300,node_180_300,7.092,33,24,8.638,early,15,N/A,N/A,11,-1,0,Very Low,N/A,1
oppo_full_01_20260809,279,286.553,246.517,GameplayMeasurement,180-300 Seconds,1,30,29.994,33.34,33.498,33.531,33.532,33.348,24.59,33.297,N/A,73490,45,145.761,277.793,11.016,14.039,27,24,42,0,4,70,296,node_180_300,7.109,34,24,8.663,early,15,N/A,N/A,11,-1,0,Very Low,N/A,1
oppo_full_01_20260809,280,287.586,247.55,GameplayMeasurement,180-300 Seconds,1,31,30.003,33.33,33.474,33.491,33.498,33.353,25.468,33.256,N/A,72724,45,145.761,277.793,11.059,14.039,27,25,46,0,4,73,293,node_180_300,7.126,34,24,8.689,early,15,N/A,N/A,11,-1,0,Very Low,N/A,1
oppo_full_01_20260809,281,288.586,248.55,GameplayMeasurement,180-300 Seconds,1,30,29.994,33.34,33.48,33.489,33.49,33.33,25.352,33.277,N/A,76398,45,145.74,277.793,11.117,14.039,26,24,38,0,4,64,302,node_180_300,7.143,34,24,8.714,early,15,N/A,N/A,11,-1,0,Very Low,N/A,1
oppo_full_01_20260809,282,289.603,249.567,GameplayMeasurement,180-300 Seconds,1,30,29.514,33.882,33.537,45.134,49.855,33.889,24.632,33.842,N/A,70078,45,145.732,277.793,11.164,14.039,26,24,38,0,4,64,302,node_180_300,7.159,34,24,8.739,early,15,N/A,N/A,11,-1,0,Very Low,N/A,1
oppo_full_01_20260809,283,290.603,250.567,GameplayMeasurement,180-300 Seconds,1,30,29.999,33.334,33.488,33.503,33.507,33.334,25.55,33.27,N/A,78574,45,145.776,277.793,11.227,14.039,27,24,40,0,4,68,298,node_180_300,7.176,34,24,8.764,early,15,N/A,N/A,11,-1,0,Very Low,N/A,1
oppo_full_01_20260809,284,291.636,251.6,GameplayMeasurement,180-300 Seconds,1,31,30.001,33.333,33.506,33.553,33.557,33.325,25.321,33.272,N/A,76760,45,145.765,277.793,11.293,14.039,27,24,34,0,4,62,304,node_180_300,7.193,34,24,8.79,early,15,N/A,N/A,11,-1,0,Very Low,N/A,1
oppo_full_01_20260809,285,292.636,252.6,GameplayMeasurement,180-300 Seconds,1,30,29.999,33.334,33.499,33.522,33.529,33.332,24.998,33.276,N/A,74306,48,145.758,277.793,10.891,14.039,26,24,35,0,4,62,304,node_180_300,7.21,34,24,8.815,early,15,N/A,N/A,11,-1,0,Very Low,N/A,1
oppo_full_01_20260809,286,293.67,253.633,GameplayMeasurement,180-300 Seconds,1,31,30.001,33.333,33.405,33.458,33.478,33.333,25,33.289,N/A,76860,48,145.753,277.793,10.891,14.039,27,24,35,0,4,62,304,node_180_300,7.227,34,24,8.841,early,15,N/A,N/A,11,-1,0,Very Low,N/A,1
oppo_full_01_20260809,287,294.686,254.65,GameplayMeasurement,180-300 Seconds,1,30,29.515,33.882,33.535,45.271,50.053,33.315,24.722,33.815,N/A,85670,48,145.781,277.793,10.891,14.039,27,24,28,0,4,56,310,node_180_300,7.244,34,24,8.866,early,15,N/A,N/A,11,-1,0,Very Low,N/A,1
oppo_full_01_20260809,288,295.686,255.65,GameplayMeasurement,180-300 Seconds,1,30,29.995,33.339,33.488,33.52,33.534,33.913,24.962,33.291,N/A,69320,48,145.786,277.793,10.895,14.039,27,24,31,0,4,60,306,node_180_300,7.261,34,24,8.891,early,15,N/A,N/A,11,-1,0,Very Low,N/A,1
oppo_full_01_20260809,289,296.72,256.683,GameplayMeasurement,180-300 Seconds,1,31,29.997,33.337,33.464,33.506,33.523,33.314,25.191,33.283,N/A,79744,48,145.786,277.793,10.895,14.039,27,24,31,0,4,60,306,node_180_300,7.278,34,24,8.917,early,15,N/A,N/A,11,-1,0,Very Low,N/A,1
oppo_full_01_20260809,290,297.753,257.716,GameplayMeasurement,180-300 Seconds,1,31,30.007,33.325,33.559,33.585,33.59,33.339,24.926,33.277,N/A,77404,48,145.767,277.793,10.895,14.039,27,25,37,0,4,65,301,node_180_300,7.295,34,25,8.943,early,15,N/A,N/A,11,-1,0,Very Low,N/A,1
oppo_full_01_20260809,291,298.753,258.717,GameplayMeasurement,180-300 Seconds,1,30,29.996,33.338,33.485,33.52,33.529,33.347,25.306,33.271,N/A,78246,48,145.789,277.793,10.895,14.039,28,25,39,0,4,68,298,node_180_300,7.312,35,25,8.968,early,15,N/A,N/A,11,-1,0,Very Low,N/A,1
oppo_full_01_20260809,292,299.753,259.717,GameplayMeasurement,180-300 Seconds,1,30,29.997,33.337,33.505,33.553,33.563,33.324,25.178,33.282,N/A,73478,48,145.784,277.793,10.895,14.039,28,25,40,0,4,69,297,node_180_300,7.329,35,25,8.993,early,15,N/A,N/A,11,-1,0,Very Low,N/A,1
oppo_full_01_20260809,293,300.77,260.733,GameplayMeasurement,180-300 Seconds,1,30,29.506,33.892,33.593,45.179,49.894,33.887,25.073,33.834,N/A,72350,48,145.778,277.793,10.895,14.039,27,25,52,0,4,80,286,node_180_300,7.346,35,25,9.018,early,15,N/A,N/A,11,-1,0,Very Low,N/A,1
oppo_full_01_20260809,294,301.803,261.767,GameplayMeasurement,180-300 Seconds,1,31,30.002,33.331,33.445,33.48,33.484,33.337,25.109,33.29,N/A,78084,48,145.827,277.793,10.895,14.039,28,25,44,0,4,75,291,node_180_300,7.363,35,25,9.044,early,15,N/A,N/A,11,-1,0,Very Low,N/A,1
oppo_full_01_20260809,295,302.836,262.8,GameplayMeasurement,180-300 Seconds,1,31,30.006,33.327,33.458,33.47,33.474,33.343,25.364,33.276,N/A,91408,48,145.838,277.793,10.895,14.039,28,25,37,0,4,68,298,node_180_300,7.38,35,25,9.07,early,15,N/A,N/A,11,-1,0,Very Low,N/A,1
oppo_full_01_20260809,296,303.869,263.833,GameplayMeasurement,180-300 Seconds,1,31,29.999,33.335,33.47,33.5,33.512,33.313,25.292,33.281,N/A,81740,48,145.858,277.793,10.898,14.039,28,26,30,0,4,62,304,node_180_300,7.397,35,25,9.096,early,15,N/A,N/A,11,-1,0,Very Low,N/A,1
oppo_full_01_20260809,297,304.869,264.833,GameplayMeasurement,180-300 Seconds,1,30,30,33.334,33.477,33.548,33.56,33.352,25.433,33.286,N/A,67074,48,145.815,277.793,10.922,14.039,28,25,36,0,4,66,300,node_180_300,7.414,35,25,9.121,early,15,N/A,N/A,11,-1,0,Very Low,N/A,1
oppo_full_01_20260809,298,305.869,265.833,GameplayMeasurement,180-300 Seconds,1,30,29.996,33.338,33.478,33.623,33.674,33.319,23.986,33.273,N/A,73294,48,145.779,277.793,10.969,14.039,28,25,34,0,4,62,304,node_180_300,7.431,35,25,9.146,early,15,N/A,N/A,11,-1,0,Very Low,N/A,1
oppo_full_01_20260809,299,306.902,266.866,GameplayMeasurement,180-300 Seconds,1,31,30.007,33.325,33.483,33.491,33.493,33.336,21.986,33.256,N/A,77160,48,145.8,277.793,11.02,14.039,28,25,35,0,4,64,302,node_180_300,7.448,35,25,9.172,early,15,N/A,N/A,11,-1,0,Very Low,N/A,1
oppo_full_01_20260809,300,307.903,267.866,GameplayMeasurement,180-300 Seconds,1,30,29.995,33.339,33.519,33.591,33.611,33.343,21.699,33.303,N/A,80506,48,145.778,277.793,11.074,14.039,27,25,30,0,4,58,308,node_180_300,7.464,35,25,9.197,early,15,N/A,N/A,11,-1,0,Very Low,N/A,1
oppo_full_01_20260809,301,308.936,268.9,GameplayMeasurement,180-300 Seconds,1,31,30.004,33.329,33.492,33.529,33.541,33.332,24.224,33.269,N/A,89388,48,145.814,277.793,11.129,14.039,28,25,36,0,4,66,300,node_180_300,7.482,35,25,9.222,early,15,N/A,N/A,11,-1,0,Very Low,N/A,1
oppo_full_01_20260809,302,309.936,269.9,GameplayMeasurement,180-300 Seconds,1,30,29.997,33.337,33.471,33.543,33.558,33.319,24.506,33.27,N/A,83178,48,145.85,277.793,11.184,14.039,27,25,37,0,4,69,297,node_180_300,7.498,35,25,9.247,early,15,N/A,N/A,11,-1,0,Very Low,N/A,1
oppo_full_01_20260809,303,310.953,270.917,GameplayMeasurement,180-300 Seconds,1,30,29.508,33.889,33.525,45.178,49.925,33.889,24.687,33.853,N/A,90248,48,145.875,277.793,11.242,14.039,28,25,38,0,4,70,296,node_180_300,7.515,36,25,9.273,early,15,N/A,N/A,11,-1,0,Very Low,N/A,1
oppo_full_01_20260809,304,311.986,271.95,GameplayMeasurement,180-300 Seconds,1,31,30.002,33.331,33.528,33.572,33.59,33.331,23.018,33.269,N/A,79700,48,145.814,277.793,11.316,14.039,28,25,33,0,4,64,302,node_180_300,7.532,36,25,9.299,early,15,N/A,N/A,11,-1,0,Very Low,N/A,1
oppo_full_01_20260809,305,312.986,272.95,GameplayMeasurement,180-300 Seconds,1,30,29.997,33.337,33.455,33.499,33.517,33.335,24.414,33.293,N/A,77094,51,145.786,277.793,10.98,14.039,27,25,33,0,4,62,304,node_180_300,7.549,36,25,9.324,early,15,N/A,N/A,11,-1,0,Very Low,N/A,1
oppo_full_01_20260809,306,314.019,273.983,GameplayMeasurement,180-300 Seconds,1,31,29.997,33.337,33.468,33.476,33.476,33.331,24.415,33.283,N/A,85648,51,145.825,277.793,10.98,14.039,28,26,34,0,4,64,302,node_180_300,7.566,36,25,9.35,early,15,N/A,N/A,11,-1,0,Very Low,N/A,1
oppo_full_01_20260809,307,315.019,274.983,GameplayMeasurement,180-300 Seconds,1,30,30,33.333,33.483,33.495,33.498,33.354,24.446,33.303,N/A,79138,51,145.908,277.793,10.98,14.039,30,27,35,0,4,69,297,node_180_300,7.583,36,26,9.375,early,15,N/A,N/A,11,-1,0,Very Low,N/A,1
oppo_full_01_20260809,308,316.053,276.016,GameplayMeasurement,180-300 Seconds,1,31,30.003,33.33,33.487,33.564,33.583,33.346,24.339,33.254,N/A,86176,51,145.887,277.793,10.98,14.039,30,27,29,0,4,62,304,node_180_300,7.6,36,26,9.4,early,15,N/A,N/A,11,-1,0,Very Low,N/A,1
oppo_full_01_20260809,309,317.053,277.016,GameplayMeasurement,180-300 Seconds,1,29,28.999,34.484,33.575,57.475,66.763,34.456,24.91,34.452,N/A,82488,51,145.865,277.793,10.98,14.039,28,26,30,0,4,62,304,node_180_300,7.617,36,26,9.425,early,15,N/A,N/A,11,-1,0,Very Low,N/A,1
oppo_full_01_20260809,310,318.086,278.05,GameplayMeasurement,180-300 Seconds,1,31,30.002,33.331,33.461,33.489,33.494,33.323,25.032,33.257,N/A,90196,51,145.879,277.793,10.98,14.039,29,26,26,0,4,59,307,node_180_300,7.634,36,26,9.451,early,15,N/A,N/A,11,-1,0,Very Low,N/A,1
oppo_full_01_20260809,311,319.086,279.05,GameplayMeasurement,180-300 Seconds,1,30,29.999,33.335,33.51,33.555,33.568,33.343,25.211,33.298,N/A,73578,51,145.901,277.793,10.98,14.039,29,26,27,0,4,61,305,node_180_300,7.651,36,26,9.476,early,15,N/A,N/A,11,-1,0,Very Low,N/A,1
oppo_full_01_20260809,312,320.119,280.083,GameplayMeasurement,180-300 Seconds,1,31,29.999,33.334,33.468,33.493,33.496,33.333,25.503,33.285,N/A,75688,51,145.853,277.793,10.98,14.039,29,26,44,0,4,76,290,node_180_300,7.668,36,26,9.502,early,15,N/A,N/A,11,-1,0,Very Low,N/A,1
oppo_full_01_20260809,313,321.119,281.083,GameplayMeasurement,180-300 Seconds,1,30,29.996,33.338,33.484,33.493,33.494,33.347,25.468,33.277,N/A,70850,51,145.839,277.793,10.98,14.039,28,26,43,0,4,74,292,node_180_300,7.685,36,26,9.527,early,15,N/A,N/A,11,-1,0,Very Low,N/A,1
oppo_full_01_20260809,314,322.136,282.1,GameplayMeasurement,180-300 Seconds,1,30,29.509,33.888,33.575,45.244,50.001,33.89,25.11,33.841,N/A,66190,51,145.833,277.793,10.98,14.039,29,26,34,0,4,64,302,node_180_300,7.702,37,26,9.552,early,15,N/A,N/A,11,-1,0,Very Low,N/A,1
oppo_full_01_20260809,315,323.169,283.133,GameplayMeasurement,180-300 Seconds,1,31,30.006,33.327,33.48,33.515,33.53,33.316,23.413,33.279,N/A,65656,51,145.848,277.793,10.98,14.039,29,26,31,0,4,62,304,node_180_300,7.719,37,26,9.578,early,15,N/A,N/A,11,-1,0,Very Low,N/A,1
oppo_full_01_20260809,316,324.169,284.133,GameplayMeasurement,180-300 Seconds,1,30,29.998,33.336,33.506,33.56,33.57,33.333,21.569,33.264,N/A,58858,51,145.827,277.793,10.98,14.039,29,26,27,0,4,57,309,node_180_300,7.736,37,26,9.603,early,15,N/A,N/A,11,-1,0,Very Low,N/A,1
oppo_full_01_20260809,317,325.203,285.166,GameplayMeasurement,180-300 Seconds,1,31,30.003,33.33,33.499,33.587,33.599,33.321,21.866,33.285,N/A,68920,51,145.84,277.793,10.988,14.039,29,26,31,0,4,62,304,node_180_300,7.753,37,26,9.629,early,15,N/A,N/A,11,-1,0,Very Low,N/A,1
oppo_full_01_20260809,318,326.203,286.166,GameplayMeasurement,180-300 Seconds,1,30,29.998,33.336,33.449,33.477,33.488,33.359,21.357,33.269,N/A,73766,51,145.849,277.793,10.988,14.039,29,26,27,0,4,58,308,node_180_300,7.769,37,26,9.654,early,15,N/A,N/A,11,-1,0,Very Low,N/A,1
oppo_full_01_20260809,319,327.203,287.166,GameplayMeasurement,180-300 Seconds,1,29,28.997,34.486,33.461,57.324,66.6,34.475,22.067,34.439,N/A,70052,51,145.879,277.793,11,14.039,29,27,28,0,4,60,306,node_180_300,7.786,37,26,9.679,early,15,N/A,N/A,11,-1,0,Very Low,N/A,1
oppo_full_01_20260809,320,328.236,288.2,GameplayMeasurement,180-300 Seconds,1,31,30.004,33.329,33.456,33.486,33.497,33.337,24.954,33.292,N/A,67908,51,145.912,277.793,11.051,14.039,29,27,24,0,4,58,308,node_180_300,7.803,37,26,9.705,early,15,N/A,N/A,11,-1,0,Very Low,N/A,1
oppo_full_01_20260809,321,329.236,289.2,GameplayMeasurement,180-300 Seconds,1,30,29.995,33.338,33.433,33.45,33.451,33.315,25.423,33.281,N/A,70706,51,145.876,277.793,11.102,14.039,28,26,28,0,4,60,306,node_180_300,7.82,37,26,9.73,early,15,N/A,N/A,11,-1,0,Very Low,N/A,1
oppo_full_01_20260809,322,330.269,290.233,GameplayMeasurement,180-300 Seconds,1,31,30.002,33.331,33.463,33.49,33.496,33.347,25.5,33.279,N/A,65104,51,145.905,277.793,11.152,14.039,29,27,29,0,4,63,303,node_180_300,7.837,37,26,9.756,early,15,N/A,N/A,11,-1,0,Very Low,N/A,1
oppo_full_01_20260809,323,331.303,291.266,GameplayMeasurement,180-300 Seconds,1,31,29.999,33.335,33.417,33.453,33.468,33.339,25.542,33.285,N/A,62332,51,145.879,277.793,11.195,14.039,29,27,27,0,4,59,307,node_180_300,7.854,37,26,9.782,early,15,N/A,N/A,11,-1,0,Very Low,N/A,1
oppo_full_01_20260809,324,332.352,292.316,GameplayMeasurement,180-300 Seconds,1,31,29.529,33.865,33.523,45.078,50.021,33.338,25.364,34.073,N/A,71756,51,145.866,277.793,11.258,14.039,30,27,33,0,4,65,301,node_180_300,7.872,37,27,9.808,early,15,N/A,N/A,11,-1,0,Very Low,N/A,1
oppo_full_01_20260809,325,333.352,293.316,GameplayMeasurement,180-300 Seconds,1,30,29.999,33.335,33.464,33.508,33.524,33.868,25.142,33.024,N/A,58582,51,145.853,277.793,11.301,14.039,29,27,30,0,4,61,305,node_180_300,7.889,37,27,9.833,early,15,N/A,N/A,11,-1,0,Very Low,N/A,1
oppo_full_01_20260809,326,334.386,294.35,GameplayMeasurement,180-300 Seconds,1,31,29.998,33.336,33.493,33.545,33.564,33.333,25.11,33.273,N/A,70436,51,145.894,277.793,11.359,14.039,31,28,34,0,4,67,299,node_180_300,7.906,38,27,9.859,early,15,N/A,N/A,11,-1,0,Very Low,N/A,1
oppo_full_01_20260809,327,335.386,295.35,GameplayMeasurement,180-300 Seconds,1,30,29.993,33.341,33.465,33.492,33.493,33.346,25.466,33.291,N/A,63790,54,145.887,277.793,11.102,14.039,30,27,32,0,4,65,301,node_180_300,7.922,38,27,9.884,early,15,N/A,N/A,11,-1,0,Very Low,N/A,1
oppo_full_01_20260809,328,336.419,296.383,GameplayMeasurement,180-300 Seconds,1,31,30.004,33.329,33.488,33.493,33.494,33.336,25.591,33.282,N/A,62044,54,145.906,277.793,11.102,14.039,30,27,26,0,4,60,306,node_180_300,7.94,38,27,9.91,early,15,N/A,N/A,11,-1,0,Very Low,N/A,1
oppo_full_01_20260809,329,337.452,297.416,GameplayMeasurement,180-300 Seconds,1,31,29.999,33.334,33.47,33.522,33.537,33.323,25.623,33.283,N/A,59836,54,145.865,277.793,11.102,14.039,30,27,26,0,4,58,308,node_180_300,7.957,38,27,9.935,early,15,N/A,N/A,11,-1,0,Very Low,N/A,1
oppo_full_01_20260809,330,338.469,298.433,GameplayMeasurement,180-300 Seconds,1,30,29.512,33.884,33.726,45.245,49.941,33.895,22.608,33.833,N/A,66062,54,145.837,277.793,11.102,14.039,30,27,28,0,4,58,308,node_180_300,7.974,38,27,9.961,early,15,N/A,N/A,11,-1,0,Very Low,N/A,1
oppo_full_01_20260809,331,339.469,299.433,GameplayMeasurement,180-300 Seconds,1,30,29.996,33.338,33.448,33.456,33.457,33.327,24.048,33.277,N/A,59082,54,145.835,277.793,11.102,14.039,30,27,27,0,4,57,309,node_180_300,7.991,38,27,9.986,early,15,N/A,N/A,11,-1,0,Very Low,N/A,1
oppo_full_01_20260809,332,340.502,300.466,GameplayMeasurement,Heavy Combat,1,31,30.004,33.329,33.475,33.527,33.548,33.335,24.708,33.277,N/A,73632,54,145.861,277.793,11.105,14.039,30,28,22,0,4,53,313,node_300_420,8.008,38,27,10.012,early,15,N/A,N/A,11,-1,0,Very Low,N/A,1
oppo_full_01_20260809,333,341.503,301.466,GameplayMeasurement,Heavy Combat,1,30,29.997,33.337,33.455,33.489,33.503,33.337,24.671,33.294,N/A,63918,54,145.859,277.793,11.105,14.039,29,27,24,0,4,55,311,node_300_420,8.024,38,27,10.037,early,15,N/A,N/A,11,-1,0,Very Low,N/A,1
oppo_full_01_20260809,334,342.503,302.467,GameplayMeasurement,Heavy Combat,1,30,29.989,33.345,33.497,34.222,34.517,33.345,25.38,33.292,N/A,58924,54,145.875,277.793,11.105,14.039,29,27,33,0,4,65,301,node_300_420,8.041,38,27,10.062,early,15,N/A,N/A,11,-1,0,Very Low,N/A,1
oppo_full_01_20260809,335,343.519,303.483,GameplayMeasurement,Heavy Combat,1,30,29.518,33.878,33.715,45.286,49.943,33.879,25.042,33.814,N/A,63188,54,145.865,277.793,11.105,14.039,30,27,23,0,4,55,311,node_300_420,8.058,38,27,10.087,early,15,N/A,N/A,11,-1,0,Very Low,N/A,1
oppo_full_01_20260809,336,344.519,304.483,GameplayMeasurement,Heavy Combat,1,30,30,33.333,33.44,33.5,33.524,33.336,25.661,33.295,N/A,60740,54,145.889,277.793,11.105,14.039,31,28,28,0,4,61,305,node_300_420,8.075,38,27,10.112,early,15,N/A,N/A,11,-1,0,Very Low,N/A,1
oppo_full_01_20260809,337,345.552,305.516,GameplayMeasurement,Heavy Combat,1,31,30.003,33.33,33.463,33.528,33.545,33.328,25.498,33.272,N/A,62402,54,145.881,277.793,11.105,14.039,30,27,32,0,4,65,301,node_300_420,8.092,38,27,10.138,early,15,N/A,N/A,11,-1,0,Very Low,N/A,1
oppo_full_01_20260809,338,346.586,306.549,GameplayMeasurement,Heavy Combat,1,31,30.003,33.33,33.456,33.481,33.489,33.321,25.022,33.271,N/A,61414,54,145.834,277.793,11.105,14.039,29,27,30,0,4,60,306,node_300_420,8.109,39,27,10.164,early,15,N/A,N/A,11,-1,0,Very Low,N/A,1
oppo_full_01_20260809,339,347.586,307.55,GameplayMeasurement,Heavy Combat,1,30,29.998,33.336,33.453,33.485,33.493,33.332,24.502,33.289,N/A,62044,54,145.842,277.793,11.109,14.039,29,27,33,0,4,63,303,node_300_420,8.126,39,27,10.189,early,15,N/A,N/A,11,-1,0,Very Low,N/A,1
oppo_full_01_20260809,340,348.602,308.566,GameplayMeasurement,Heavy Combat,1,30,29.507,33.891,33.507,45.236,50.021,33.335,24.901,33.824,N/A,61708,54,145.845,277.793,11.109,14.039,30,27,30,0,4,61,305,node_300_420,8.143,39,27,10.214,early,15,N/A,N/A,11,-1,0,Very Low,N/A,1
oppo_full_01_20260809,341,349.602,309.566,GameplayMeasurement,Heavy Combat,1,30,29.999,33.335,33.492,33.582,33.615,33.903,25.295,33.286,N/A,61360,54,145.883,277.793,11.109,14.039,31,28,30,0,4,62,304,node_300_420,8.159,39,28,10.239,early,15,N/A,N/A,11,-1,0,Very Low,N/A,1
oppo_full_01_20260809,342,350.602,310.566,GameplayMeasurement,Heavy Combat,1,30,29.999,33.335,33.46,33.526,33.552,33.333,25.501,33.282,N/A,58908,54,145.857,277.793,11.109,14.039,31,28,36,0,4,67,299,node_300_420,8.176,39,28,10.264,early,15,N/A,N/A,11,-1,0,Very Low,N/A,1
oppo_full_01_20260809,343,351.636,311.6,GameplayMeasurement,Heavy Combat,1,31,29.999,33.335,33.489,33.522,33.528,33.35,25.524,33.26,N/A,59174,54,145.895,277.793,11.109,14.039,32,29,32,0,4,65,301,node_300_420,8.193,39,28,10.29,early,15,N/A,N/A,11,-1,0,Very Low,N/A,1
oppo_full_01_20260809,344,352.669,312.633,GameplayMeasurement,Heavy Combat,1,31,30,33.333,33.46,33.481,33.488,33.314,25.248,33.302,N/A,64350,54,145.86,277.793,11.113,14.039,31,28,30,0,4,61,305,node_300_420,8.211,39,28,10.316,early,15,N/A,N/A,11,-1,0,Very Low,N/A,1
oppo_full_01_20260809,345,353.702,313.666,GameplayMeasurement,Heavy Combat,1,31,30.005,33.328,33.447,33.505,33.527,33.337,25.494,33.256,N/A,62198,54,145.882,277.793,11.113,14.039,31,29,24,0,4,56,310,node_300_420,8.228,39,28,10.342,early,15,N/A,N/A,11,-1,0,Very Low,N/A,1
oppo_full_01_20260809,346,354.719,314.683,GameplayMeasurement,Heavy Combat,1,30,29.507,33.89,33.563,45.182,49.918,33.893,24.592,33.856,N/A,58140,54,145.867,277.793,11.145,14.039,31,28,22,0,4,54,312,node_300_420,8.245,39,28,10.367,early,15,N/A,N/A,11,-1,0,Very Low,N/A,1
oppo_full_01_20260809,347,355.719,315.683,GameplayMeasurement,Heavy Combat,1,30,29.997,33.337,33.502,33.533,33.54,33.355,24.878,33.299,N/A,70198,54,145.896,277.793,11.188,14.039,31,28,25,0,4,58,308,node_300_420,8.261,39,28,10.392,early,15,N/A,N/A,11,-1,0,Very Low,N/A,1
oppo_full_01_20260809,348,356.752,316.716,GameplayMeasurement,Heavy Combat,1,31,30.002,33.331,33.485,33.531,33.544,33.32,24.931,33.256,N/A,57914,54,145.876,277.793,11.23,14.039,31,28,37,0,4,69,297,node_300_420,8.279,39,28,10.418,early,15,N/A,N/A,11,-1,0,Very Low,N/A,1
oppo_full_01_20260809,349,357.786,317.749,GameplayMeasurement,Heavy Combat,1,31,30.003,33.33,33.478,33.482,33.483,33.32,25.126,33.288,N/A,56906,54,145.912,277.793,11.27,14.039,31,28,32,0,4,66,300,node_300_420,8.296,39,28,10.444,early,15,N/A,N/A,11,-1,0,Very Low,N/A,1
oppo_full_01_20260809,350,358.786,318.75,GameplayMeasurement,Heavy Combat,1,30,29.996,33.338,33.462,33.489,33.497,33.33,25.295,33.263,N/A,60224,54,145.878,277.793,11.324,14.039,32,28,27,0,4,59,307,node_300_420,8.312,40,28,10.469,early,15,N/A,N/A,11,-1,0,Very Low,N/A,1
oppo_full_01_20260809,351,359.802,319.766,GameplayMeasurement,Heavy Combat,1,30,29.514,33.882,33.915,45.339,49.865,33.89,24.847,33.843,N/A,55548,54,145.884,277.793,11.383,14.039,31,28,30,0,4,62,304,node_300_420,8.329,40,28,10.494,early,15,N/A,N/A,11,-1,0,Very Low,N/A,1
oppo_full_01_20260809,352,360.803,320.766,GameplayMeasurement,Heavy Combat,1,30,29.996,33.337,33.478,33.582,33.618,33.333,25.49,33.261,N/A,61668,54,145.856,277.793,11.438,14.039,30,28,28,0,4,59,307,node_300_420,8.346,40,28,10.519,early,15,N/A,N/A,11,-1,0,Very Low,N/A,1
oppo_full_01_20260809,353,361.803,321.766,GameplayMeasurement,Heavy Combat,1,30,29.999,33.334,33.47,33.532,33.547,33.334,25.342,33.282,N/A,58216,54,145.862,277.793,11.504,14.039,31,28,25,0,4,57,309,node_300_420,8.363,40,28,10.544,early,15,N/A,N/A,11,-1,0,Very Low,N/A,1
oppo_full_01_20260809,354,362.836,322.8,GameplayMeasurement,Heavy Combat,1,31,30.005,33.328,33.446,33.464,33.471,33.33,25.167,33.295,N/A,72298,57,145.933,277.793,11.219,14.039,32,30,27,0,4,62,304,node_300_420,8.38,40,28,10.57,early,15,N/A,N/A,11,-1,0,Very Low,N/A,1
oppo_full_01_20260809,355,363.869,323.833,GameplayMeasurement,Heavy Combat,1,31,30.001,33.332,33.5,33.515,33.519,33.321,25.017,33.261,N/A,60114,57,145.872,277.793,11.219,14.039,31,28,28,0,4,60,306,node_300_420,8.397,40,28,10.596,early,15,N/A,N/A,11,-1,0,Very Low,N/A,1
oppo_full_01_20260809,356,364.869,324.833,GameplayMeasurement,Heavy Combat,1,30,29.996,33.338,33.46,33.542,33.563,33.702,24.918,33.288,N/A,62160,57,145.908,277.793,11.219,14.039,31,29,27,0,4,61,305,node_300_420,8.414,40,28,10.621,early,15,N/A,N/A,11,-1,0,Very Low,N/A,1
oppo_full_01_20260809,357,365.869,325.833,GameplayMeasurement,Heavy Combat,1,30,29.998,33.336,33.533,33.545,33.549,32.989,22.506,33.292,N/A,62208,57,145.889,277.793,11.219,14.039,32,29,20,0,4,53,313,node_300_420,8.431,40,29,10.646,early,15,N/A,N/A,11,-1,0,Very Low,N/A,1
oppo_full_01_20260809,358,366.869,326.833,GameplayMeasurement,Heavy Combat,1,30,29.997,33.336,33.47,33.48,33.48,33.371,25.573,33.279,N/A,58040,57,145.91,277.793,11.219,14.039,32,29,25,0,4,59,307,node_300_420,8.447,40,29,10.671,early,15,N/A,N/A,11,-1,0,Very Low,N/A,1
oppo_full_01_20260809,359,367.902,327.866,GameplayMeasurement,Heavy Combat,1,31,30.007,33.325,33.481,33.544,33.565,33.288,25.459,33.262,N/A,61806,57,145.875,277.793,11.219,14.039,32,29,24,0,4,56,310,node_300_420,8.464,40,29,10.697,early,15,N/A,N/A,11,-1,0,Very Low,N/A,1
oppo_full_01_20260809,360,368.903,328.866,GameplayMeasurement,Heavy Combat,1,30,29.997,33.337,33.512,33.538,33.54,33.35,25.749,33.308,N/A,60080,57,145.852,277.793,11.219,14.039,31,29,21,0,4,52,314,node_300_420,8.481,40,29,10.722,early,15,N/A,N/A,11,-1,0,Very Low,N/A,1
oppo_full_01_20260809,361,369.903,329.866,GameplayMeasurement,Heavy Combat,1,30,29.999,33.334,33.425,33.456,33.468,33.307,25.565,33.25,N/A,53428,57,145.882,277.793,11.219,14.039,32,29,20,0,4,53,313,node_300_420,8.498,40,29,10.747,early,15,N/A,N/A,11,-1,0,Very Low,N/A,1
oppo_full_01_20260809,362,370.919,330.883,GameplayMeasurement,Heavy Combat,1,30,29.503,33.894,33.643,45.301,49.992,33.907,22.813,33.866,N/A,68840,57,145.91,277.793,11.223,14.039,33,30,18,0,4,52,314,node_300_420,8.515,41,29,10.772,early,15,N/A,N/A,11,-1,0,Very Low,N/A,1
oppo_full_01_20260809,363,371.953,331.916,GameplayMeasurement,Heavy Combat,1,31,30.005,33.328,33.482,33.502,33.504,33.328,22.089,33.243,N/A,57726,57,145.868,277.793,11.223,14.039,31,29,28,0,4,60,306,node_300_420,8.532,41,29,10.798,early,15,N/A,N/A,11,-1,0,Very Low,N/A,1
oppo_full_01_20260809,364,372.986,332.95,GameplayMeasurement,Heavy Combat,1,31,30.002,33.331,33.455,33.535,33.568,33.331,21.95,33.274,N/A,70710,57,145.931,277.793,11.223,14.039,33,30,29,0,4,64,302,node_300_420,8.549,41,29,10.824,early,15,N/A,N/A,11,-1,0,Very Low,N/A,1
oppo_full_01_20260809,365,373.986,333.95,GameplayMeasurement,Heavy Combat,1,30,29.996,33.337,33.497,33.536,33.549,33.335,21.692,33.303,N/A,61440,57,145.938,277.793,11.223,14.039,33,30,27,0,4,62,304,node_300_420,8.566,41,29,10.849,early,15,N/A,N/A,11,-1,0,Very Low,N/A,1
oppo_full_01_20260809,366,374.986,334.95,GameplayMeasurement,Heavy Combat,1,30,30,33.333,33.464,33.588,33.634,33.338,21.926,33.24,N/A,57932,57,145.878,277.793,11.227,14.039,32,30,32,0,4,64,302,node_300_420,8.582,41,29,10.874,early,15,N/A,N/A,11,-1,0,Very Low,N/A,1
oppo_full_01_20260809,367,376.003,335.967,GameplayMeasurement,Heavy Combat,1,30,29.509,33.888,33.508,45.239,50.009,33.896,22.609,33.845,N/A,64268,57,145.918,277.793,11.227,14.039,33,29,31,0,4,65,301,node_300_420,8.599,41,29,10.899,early,15,N/A,N/A,11,-1,0,Very Low,N/A,1
oppo_full_01_20260809,368,377.003,336.967,GameplayMeasurement,Heavy Combat,1,30,29.997,33.336,33.44,33.478,33.492,33.334,25.683,33.273,N/A,53248,57,145.881,277.793,11.227,14.039,32,29,29,0,4,62,304,node_300_420,8.616,41,29,10.924,early,15,N/A,N/A,11,-1,0,Very Low,N/A,1
oppo_full_01_20260809,369,378.036,338,GameplayMeasurement,Heavy Combat,1,31,30.003,33.33,33.465,33.525,33.547,33.336,24.873,33.276,N/A,57754,57,145.882,277.793,11.227,14.039,32,29,32,0,4,65,301,node_300_420,8.633,41,29,10.95,early,15,N/A,N/A,11,-1,0,Very Low,N/A,1
oppo_full_01_20260809,370,379.036,339,GameplayMeasurement,Heavy Combat,1,30,29.998,33.335,33.454,33.461,33.462,33.32,25.667,33.279,N/A,61260,57,145.893,277.793,11.227,14.039,32,29,32,0,4,65,301,node_300_420,8.65,41,29,10.975,early,15,N/A,N/A,11,-1,0,Very Low,N/A,1
oppo_full_01_20260809,371,380.036,340,GameplayMeasurement,Heavy Combat,1,30,29.997,33.336,33.491,33.526,33.533,33.335,25.673,33.289,N/A,67386,57,145.896,277.793,11.238,14.039,33,29,26,0,4,59,307,node_300_420,8.667,41,29,11,early,15,N/A,N/A,11,-1,0,Very Low,N/A,1
oppo_full_01_20260809,372,381.069,341.033,GameplayMeasurement,Heavy Combat,1,31,30.005,33.328,33.495,33.539,33.554,33.812,25.087,33.273,N/A,66540,57,145.916,277.793,11.238,14.039,32,29,20,0,4,54,312,node_300_420,8.684,41,29,11.026,early,15,N/A,N/A,11,-1,0,Very Low,N/A,1
oppo_full_01_20260809,373,382.103,342.066,GameplayMeasurement,Heavy Combat,1,31,29.999,33.335,33.513,33.541,33.551,32.863,23.645,33.286,N/A,61472,57,145.91,277.793,11.254,14.039,32,29,19,0,4,53,313,node_300_420,8.701,42,29,11.052,early,15,N/A,N/A,11,-1,0,Very Low,N/A,1
oppo_full_01_20260809,374,383.136,343.1,GameplayMeasurement,Heavy Combat,1,31,30.001,33.332,33.519,33.553,33.564,33.343,25.775,33.272,N/A,60660,57,145.919,277.793,11.297,14.039,33,30,35,0,4,69,297,node_300_420,8.718,42,30,11.077,early,15,N/A,N/A,11,-1,0,Very Low,N/A,1
oppo_full_01_20260809,375,384.169,344.133,GameplayMeasurement,Heavy Combat,1,31,29.999,33.334,33.46,33.555,33.59,33.306,25.901,33.293,N/A,57260,57,145.913,277.793,11.336,14.039,33,30,32,0,4,66,300,node_300_420,8.736,42,30,11.103,early,15,N/A,N/A,11,-1,0,Very Low,N/A,1
oppo_full_01_20260809,376,385.17,345.133,GameplayMeasurement,Heavy Combat,1,30,29.995,33.339,33.447,33.519,33.547,33.34,25.719,33.274,N/A,68518,57,145.885,277.793,11.383,14.039,33,30,27,0,4,60,306,node_300_420,8.752,42,30,11.128,early,15,N/A,N/A,11,-1,0,Very Low,N/A,1
oppo_full_01_20260809,377,386.17,346.133,GameplayMeasurement,Heavy Combat,1,30,30,33.333,33.47,33.522,33.536,33.339,25.448,33.28,N/A,66164,57,145.918,277.793,11.426,14.039,33,30,29,0,4,63,303,node_300_420,8.769,42,30,11.153,early,15,N/A,N/A,11,-1,0,Very Low,N/A,1
oppo_full_01_20260809,378,387.186,347.15,GameplayMeasurement,Heavy Combat,1,30,29.515,33.881,34.057,45.488,50.071,33.886,22.674,33.826,N/A,65328,57,145.944,277.793,11.477,14.039,33,30,32,0,4,67,299,node_300_420,8.786,42,30,11.179,early,15,N/A,N/A,11,-1,0,Very Low,N/A,1
oppo_full_01_20260809,379,388.186,348.15,GameplayMeasurement,Heavy Combat,1,30,29.995,33.339,33.491,33.55,33.569,33.337,22.137,33.297,N/A,59124,57,145.941,277.793,11.523,14.039,33,30,33,0,4,68,298,node_300_420,8.803,42,30,11.204,early,15,N/A,N/A,11,-1,0,Very Low,N/A,1
oppo_full_01_20260809,380,389.186,349.15,GameplayMeasurement,Heavy Combat,1,30,29.998,33.335,33.459,33.514,33.534,33.331,21.953,33.273,N/A,69104,60,145.951,277.793,11.348,14.039,33,30,29,0,4,65,301,node_300_420,8.819,42,30,11.229,early,15,N/A,N/A,11,-1,0,Very Low,N/A,1
oppo_full_01_20260809,381,390.22,350.184,GameplayMeasurement,Heavy Combat,1,31,29.998,33.336,33.501,33.549,33.565,33.331,22.233,33.263,N/A,60184,60,145.944,277.793,11.348,14.039,33,30,27,0,4,62,304,node_300_420,8.836,42,30,11.255,early,15,N/A,N/A,11,-1,0,Very Low,N/A,1
oppo_full_01_20260809,382,391.253,351.217,GameplayMeasurement,Heavy Combat,1,31,30.002,33.331,33.481,33.572,33.611,33.32,22.078,33.301,N/A,63600,60,145.941,277.793,11.348,14.039,33,30,27,0,4,62,304,node_300_420,8.854,42,30,11.28,early,15,N/A,N/A,11,-1,0,Very Low,N/A,1
oppo_full_01_20260809,383,392.27,352.233,GameplayMeasurement,Heavy Combat,1,30,29.511,33.886,33.542,45.235,50.004,33.907,22.915,33.819,N/A,61904,60,145.918,277.793,11.348,14.039,33,30,22,0,4,56,310,node_300_420,8.871,42,30,11.306,early,15,N/A,N/A,11,-1,0,Very Low,N/A,1
oppo_full_01_20260809,384,393.303,353.267,GameplayMeasurement,Heavy Combat,1,31,30.005,33.327,33.453,33.481,33.492,33.319,24.841,33.288,N/A,71464,60,145.905,277.793,11.348,14.039,33,30,20,0,4,54,312,node_300_420,8.888,42,30,11.332,early,15,N/A,N/A,11,-1,0,Very Low,N/A,1
oppo_full_01_20260809,385,394.303,354.267,GameplayMeasurement,Heavy Combat,1,30,29.991,33.343,33.459,33.489,33.496,33.345,25.009,33.279,N/A,68104,60,145.952,277.793,11.348,14.039,33,30,17,0,4,53,313,node_300_420,8.904,43,30,11.357,early,15,N/A,N/A,11,-1,0,Very Low,N/A,1
oppo_full_01_20260809,386,395.336,355.3,GameplayMeasurement,Heavy Combat,1,31,30.004,33.329,33.486,33.508,33.513,33.337,25.874,33.292,N/A,68116,60,145.997,277.793,11.348,14.039,33,31,30,0,4,68,298,node_300_420,8.922,43,30,11.383,early,15,N/A,N/A,11,-1,0,Very Low,N/A,1
oppo_full_01_20260809,387,396.336,356.3,GameplayMeasurement,Heavy Combat,1,30,29.999,33.335,33.436,33.479,33.497,33.331,26.041,33.279,N/A,58852,60,145.928,277.793,11.348,14.039,33,30,27,0,4,62,304,node_300_420,8.938,43,30,11.408,early,15,N/A,N/A,11,-1,0,Very Low,N/A,1
oppo_full_01_20260809,388,397.353,357.317,GameplayMeasurement,Heavy Combat,1,30,29.513,33.883,33.452,45.114,49.873,33.873,24.73,33.853,N/A,65864,60,145.932,277.793,11.348,14.039,33,30,33,0,4,68,298,node_300_420,8.955,43,30,11.433,early,15,N/A,N/A,11,-1,0,Very Low,N/A,1
oppo_full_01_20260809,389,398.353,358.317,GameplayMeasurement,Heavy Combat,1,30,29.997,33.337,33.48,33.548,33.569,33.35,21.779,33.268,N/A,61484,60,145.937,277.793,11.348,14.039,33,30,28,0,4,63,303,node_300_420,8.972,43,30,11.458,early,15,N/A,N/A,11,-1,0,Very Low,N/A,1
oppo_full_01_20260809,390,399.386,359.35,GameplayMeasurement,Heavy Combat,1,31,30.002,33.332,33.545,33.585,33.596,33.321,22.746,33.283,N/A,67020,60,145.935,277.793,11.348,14.039,33,30,27,0,4,63,303,node_300_420,8.989,43,30,11.484,early,15,N/A,N/A,11,-1,0,Very Low,N/A,1
oppo_full_01_20260809,391,400.42,360.384,GameplayMeasurement,Heavy Combat,1,31,30.001,33.333,33.556,33.621,33.64,33.337,24.899,33.264,N/A,82746,60,145.961,277.793,11.355,14.039,34,31,25,0,4,61,305,node_300_420,9.006,43,31,11.51,early,15,N/A,N/A,11,-1,0,Very Low,N/A,1
oppo_full_01_20260809,392,401.42,361.384,GameplayMeasurement,Heavy Combat,1,30,29.996,33.338,33.447,33.471,33.48,33.331,24.707,33.304,N/A,70144,60,145.976,277.793,11.355,14.039,34,31,23,0,4,60,306,node_300_420,9.023,43,31,11.535,early,15,N/A,N/A,11,-1,0,Very Low,N/A,1
oppo_full_01_20260809,393,402.454,362.417,GameplayMeasurement,Heavy Combat,1,31,29.989,33.346,33.466,33.806,33.949,33.352,24.87,33.27,N/A,60448,60,145.974,277.793,11.355,14.039,34,31,20,0,4,57,309,node_300_420,9.04,43,31,11.56,early,15,N/A,N/A,11,-1,0,Very Low,N/A,1
oppo_full_01_20260809,394,403.47,363.434,GameplayMeasurement,Heavy Combat,1,30,29.522,33.873,33.614,45.297,50.029,33.88,25.44,33.83,N/A,68336,60,145.994,277.793,11.355,14.039,35,32,23,0,4,61,305,node_300_420,9.057,43,31,11.586,early,15,N/A,N/A,11,-1,0,Very Low,N/A,1
oppo_full_01_20260809,395,404.503,364.467,GameplayMeasurement,Heavy Combat,1,31,29.999,33.335,33.453,33.485,33.494,33.331,25.865,33.3,N/A,65656,60,145.958,277.793,11.355,14.039,34,31,21,0,4,57,309,node_300_420,9.074,43,31,11.612,early,15,N/A,N/A,11,-1,0,Very Low,N/A,1
oppo_full_01_20260809,396,405.537,365.5,GameplayMeasurement,Heavy Combat,1,31,30.002,33.331,33.457,33.472,33.479,33.342,25.635,33.281,N/A,70020,60,145.964,277.793,11.359,14.039,34,31,33,0,4,69,297,node_300_420,9.092,43,31,11.638,early,15,N/A,N/A,11,-1,0,Very Low,N/A,1
oppo_full_01_20260809,397,406.537,366.501,GameplayMeasurement,Heavy Combat,1,30,29.998,33.335,33.438,33.457,33.463,33.327,25.306,33.272,N/A,65552,60,145.961,277.793,11.367,14.039,34,31,31,0,4,67,299,node_300_420,9.108,44,31,11.663,early,15,N/A,N/A,11,-1,0,Very Low,N/A,1
oppo_full_01_20260809,398,407.57,367.534,GameplayMeasurement,Heavy Combat,1,31,30.004,33.329,33.408,33.421,33.425,33.337,25.583,33.288,N/A,63618,60,145.978,277.793,11.375,14.039,34,31,23,0,4,60,306,node_300_420,9.126,44,31,11.688,early,15,N/A,N/A,11,-1,0,Very Low,N/A,1
oppo_full_01_20260809,399,408.57,368.534,GameplayMeasurement,Heavy Combat,1,29,28.997,34.487,33.48,57.351,66.633,34.474,25.059,34.436,N/A,64918,60,145.96,277.793,11.387,14.039,34,31,29,0,4,65,301,node_300_420,9.142,44,31,11.713,early,15,N/A,N/A,11,-1,0,Very Low,N/A,1
oppo_full_01_20260809,400,409.603,369.567,GameplayMeasurement,Heavy Combat,1,31,29.999,33.334,33.466,33.531,33.55,33.326,25.411,33.283,N/A,64162,60,145.963,277.793,11.398,14.039,34,31,26,0,4,62,304,node_300_420,9.159,44,31,11.739,early,15,N/A,N/A,11,-1,0,Very Low,N/A,1
oppo_full_01_20260809,401,410.637,370.601,GameplayMeasurement,Heavy Combat,1,31,29.998,33.336,33.433,33.454,33.462,33.357,25.72,33.295,N/A,62918,60,145.995,277.793,11.438,14.039,35,31,21,0,4,59,307,node_300_420,9.177,44,31,11.765,early,15,N/A,N/A,11,-1,0,Very Low,N/A,1
oppo_full_01_20260809,402,411.67,371.634,GameplayMeasurement,Heavy Combat,1,31,30.004,33.329,33.434,33.49,33.513,33.322,25.715,33.272,N/A,69610,60,146.002,277.793,11.492,14.039,35,32,22,0,4,60,306,node_300_420,9.194,44,31,11.791,early,15,N/A,N/A,11,-1,0,Very Low,N/A,1
oppo_full_01_20260809,403,412.703,372.667,GameplayMeasurement,Heavy Combat,1,31,30.004,33.329,33.498,33.509,33.51,33.334,25.711,33.278,N/A,65010,60,146.004,277.793,11.543,14.039,35,31,34,0,4,72,294,node_300_420,9.211,44,31,11.817,early,15,N/A,N/A,11,-1,0,Very Low,N/A,1
oppo_full_01_20260809,404,413.72,373.684,GameplayMeasurement,Heavy Combat,1,30,29.502,33.896,33.561,45.235,49.984,33.892,24.512,33.841,N/A,63196,60,145.983,277.793,11.586,14.039,34,31,31,0,4,68,298,node_300_420,9.228,44,31,11.842,early,15,N/A,N/A,11,-1,0,Very Low,N/A,1
oppo_full_01_20260809,405,414.753,374.717,GameplayMeasurement,Heavy Combat,1,31,30.001,33.332,33.472,33.516,33.525,33.314,22.494,33.283,N/A,61334,63,145.969,277.793,10.223,14.039,34,31,31,0,4,67,299,node_300_420,9.245,44,31,11.868,early,15,N/A,N/A,11,-1,0,Very Low,N/A,1
oppo_full_01_20260809,406,415.753,375.717,GameplayMeasurement,Heavy Combat,1,30,29.995,33.339,33.447,33.452,33.452,33.345,22.119,33.269,N/A,71924,63,145.956,277.793,10.227,14.039,34,31,28,0,4,64,302,node_300_420,9.262,44,31,11.893,early,15,N/A,N/A,11,-1,0,Very Low,N/A,1
oppo_full_01_20260809,407,416.786,376.75,GameplayMeasurement,Heavy Combat,1,31,30.007,33.326,33.483,33.532,33.55,33.338,21.605,33.306,N/A,75022,63,145.955,277.793,10.227,14.039,34,31,24,0,4,60,306,node_300_420,9.279,44,31,11.919,early,15,N/A,N/A,11,-1,0,Very Low,N/A,1
oppo_full_01_20260809,408,417.787,377.75,GameplayMeasurement,Heavy Combat,1,30,29.995,33.339,33.495,33.56,33.571,33.332,24.987,33.253,N/A,67888,63,146.006,277.793,10.227,14.039,35,32,21,0,4,59,307,node_300_420,9.296,44,32,11.944,early,15,N/A,N/A,11,-1,0,Very Low,N/A,1
oppo_full_01_20260809,409,418.803,378.767,GameplayMeasurement,Heavy Combat,1,30,29.515,33.882,33.539,45.257,50.036,33.321,25.295,34.166,N/A,63560,63,146.016,277.793,10.227,14.039,35,32,26,0,4,65,301,node_300_420,9.313,45,32,11.969,early,15,N/A,N/A,11,-1,0,Very Low,N/A,1
oppo_full_01_20260809,410,419.804,379.767,GameplayMeasurement,Heavy Combat,1,30,29.989,33.346,33.471,33.526,33.543,33.902,22.478,32.96,N/A,60288,63,145.962,277.793,10.23,14.039,35,32,26,0,4,62,304,node_300_420,9.329,45,32,11.994,early,15,N/A,N/A,11,-1,0,Very Low,N/A,1
oppo_full_01_20260809,411,420.837,380.801,GameplayMeasurement,Heavy Combat,1,31,30.007,33.326,33.435,33.487,33.509,33.353,21.949,33.264,N/A,61966,63,145.974,277.793,10.23,14.039,35,32,26,0,4,63,303,node_300_420,9.347,45,32,12.02,early,15,N/A,N/A,11,-1,0,Very Low,N/A,1
oppo_full_01_20260809,412,421.837,381.801,GameplayMeasurement,Heavy Combat,1,30,29.999,33.334,33.457,33.486,33.49,33.31,22.032,33.282,N/A,60932,63,145.964,277.793,10.234,14.039,36,33,24,0,4,60,306,node_300_420,9.363,45,32,12.045,early,15,N/A,N/A,11,-1,0,Very Low,N/A,1
oppo_full_01_20260809,413,422.837,382.801,GameplayMeasurement,Heavy Combat,1,30,29.999,33.334,33.462,33.513,33.529,33.324,21.929,33.281,N/A,62244,63,145.958,277.793,10.254,14.039,35,32,28,0,4,63,303,node_300_420,9.38,45,32,12.07,early,15,N/A,N/A,11,-1,0,Very Low,N/A,1
oppo_full_01_20260809,414,423.87,383.834,GameplayMeasurement,Heavy Combat,1,31,30.001,33.332,33.44,33.453,33.455,33.342,22.178,33.294,N/A,60658,63,145.961,277.793,10.297,14.039,35,32,19,0,4,54,312,node_300_420,9.397,45,32,12.096,early,15,N/A,N/A,11,-1,0,Very Low,N/A,1
oppo_full_01_20260809,415,424.887,384.85,GameplayMeasurement,Heavy Combat,1,30,29.508,33.889,33.528,45.23,50.005,33.895,24.888,33.817,N/A,65108,63,146.018,277.793,10.352,14.039,37,34,19,0,4,57,309,node_300_420,9.414,45,32,12.121,early,15,N/A,N/A,11,-1,0,Very Low,N/A,1
oppo_full_01_20260809,416,425.887,385.851,GameplayMeasurement,Heavy Combat,1,30,29.993,33.341,33.511,33.562,33.58,33.329,25.822,33.288,N/A,64848,63,146.017,277.793,10.402,14.039,35,32,14,0,4,52,314,node_300_420,9.431,45,32,12.146,early,15,N/A,N/A,11,-1,0,Very Low,N/A,1
oppo_full_01_20260809,417,426.92,386.884,GameplayMeasurement,Heavy Combat,1,31,30.01,33.322,33.461,33.494,33.505,33.342,25.905,33.264,N/A,56882,63,146.005,277.793,10.449,14.039,36,32,27,0,4,65,301,node_300_420,9.448,45,32,12.172,early,15,N/A,N/A,11,-1,0,Very Low,N/A,1
oppo_full_01_20260809,418,427.92,387.884,GameplayMeasurement,Heavy Combat,1,30,29.997,33.337,33.462,33.584,33.632,33.308,25.835,33.293,N/A,57344,63,145.959,277.793,10.488,14.039,35,32,37,0,4,73,293,node_300_420,9.465,45,32,12.197,early,15,N/A,N/A,11,-1,0,Very Low,N/A,1
oppo_full_01_20260809,419,428.953,388.917,GameplayMeasurement,Heavy Combat,1,31,30.001,33.332,33.454,33.48,33.485,33.353,22.426,33.254,N/A,64674,63,146.008,277.793,10.535,14.039,36,33,34,0,4,71,295,node_300_420,9.482,45,32,12.223,early,15,N/A,N/A,11,-1,0,Very Low,N/A,1
oppo_full_01_20260809,420,429.97,389.934,GameplayMeasurement,Heavy Combat,1,30,29.507,33.89,33.588,45.228,49.979,33.883,21.738,33.838,N/A,64148,63,145.979,277.793,10.586,14.039,35,32,30,0,4,66,300,node_300_420,9.499,45,32,12.248,early,15,N/A,N/A,11,-1,0,Very Low,N/A,1
oppo_full_01_20260809,421,430.97,390.934,GameplayMeasurement,Heavy Combat,1,30,29.999,33.334,33.487,33.585,33.606,33.325,22.31,33.307,N/A,69034,63,145.989,277.793,10.637,14.039,35,32,32,0,4,68,298,node_300_420,9.516,46,32,12.273,early,15,N/A,N/A,11,-1,0,Very Low,N/A,1
oppo_full_01_20260809,422,431.97,391.934,GameplayMeasurement,Heavy Combat,1,30,29.999,33.335,33.49,33.504,33.508,33.366,22.637,33.265,N/A,61668,63,145.996,277.793,10.688,14.039,36,32,24,0,4,61,305,node_300_420,9.532,46,32,12.298,early,15,N/A,N/A,11,-1,0,Very Low,N/A,1
oppo_full_01_20260809,423,433.003,392.967,GameplayMeasurement,Heavy Combat,1,31,30.004,33.329,33.463,33.472,33.475,33.303,23.08,33.27,N/A,55118,63,145.965,277.793,10.727,14.039,35,32,25,0,4,61,305,node_300_420,9.549,46,32,12.324,early,15,N/A,N/A,11,-1,0,Very Low,N/A,1
oppo_full_01_20260809,424,434.003,393.967,GameplayMeasurement,Heavy Combat,1,30,29.998,33.335,33.47,33.509,33.525,33.336,25.903,33.282,N/A,57472,63,145.981,277.793,10.777,14.039,36,33,26,0,4,62,304,node_300_420,9.566,46,32,12.349,early,15,N/A,N/A,11,-1,0,Very Low,N/A,1
oppo_full_01_20260809,425,435.037,395,GameplayMeasurement,Heavy Combat,1,31,30.004,33.329,33.452,33.517,33.539,33.328,25.389,33.27,N/A,68478,63,145.971,277.793,10.836,14.039,36,33,21,0,4,57,309,node_300_420,9.583,46,33,12.375,early,15,N/A,N/A,11,-1,0,Very Low,N/A,1
oppo_full_01_20260809,426,436.037,396.001,GameplayMeasurement,Heavy Combat,1,30,29.99,33.345,33.483,33.564,33.589,33.355,22.178,33.293,N/A,62704,63,145.993,277.793,10.906,14.039,36,33,23,0,4,60,306,node_300_420,9.6,46,33,12.4,early,15,N/A,N/A,11,-1,0,Very Low,N/A,1
oppo_full_01_20260809,427,437.07,397.034,GameplayMeasurement,Heavy Combat,1,31,30.004,33.329,33.482,33.53,33.545,33.331,21.838,33.282,N/A,76344,63,146.057,277.793,10.973,14.039,37,34,22,0,4,60,306,node_300_420,9.617,46,33,12.426,early,15,N/A,N/A,11,-1,0,Very Low,N/A,1
oppo_full_01_20260809,428,438.103,398.067,GameplayMeasurement,Heavy Combat,1,31,30.004,33.329,33.455,33.498,33.511,33.331,21.565,33.278,N/A,56200,63,146.048,277.793,11.031,14.039,36,33,34,0,4,72,294,node_300_420,9.634,46,33,12.452,early,15,N/A,N/A,11,-1,0,Very Low,N/A,1
oppo_full_01_20260809,429,439.104,399.067,GameplayMeasurement,Heavy Combat,1,30,29.993,33.342,33.48,33.535,33.553,33.321,22.44,33.282,N/A,60668,66,146.018,277.793,10.391,14.039,36,33,31,0,4,67,299,node_300_420,9.651,46,33,12.477,early,15,N/A,N/A,11,-1,0,Very Low,N/A,1
oppo_full_01_20260809,430,440.137,400.101,GameplayMeasurement,Heavy Combat,1,31,30.005,33.328,33.486,33.513,33.524,33.336,25.114,33.291,N/A,64984,66,146.058,277.793,10.391,14.039,37,34,33,0,4,71,295,node_300_420,9.668,46,33,12.503,early,15,N/A,N/A,11,-1,0,Very Low,N/A,1
oppo_full_01_20260809,431,441.154,401.117,GameplayMeasurement,Heavy Combat,1,30,29.508,33.889,33.623,45.28,50.018,33.881,22.585,33.816,N/A,68648,66,146.048,277.793,10.391,14.039,37,34,26,0,4,64,302,node_300_420,9.685,46,33,12.528,early,15,N/A,N/A,11,-1,0,Very Low,N/A,1
oppo_full_01_20260809,432,442.187,402.151,GameplayMeasurement,Heavy Combat,1,31,30.001,33.332,33.454,33.494,33.505,33.34,21.812,33.29,N/A,68792,66,146.046,277.793,10.391,14.039,37,34,21,0,4,59,307,node_300_420,9.703,47,33,12.554,early,15,N/A,N/A,11,-1,0,Very Low,N/A,1
oppo_full_01_20260809,433,443.22,403.184,GameplayMeasurement,Heavy Combat,1,31,29.996,33.338,33.491,33.501,33.503,33.341,21.939,33.283,N/A,72448,66,146.101,277.793,10.391,14.039,37,34,19,0,4,60,306,node_300_420,9.72,47,33,12.58,early,15,N/A,N/A,11,-1,0,Very Low,N/A,1
oppo_full_01_20260809,434,444.253,404.217,GameplayMeasurement,Heavy Combat,1,31,30.004,33.329,33.52,33.566,33.579,33.321,22.55,33.268,N/A,66384,66,146.114,277.793,10.391,14.039,37,34,21,0,4,62,304,node_300_420,9.737,47,33,12.605,early,15,N/A,N/A,11,-1,0,Very Low,N/A,1
oppo_full_01_20260809,435,445.287,405.251,GameplayMeasurement,Heavy Combat,1,31,30.002,33.331,33.472,33.478,33.48,33.34,22.727,33.282,N/A,70108,66,146.057,277.793,10.402,14.039,37,34,34,0,4,72,294,node_300_420,9.754,47,33,12.631,early,15,N/A,N/A,11,-1,0,Very Low,N/A,1
oppo_full_01_20260809,436,446.303,406.267,GameplayMeasurement,Heavy Combat,1,30,29.507,33.891,33.456,45.278,50.102,33.887,22.045,33.853,N/A,60656,66,146.091,277.793,10.406,14.039,37,34,28,0,4,68,298,node_300_420,9.771,47,33,12.657,early,15,N/A,N/A,11,-1,0,Very Low,N/A,1
oppo_full_01_20260809,437,447.303,407.267,GameplayMeasurement,Heavy Combat,1,30,30,33.334,33.462,33.546,33.579,33.338,22.35,33.263,N/A,61644,66,146.096,277.793,10.41,14.039,38,34,31,0,4,71,295,node_300_420,9.788,47,33,12.682,early,15,N/A,N/A,11,-1,0,Very Low,N/A,1
oppo_full_01_20260809,438,448.337,408.301,GameplayMeasurement,Heavy Combat,1,31,30,33.334,33.468,33.485,33.489,33.335,22.023,33.278,N/A,62896,66,146.052,277.793,10.426,14.039,37,33,27,0,4,65,301,node_300_420,9.805,47,33,12.708,early,15,N/A,N/A,11,-1,0,Very Low,N/A,1
oppo_full_01_20260809,439,449.37,409.334,GameplayMeasurement,Heavy Combat,1,31,30.002,33.331,33.453,33.511,33.529,33.325,22.474,33.268,N/A,59844,66,146.056,277.793,10.465,14.039,36,33,25,0,4,63,303,node_300_420,9.822,47,33,12.733,early,15,N/A,N/A,11,-1,0,Very Low,N/A,1
oppo_full_01_20260809,440,450.37,410.334,GameplayMeasurement,Heavy Combat,1,30,29.999,33.335,33.48,33.485,33.485,33.327,23.01,33.289,N/A,65908,66,146.035,277.793,10.516,14.039,37,33,23,0,4,61,305,node_300_420,9.839,47,33,12.758,early,15,N/A,N/A,11,-1,0,Very Low,N/A,1
oppo_full_01_20260809,441,451.387,411.351,GameplayMeasurement,Heavy Combat,1,30,29.507,33.89,33.478,45.24,50.037,33.887,24.931,33.832,N/A,73364,66,146.07,277.793,10.57,14.039,36,33,22,0,4,61,305,node_300_420,9.856,47,33,12.784,early,15,N/A,N/A,11,-1,0,Very Low,N/A,1
oppo_full_01_20260809,442,452.387,412.351,GameplayMeasurement,Heavy Combat,1,30,29.999,33.334,33.467,33.497,33.509,33.346,25.788,33.281,N/A,63316,66,146.101,277.793,10.613,14.039,38,34,22,0,4,63,303,node_300_420,9.873,47,34,12.809,early,15,N/A,N/A,11,-1,0,Very Low,N/A,1
oppo_full_01_20260809,443,453.387,413.351,GameplayMeasurement,Heavy Combat,1,30,29.997,33.337,33.479,33.572,33.604,33.338,25.769,33.296,N/A,61056,66,146.076,277.793,10.652,14.039,37,34,25,0,4,65,301,node_300_420,9.889,47,34,12.834,early,15,N/A,N/A,11,-1,0,Very Low,N/A,1
oppo_full_01_20260809,444,454.42,414.384,GameplayMeasurement,Heavy Combat,1,31,30.006,33.327,33.444,33.454,33.455,33.338,25.617,33.285,N/A,68272,66,146.07,277.793,10.711,14.039,38,34,20,0,4,59,307,node_300_420,9.906,48,34,12.86,early,15,N/A,N/A,11,-1,0,Very Low,N/A,1
oppo_full_01_20260809,445,455.42,415.384,GameplayMeasurement,Heavy Combat,1,30,29.998,33.336,33.477,33.503,33.511,33.33,25.231,33.275,N/A,62172,66,146.063,277.793,10.754,14.039,38,34,24,0,4,63,303,node_300_420,9.923,48,34,12.885,early,15,N/A,N/A,11,-1,0,Very Low,N/A,1
oppo_full_01_20260809,446,456.454,416.417,GameplayMeasurement,Heavy Combat,1,31,30.001,33.333,33.455,33.465,33.469,33.326,25.442,33.274,N/A,68592,66,146.073,277.793,10.809,14.039,37,34,21,0,4,60,306,node_300_420,9.94,48,34,12.91,early,15,N/A,N/A,11,-1,0,Very Low,N/A,1
oppo_full_01_20260809,447,457.47,417.434,GameplayMeasurement,Heavy Combat,1,30,29.509,33.888,33.539,45.31,50.116,33.916,22.076,33.842,N/A,71308,66,146.079,277.793,10.867,14.039,37,34,19,0,4,58,308,node_300_420,9.957,48,34,12.936,early,15,N/A,N/A,11,-1,0,Very Low,N/A,1
oppo_full_01_20260809,448,458.47,418.434,GameplayMeasurement,Heavy Combat,1,30,29.998,33.335,33.464,33.535,33.562,33.301,21.582,33.278,N/A,68772,66,146.111,277.793,10.926,14.039,38,35,19,0,4,60,306,node_300_420,9.974,48,34,12.961,early,15,N/A,N/A,11,-1,0,Very Low,N/A,1
oppo_full_01_20260809,449,459.47,419.434,GameplayMeasurement,Heavy Combat,1,30,29.999,33.334,33.488,33.514,33.523,33.332,23.333,33.289,N/A,79292,66,146.116,277.793,10.996,14.039,37,34,18,0,4,59,307,node_300_420,9.991,48,34,12.986,early,15,N/A,N/A,11,-1,0,Very Low,N/A,1
oppo_full_01_20260809,450,460.504,420.467,GameplayMeasurement,Long Run / Stress,1,31,30,33.333,33.445,33.472,33.48,33.341,25.813,33.276,N/A,76736,66,146.126,277.793,11.066,14.039,37,34,28,0,4,69,297,node_420_720,10.003,48,34,13.005,early,15,N/A,N/A,11,-1,0,Very Low,N/A,1
oppo_full_01_20260809,451,461.537,421.501,GameplayMeasurement,Long Run / Stress,1,31,30.002,33.331,33.489,33.505,33.506,33.342,25.628,33.294,N/A,66396,66,146.151,277.793,11.117,14.039,38,34,28,0,4,71,295,node_420_720,10.01,48,34,13.015,early,15,N/A,N/A,11,-1,0,Very Low,N/A,1
oppo_full_01_20260809,452,462.553,422.517,GameplayMeasurement,Long Run / Stress,1,30,29.506,33.891,33.54,45.207,49.966,33.896,23.881,33.825,N/A,74094,69,146.126,277.793,10.543,14.039,38,34,25,0,4,67,299,node_420_720,10.017,48,34,13.025,early,15,N/A,N/A,11,-1,0,Very Low,N/A,1
oppo_full_01_20260809,453,463.587,423.551,GameplayMeasurement,Long Run / Stress,1,31,30.001,33.333,33.463,33.475,33.478,33.313,22.562,33.311,N/A,70922,69,146.114,277.793,10.543,14.039,38,35,24,0,4,65,301,node_420_720,10.024,48,34,13.036,early,15,N/A,N/A,11,-1,0,Very Low,N/A,1
oppo_full_01_20260809,454,464.62,424.584,GameplayMeasurement,Long Run / Stress,1,31,30.006,33.326,33.433,33.447,33.452,33.335,22.527,33.28,N/A,56738,69,146.1,277.793,10.543,14.039,38,34,19,0,4,60,306,node_420_720,10.031,48,34,13.046,early,15,N/A,N/A,11,-1,0,Very Low,N/A,1
oppo_full_01_20260809,455,465.62,425.584,GameplayMeasurement,Long Run / Stress,1,30,29.995,33.339,33.491,33.5,33.502,33.344,22.573,33.247,N/A,63774,69,146.079,277.793,10.543,14.039,38,34,22,0,4,62,304,node_420_720,10.037,48,34,13.056,early,15,N/A,N/A,11,-1,0,Very Low,N/A,1
oppo_full_01_20260809,456,466.653,426.617,GameplayMeasurement,Long Run / Stress,1,31,29.999,33.334,33.442,33.461,33.465,33.337,22.096,33.275,N/A,61262,69,146.032,277.793,10.543,14.039,37,34,18,0,4,55,311,node_420_720,10.044,48,34,13.066,early,15,N/A,N/A,11,-1,0,Very Low,N/A,1
oppo_full_01_20260809,457,467.67,427.634,GameplayMeasurement,Long Run / Stress,1,30,29.505,33.893,33.582,45.246,49.986,33.879,21.832,33.856,N/A,68294,69,146.122,277.793,10.543,14.039,38,35,20,0,4,61,305,node_420_720,10.051,48,34,13.076,early,15,N/A,N/A,11,-1,0,Very Low,N/A,1
oppo_full_01_20260809,458,468.704,428.667,GameplayMeasurement,Long Run / Stress,1,31,30.004,33.329,33.46,33.551,33.583,33.323,21.948,33.274,N/A,71926,69,146.101,277.793,10.543,14.039,38,34,26,0,4,67,299,node_420_720,10.058,48,34,13.087,early,15,N/A,N/A,11,-1,0,Very Low,N/A,1
oppo_full_01_20260809,459,469.704,429.667,GameplayMeasurement,Long Run / Stress,1,30,29.999,33.334,33.487,33.503,33.507,33.358,22.41,33.319,N/A,67002,69,146.082,277.793,10.543,14.039,38,34,26,0,4,66,300,node_420_720,10.064,48,34,13.097,early,15,N/A,N/A,11,-1,0,Very Low,N/A,1
oppo_full_01_20260809,460,470.737,430.701,GameplayMeasurement,Long Run / Stress,1,31,30.001,33.332,33.498,33.557,33.557,33.326,22.588,33.237,N/A,69934,69,146.134,277.793,10.547,14.039,38,35,26,0,4,68,298,node_420_720,10.071,48,34,13.107,early,15,N/A,N/A,11,-1,0,Very Low,N/A,1
oppo_full_01_20260809,461,471.737,431.701,GameplayMeasurement,Long Run / Stress,1,30,29.998,33.336,33.525,33.588,33.598,33.327,22.598,33.284,N/A,65910,69,146.079,277.793,10.551,14.039,38,35,29,0,4,68,298,node_420_720,10.078,48,34,13.117,early,15,N/A,N/A,11,-1,0,Very Low,N/A,1
oppo_full_01_20260809,462,472.754,432.717,GameplayMeasurement,Long Run / Stress,1,30,29.511,33.886,33.485,45.252,50.058,34.294,22.692,33.832,N/A,63398,69,146.061,277.793,10.551,14.039,38,35,27,0,4,65,301,node_420_720,10.085,49,34,13.127,early,15,N/A,N/A,11,-1,0,Very Low,N/A,1
oppo_full_01_20260809,463,473.787,433.751,GameplayMeasurement,Long Run / Stress,1,31,30.003,33.33,33.449,33.493,33.505,32.933,25.474,33.291,N/A,63098,69,146.1,277.793,10.594,14.039,38,34,24,0,4,64,302,node_420_720,10.092,49,34,13.138,early,15,N/A,N/A,11,-1,0,Very Low,N/A,1
oppo_full_01_20260809,464,474.787,434.751,GameplayMeasurement,Long Run / Stress,1,30,29.998,33.336,33.531,33.59,33.606,33.342,25.768,33.274,N/A,67106,69,146.127,277.793,10.641,14.039,38,34,28,0,4,69,297,node_420_720,10.098,49,34,13.148,early,15,N/A,N/A,11,-1,0,Very Low,N/A,1
oppo_full_01_20260809,465,475.82,435.784,GameplayMeasurement,Long Run / Stress,1,31,30.002,33.331,33.471,33.493,33.502,33.339,26.051,33.287,N/A,70856,69,146.099,277.793,10.688,14.039,37,34,28,0,4,68,298,node_420_720,10.105,49,34,13.158,early,15,N/A,N/A,11,-1,0,Very Low,N/A,1
oppo_full_01_20260809,466,476.82,436.784,GameplayMeasurement,Long Run / Stress,1,30,29.992,33.343,33.438,33.509,33.536,33.333,25.747,33.286,N/A,64994,69,146.087,277.793,10.734,14.039,37,34,24,0,4,64,302,node_420_720,10.112,49,34,13.168,early,15,N/A,N/A,11,-1,0,Very Low,N/A,1
oppo_full_01_20260809,467,477.854,437.817,GameplayMeasurement,Long Run / Stress,1,31,30.005,33.328,33.489,33.525,33.539,33.329,25.943,33.272,N/A,69386,69,146.083,277.793,10.785,14.039,38,34,17,0,4,57,309,node_420_720,10.119,49,34,13.178,early,15,N/A,N/A,11,-1,0,Very Low,N/A,1
oppo_full_01_20260809,468,478.87,438.834,GameplayMeasurement,Long Run / Stress,1,30,29.509,33.887,33.459,45.146,49.919,33.892,25.397,33.845,N/A,57658,69,146.092,277.793,10.824,14.039,39,35,19,0,4,59,307,node_420_720,10.126,49,35,13.188,early,15,N/A,N/A,11,-1,0,Very Low,N/A,1
oppo_full_01_20260809,469,479.87,439.834,GameplayMeasurement,Long Run / Stress,1,30,29.996,33.338,33.502,33.552,33.572,33.345,26.289,33.289,N/A,59102,69,146.071,277.793,10.871,14.039,38,35,17,0,4,56,310,node_420_720,10.132,49,35,13.198,early,15,N/A,N/A,11,-1,0,Very Low,N/A,1
oppo_full_01_20260809,470,480.904,440.867,GameplayMeasurement,Long Run / Stress,1,31,30.002,33.331,33.489,33.576,33.609,33.317,26.315,33.298,N/A,62786,69,146.075,277.793,10.922,14.039,39,35,29,0,4,68,298,node_420_720,10.139,49,35,13.209,early,15,N/A,N/A,11,-1,0,Very Low,N/A,1
oppo_full_01_20260809,471,481.937,441.901,GameplayMeasurement,Long Run / Stress,1,31,30.001,33.333,33.526,33.606,33.634,33.337,25.945,33.26,N/A,63182,69,146.079,277.793,10.973,14.039,38,35,25,0,4,64,302,node_420_720,10.146,49,35,13.219,early,15,N/A,N/A,11,-1,0,Very Low,N/A,1
oppo_full_01_20260809,472,482.937,442.901,GameplayMeasurement,Long Run / Stress,1,30,29.996,33.338,33.451,33.484,33.495,33.329,25.684,33.306,N/A,66534,69,146.113,277.793,11.027,14.039,38,35,28,0,4,68,298,node_420_720,10.153,49,35,13.229,early,15,N/A,N/A,11,-1,0,Very Low,N/A,1
oppo_full_01_20260809,473,483.954,443.917,GameplayMeasurement,Long Run / Stress,1,30,29.514,33.882,33.427,45.206,50.012,33.882,23.168,33.813,N/A,60802,69,146.173,277.793,11.086,14.039,39,35,25,0,4,68,298,node_420_720,10.159,49,35,13.239,early,15,N/A,N/A,11,-1,0,Very Low,N/A,1
oppo_full_01_20260809,474,484.954,444.918,GameplayMeasurement,Long Run / Stress,1,30,29.99,33.344,33.455,33.486,33.49,33.334,26.04,33.28,N/A,61622,69,146.143,277.793,11.129,14.039,39,35,24,0,4,65,301,node_420_720,10.166,49,35,13.249,early,15,N/A,N/A,11,-1,0,Very Low,N/A,1
oppo_full_01_20260809,475,485.987,445.951,GameplayMeasurement,Long Run / Stress,1,31,30.003,33.33,33.459,33.51,33.53,33.344,26.122,33.295,N/A,47278,69,146.121,277.793,11.18,14.039,38,35,19,0,4,60,306,node_420_720,10.173,49,35,13.26,early,15,N/A,N/A,11,-1,0,Very Low,N/A,1
oppo_full_01_20260809,476,487.02,446.984,GameplayMeasurement,Long Run / Stress,1,31,30.005,33.328,33.481,33.531,33.534,33.318,25.86,33.27,N/A,68874,72,146.094,277.793,10.672,14.039,39,35,19,0,4,58,308,node_420_720,10.18,49,35,13.27,early,15,N/A,N/A,11,-1,0,Very Low,N/A,1
oppo_full_01_20260809,477,488.02,447.984,GameplayMeasurement,Long Run / Stress,1,30,29.995,33.339,33.431,33.466,33.479,33.338,25.398,33.293,N/A,63210,72,146.098,277.793,10.672,14.039,38,35,21,0,4,60,306,node_420_720,10.187,49,35,13.28,early,15,N/A,N/A,11,-1,0,Very Low,N/A,1
oppo_full_01_20260809,478,489.037,449.001,GameplayMeasurement,Long Run / Stress,1,30,29.515,33.881,33.596,45.297,50.053,33.873,24.753,33.856,N/A,61342,72,146.141,277.793,10.672,14.039,39,36,19,0,4,60,306,node_420_720,10.193,49,35,13.29,early,15,N/A,N/A,11,-1,0,Very Low,N/A,1
oppo_full_01_20260809,479,490.037,450.001,GameplayMeasurement,Long Run / Stress,1,30,29.998,33.335,33.479,33.487,33.487,33.351,21.973,33.291,N/A,64322,72,146.143,277.793,10.676,14.039,39,35,22,0,4,64,302,node_420_720,10.2,49,35,13.3,early,15,N/A,N/A,11,-1,0,Very Low,N/A,1
oppo_full_01_20260809,480,491.037,451.001,GameplayMeasurement,Long Run / Stress,1,30,29.999,33.335,33.477,33.488,33.491,33.335,21.847,33.263,N/A,71992,72,146.156,277.793,10.676,14.039,39,35,23,0,4,65,301,node_420_720,10.207,49,35,13.31,early,15,N/A,N/A,11,-1,0,Very Low,N/A,1
oppo_full_01_20260809,481,492.037,452.001,GameplayMeasurement,Long Run / Stress,1,30,29.999,33.335,33.442,33.563,33.613,33.331,22.234,33.296,N/A,65218,72,146.177,277.793,10.676,14.039,39,36,25,0,4,68,298,node_420_720,10.213,49,35,13.32,early,15,N/A,N/A,11,-1,0,Very Low,N/A,1
oppo_full_01_20260809,482,493.07,453.034,GameplayMeasurement,Long Run / Stress,1,31,30.001,33.333,33.48,33.507,33.514,33.33,25.621,33.269,N/A,58522,72,146.169,277.793,10.676,14.039,40,35,24,0,4,67,299,node_420_720,10.22,49,35,13.33,early,15,N/A,N/A,11,-1,0,Very Low,N/A,1
oppo_full_01_20260809,483,494.07,454.034,GameplayMeasurement,Long Run / Stress,1,30,30,33.334,33.502,33.543,33.559,33.346,25.872,33.262,N/A,50334,72,146.121,277.793,10.676,14.039,39,35,22,0,4,63,303,node_420_720,10.227,49,35,13.34,early,15,N/A,N/A,11,-1,0,Very Low,N/A,1
oppo_full_01_20260809,484,495.087,455.051,GameplayMeasurement,Long Run / Stress,1,30,29.51,33.886,33.534,45.239,50.001,33.885,25.855,33.845,N/A,63762,72,146.094,277.793,10.676,14.039,39,36,18,0,4,57,309,node_420_720,10.234,49,35,13.351,early,15,N/A,N/A,11,-1,0,Very Low,N/A,1
oppo_full_01_20260809,485,496.12,456.084,GameplayMeasurement,Long Run / Stress,1,31,29.995,33.339,33.504,33.559,33.57,33.325,25.973,33.301,N/A,52850,72,146.089,277.793,10.68,14.039,39,35,27,0,4,66,300,node_420_720,10.241,49,35,13.361,early,15,N/A,N/A,11,-1,0,Very Low,N/A,1
oppo_full_01_20260809,486,497.154,457.117,GameplayMeasurement,Long Run / Stress,1,31,30.003,33.33,33.447,33.462,33.466,33.338,26.164,33.251,N/A,55998,72,146.082,277.793,10.68,14.039,38,35,27,0,4,65,301,node_420_720,10.247,49,35,13.371,early,15,N/A,N/A,11,-1,0,Very Low,N/A,1
oppo_full_01_20260809,487,498.187,458.151,GameplayMeasurement,Long Run / Stress,1,31,29.997,33.336,33.441,33.45,33.451,33.327,26.093,33.289,N/A,60662,72,146.104,277.793,10.68,14.039,39,36,28,0,4,67,299,node_420_720,10.254,50,35,13.382,early,15,N/A,N/A,11,-1,0,Very Low,N/A,1
oppo_full_01_20260809,488,499.22,459.184,GameplayMeasurement,Long Run / Stress,1,31,30.005,33.327,33.434,33.485,33.502,33.339,26.11,33.272,N/A,52790,72,146.12,277.793,10.68,14.039,39,35,28,0,4,68,298,node_420_720,10.261,50,35,13.392,early,15,N/A,N/A,11,-1,0,Very Low,N/A,1
oppo_full_01_20260809,489,500.237,460.201,GameplayMeasurement,Long Run / Stress,1,30,29.504,33.893,33.58,45.164,49.855,33.904,23.779,33.85,N/A,56414,72,146.101,277.793,10.68,14.039,39,36,28,0,4,67,299,node_420_720,10.268,50,35,13.402,early,15,N/A,N/A,11,-1,0,Very Low,N/A,1
oppo_full_01_20260809,490,501.27,461.234,GameplayMeasurement,Long Run / Stress,1,31,30.002,33.331,33.419,33.457,33.47,33.317,22.494,33.275,N/A,52838,72,146.076,277.793,10.719,14.039,39,35,18,0,4,57,309,node_420_720,10.275,50,35,13.412,early,15,N/A,N/A,11,-1,0,Very Low,N/A,1
oppo_full_01_20260809,491,502.27,462.234,GameplayMeasurement,Long Run / Stress,1,30,29.998,33.335,33.418,33.429,33.431,33.347,22.444,33.272,N/A,56458,72,146.115,277.793,10.75,14.039,40,36,18,0,4,58,308,node_420_720,10.282,50,35,13.422,early,15,N/A,N/A,11,-1,0,Very Low,N/A,1
oppo_full_01_20260809,492,503.304,463.267,GameplayMeasurement,Long Run / Stress,1,31,30.001,33.332,33.442,33.458,33.458,33.323,22.457,33.275,N/A,55286,72,146.091,277.793,10.785,14.039,39,35,27,0,4,66,300,node_420_720,10.288,50,35,13.433,early,15,N/A,N/A,11,-1,0,Very Low,N/A,1
oppo_full_01_20260809,493,504.337,464.301,GameplayMeasurement,Long Run / Stress,1,31,30.002,33.331,33.406,33.407,33.407,33.34,22.426,33.263,N/A,55158,72,146.092,277.793,10.82,14.039,38,35,34,0,4,73,293,node_420_720,10.295,50,35,13.443,early,15,N/A,N/A,11,-1,0,Very Low,N/A,1
oppo_full_01_20260809,494,505.353,465.317,GameplayMeasurement,Long Run / Stress,1,30,29.508,33.889,33.464,45.259,50.07,33.887,21.403,33.85,N/A,70866,72,146.112,277.793,10.863,14.039,40,36,33,0,4,73,293,node_420_720,10.302,50,35,13.453,early,15,N/A,N/A,11,-1,0,Very Low,N/A,1
oppo_full_01_20260809,495,506.354,466.317,GameplayMeasurement,Long Run / Stress,1,30,29.996,33.338,33.432,33.464,33.477,33.332,21.426,33.272,N/A,62790,72,146.114,277.793,10.914,14.039,38,35,26,0,4,66,300,node_420_720,10.309,50,35,13.463,early,15,N/A,N/A,11,-1,0,Very Low,N/A,1
oppo_full_01_20260809,496,507.387,467.351,GameplayMeasurement,Long Run / Stress,1,31,30.004,33.329,33.457,33.49,33.5,33.342,21.562,33.276,N/A,60922,72,146.116,277.793,10.961,14.039,38,35,26,0,4,66,300,node_420_720,10.316,50,35,13.474,early,15,N/A,N/A,11,-1,0,Very Low,N/A,1
oppo_full_01_20260809,497,508.42,468.384,GameplayMeasurement,Long Run / Stress,1,31,29.997,33.336,33.47,33.487,33.492,33.327,21.689,33.291,N/A,59430,72,146.142,277.793,11,14.039,39,36,23,0,4,64,302,node_420_720,10.323,50,35,13.484,early,15,N/A,N/A,11,-1,0,Very Low,N/A,1
oppo_full_01_20260809,498,509.42,469.384,GameplayMeasurement,Long Run / Stress,1,30,29.997,33.336,33.507,33.513,33.514,33.336,22.245,33.279,N/A,54742,72,146.112,277.793,11.051,14.039,39,35,22,0,4,62,304,node_420_720,10.329,50,35,13.494,early,15,N/A,N/A,11,-1,0,Very Low,N/A,1
oppo_full_01_20260809,499,510.453,470.417,GameplayMeasurement,Long Run / Stress,1,31,30.008,33.324,33.495,33.574,33.601,33.807,21.701,33.279,N/A,51290,72,146.095,277.793,11.086,14.039,39,36,18,0,4,57,309,node_420_720,10.336,50,35,13.504,early,15,N/A,N/A,11,-1,0,Very Low,N/A,1
oppo_full_01_20260809,500,511.453,471.417,GameplayMeasurement,Long Run / Stress,1,30,29.998,33.336,33.522,33.623,33.656,32.844,25.443,33.281,N/A,65522,72,146.088,277.793,11.152,14.039,39,35,16,0,4,55,311,node_420_720,10.343,50,35,13.514,early,15,N/A,N/A,11,-1,0,Very Low,N/A,1
oppo_full_01_20260809,501,512.454,472.417,GameplayMeasurement,Long Run / Stress,1,30,29.998,33.336,33.479,33.5,33.507,33.334,25.87,33.309,N/A,54786,72,146.166,277.793,11.195,14.039,41,37,19,0,4,61,305,node_420_720,10.349,50,35,13.524,early,15,N/A,N/A,11,-1,0,Very Low,N/A,1
oppo_full_01_20260809,502,513.454,473.418,GameplayMeasurement,Long Run / Stress,1,30,29.996,33.338,33.514,33.529,33.532,33.319,25.806,33.257,N/A,59054,75,146.127,277.793,10.828,14.039,39,36,21,0,4,61,305,node_420_720,10.356,50,35,13.534,early,15,N/A,N/A,11,-1,0,Very Low,N/A,1
oppo_full_01_20260809,503,514.487,474.451,GameplayMeasurement,Long Run / Stress,1,31,30,33.333,33.471,33.497,33.506,33.329,25.371,33.275,N/A,62630,75,146.099,277.793,10.828,14.039,38,35,30,0,4,69,297,node_420_720,10.363,50,35,13.545,early,15,N/A,N/A,11,-1,0,Very Low,N/A,1
oppo_full_01_20260809,504,515.52,475.484,GameplayMeasurement,Long Run / Stress,1,31,30.002,33.331,33.423,33.472,33.491,33.345,25.51,33.284,N/A,60546,75,146.14,277.793,10.828,14.039,39,36,28,0,4,69,297,node_420_720,10.37,50,35,13.555,early,15,N/A,N/A,11,-1,0,Very Low,N/A,1
oppo_full_01_20260809,505,516.52,476.484,GameplayMeasurement,Long Run / Stress,1,29,28.999,34.484,33.527,57.387,66.665,34.478,25.767,34.43,N/A,60026,75,146.15,277.793,10.828,14.039,39,36,29,0,4,70,296,node_420_720,10.377,50,36,13.565,early,15,N/A,N/A,11,-1,0,Very Low,N/A,1
oppo_full_01_20260809,506,517.553,477.517,GameplayMeasurement,Long Run / Stress,1,31,30.004,33.329,33.447,33.454,33.456,33.347,25.997,33.27,N/A,58854,75,146.124,277.793,10.828,14.039,39,36,24,0,4,65,301,node_420_720,10.383,50,36,13.575,early,15,N/A,N/A,11,-1,0,Very Low,N/A,1
oppo_full_01_20260809,507,518.554,478.517,GameplayMeasurement,Long Run / Stress,1,30,29.997,33.336,33.46,33.539,33.564,33.318,26.177,33.289,N/A,53966,75,146.162,277.793,10.828,14.039,41,38,28,0,4,70,296,node_420_720,10.39,50,36,13.585,early,15,N/A,N/A,11,-1,0,Very Low,N/A,1
oppo_full_01_20260809,508,519.554,479.517,GameplayMeasurement,Long Run / Stress,1,30,29.999,33.334,33.452,33.472,33.478,33.341,25.923,33.29,N/A,59874,75,146.137,277.793,10.828,14.039,40,36,27,0,4,69,297,node_420_720,10.397,50,36,13.595,early,15,N/A,N/A,11,-1,0,Very Low,N/A,1
oppo_full_01_20260809,509,520.587,480.551,GameplayMeasurement,Long Run / Stress,1,31,30.002,33.331,33.515,33.561,33.565,33.323,26.117,33.277,N/A,66830,75,146.121,277.793,10.832,14.039,39,36,19,0,4,59,307,node_420_720,10.404,50,36,13.606,early,15,N/A,N/A,11,-1,0,Very Low,N/A,1
oppo_full_01_20260809,510,521.603,481.567,GameplayMeasurement,Long Run / Stress,1,30,29.509,33.888,33.525,45.259,50.048,33.898,24.636,33.847,N/A,62386,75,146.141,277.793,10.832,14.039,40,36,24,0,4,65,301,node_420_720,10.41,50,36,13.616,early,15,N/A,N/A,11,-1,0,Very Low,N/A,1
oppo_full_01_20260809,511,522.637,482.601,GameplayMeasurement,Long Run / Stress,1,31,30,33.333,33.528,33.555,33.566,33.333,22.107,33.274,N/A,58706,75,146.14,277.793,10.836,14.039,40,36,25,0,4,66,300,node_420_720,10.417,51,36,13.626,early,15,N/A,N/A,11,-1,0,Very Low,N/A,1
oppo_full_01_20260809,512,523.637,483.601,GameplayMeasurement,Long Run / Stress,1,30,29.998,33.336,33.487,33.583,33.617,33.333,22.008,33.287,N/A,59902,75,146.174,277.793,10.836,14.039,40,37,26,0,4,68,298,node_420_720,10.424,51,36,13.636,early,15,N/A,N/A,11,-1,0,Very Low,N/A,1
oppo_full_01_20260809,513,524.637,484.601,GameplayMeasurement,Long Run / Stress,1,30,29.997,33.337,33.411,33.476,33.497,33.336,22.331,33.259,N/A,61150,75,146.132,277.793,10.84,14.039,40,36,20,0,4,61,305,node_420_720,10.431,51,36,13.646,early,15,N/A,N/A,11,-1,0,Very Low,N/A,1
oppo_full_01_20260809,514,525.67,485.634,GameplayMeasurement,Long Run / Stress,1,31,30.003,33.33,33.507,33.603,33.619,33.329,21.892,33.292,N/A,63690,75,146.134,277.793,10.84,14.039,39,36,29,0,4,70,296,node_420_720,10.438,51,36,13.656,early,15,N/A,N/A,11,-1,0,Very Low,N/A,1
oppo_full_01_20260809,515,526.687,486.651,GameplayMeasurement,Long Run / Stress,1,30,29.511,33.886,33.453,45.145,49.915,33.881,22.817,33.849,N/A,53994,75,146.163,277.793,10.84,14.039,41,38,29,0,4,71,295,node_420_720,10.444,51,36,13.667,early,15,N/A,N/A,11,-1,0,Very Low,N/A,1
oppo_full_01_20260809,516,527.72,487.684,GameplayMeasurement,Long Run / Stress,1,31,29.998,33.336,33.431,33.476,33.495,33.34,21.773,33.26,N/A,64094,75,146.148,277.793,10.84,14.039,40,37,27,0,4,69,297,node_420_720,10.451,51,36,13.677,early,15,N/A,N/A,11,-1,0,Very Low,N/A,1
oppo_full_01_20260809,517,528.72,488.684,GameplayMeasurement,Long Run / Stress,1,30,29.996,33.337,33.453,33.486,33.488,33.344,22.273,33.299,N/A,51082,75,146.145,277.793,10.84,14.039,40,37,28,0,4,69,297,node_420_720,10.458,51,36,13.687,early,15,N/A,N/A,11,-1,0,Very Low,N/A,1
oppo_full_01_20260809,518,529.753,489.717,GameplayMeasurement,Long Run / Stress,1,31,30.006,33.327,33.416,33.426,33.429,33.316,22.548,33.262,N/A,73522,75,146.137,277.793,10.875,14.039,39,36,23,0,4,64,302,node_420_720,10.465,51,36,13.697,early,15,N/A,N/A,11,-1,0,Very Low,N/A,1
oppo_full_01_20260809,519,530.787,490.751,GameplayMeasurement,Long Run / Stress,1,31,29.998,33.335,33.426,33.481,33.504,33.357,23.354,33.29,N/A,57218,75,146.14,277.793,10.906,14.039,40,36,23,0,4,64,302,node_420_720,10.472,51,36,13.708,early,15,N/A,N/A,11,-1,0,Very Low,N/A,1
oppo_full_01_20260809,520,531.82,491.784,GameplayMeasurement,Long Run / Stress,1,31,30.001,33.332,33.477,33.49,33.492,33.319,25.909,33.271,N/A,72390,75,146.127,277.793,10.957,14.039,40,36,22,0,4,63,303,node_420_720,10.479,51,36,13.718,early,15,N/A,N/A,11,-1,0,Very Low,N/A,1
oppo_full_01_20260809,521,532.82,492.784,GameplayMeasurement,Long Run / Stress,1,30,29.996,33.338,33.459,33.508,33.527,33.343,22.508,33.293,N/A,59982,75,146.189,277.793,10.996,14.039,40,37,19,0,4,62,304,node_420_720,10.485,51,36,13.728,early,15,N/A,N/A,11,-1,0,Very Low,N/A,1
oppo_full_01_20260809,522,533.853,493.817,GameplayMeasurement,Long Run / Stress,1,31,30.007,33.326,33.467,33.477,33.478,33.324,22.164,33.285,N/A,56578,75,146.178,277.793,11.035,14.039,40,37,26,0,4,69,297,node_420_720,10.492,51,36,13.738,early,15,N/A,N/A,11,-1,0,Very Low,N/A,1
oppo_full_01_20260809,523,534.853,494.818,GameplayMeasurement,Long Run / Stress,1,30,29.994,33.34,33.469,33.503,33.515,33.333,22.166,33.288,N/A,61502,75,146.12,277.793,11.086,14.039,39,36,26,0,4,67,299,node_420_720,10.499,51,36,13.748,early,15,N/A,N/A,11,-1,0,Very Low,N/A,1
oppo_full_01_20260809,524,535.853,495.818,GameplayMeasurement,Long Run / Stress,1,30,30,33.334,33.462,33.523,33.54,33.332,22.131,33.254,N/A,61660,75,146.145,277.793,11.133,14.039,40,37,28,0,4,69,297,node_420_720,10.505,51,36,13.758,early,15,N/A,N/A,11,-1,0,Very Low,N/A,1
oppo_full_01_20260809,525,536.887,496.851,GameplayMeasurement,Long Run / Stress,1,31,30.004,33.329,33.441,33.473,33.487,33.329,21.837,33.284,N/A,57590,75,146.128,277.793,11.176,14.039,40,36,26,0,4,67,299,node_420_720,10.512,51,36,13.769,early,15,N/A,N/A,11,-1,0,Very Low,N/A,1
oppo_full_01_20260809,526,537.903,497.868,GameplayMeasurement,Long Run / Stress,1,30,29.502,33.896,33.546,45.238,50.011,33.893,23.506,33.846,N/A,65594,75,146.169,277.793,11.23,14.039,40,36,23,0,4,66,300,node_420_720,10.519,51,36,13.779,early,15,N/A,N/A,11,-1,0,Very Low,N/A,1
oppo_full_01_20260809,527,538.936,498.901,GameplayMeasurement,Long Run / Stress,1,31,30.003,33.33,33.467,33.523,33.537,33.329,25.921,33.286,N/A,65326,75,146.151,277.793,11.281,14.039,39,36,25,0,4,66,300,node_420_720,10.526,51,36,13.789,early,15,N/A,N/A,11,-1,0,Very Low,N/A,1
oppo_full_01_20260809,528,539.937,499.901,GameplayMeasurement,Long Run / Stress,1,30,29.995,33.338,33.485,33.514,33.517,33.34,26.232,33.315,N/A,61430,78,146.152,277.793,10.949,14.039,40,37,23,0,4,64,302,node_420_720,10.533,51,36,13.799,early,15,N/A,N/A,11,-1,0,Very Low,N/A,1
oppo_full_01_20260809,529,540.97,500.934,GameplayMeasurement,Long Run / Stress,1,31,30.009,33.324,33.46,33.492,33.504,33.328,26.16,33.237,N/A,55574,78,146.182,277.793,10.949,14.039,40,37,20,0,4,63,303,node_420_720,10.54,51,36,13.809,early,15,N/A,N/A,11,-1,0,Very Low,N/A,1
oppo_full_01_20260809,530,541.97,501.934,GameplayMeasurement,Long Run / Stress,1,30,29.997,33.337,33.476,33.484,33.486,33.34,26.14,33.284,N/A,63286,78,146.163,277.793,10.949,14.039,39,36,23,0,4,65,301,node_420_720,10.546,51,36,13.819,early,15,N/A,N/A,11,-1,0,Very Low,N/A,1
oppo_full_01_20260809,531,542.986,502.951,GameplayMeasurement,Long Run / Stress,1,30,29.506,33.891,33.533,45.191,49.952,33.889,25.749,33.849,N/A,60582,78,146.146,277.793,10.949,14.039,40,36,20,0,4,63,303,node_420_720,10.553,51,36,13.83,early,15,N/A,N/A,11,-1,0,Very Low,N/A,1
oppo_full_01_20260809,532,544.02,503.984,GameplayMeasurement,Long Run / Stress,1,31,30.006,33.327,33.468,33.478,33.48,33.331,25.8,33.27,N/A,64106,78,146.127,277.793,10.949,14.039,40,36,21,0,4,63,303,node_420_720,10.56,51,36,13.84,early,15,N/A,N/A,11,-1,0,Very Low,N/A,1
oppo_full_01_20260809,533,545.02,504.984,GameplayMeasurement,Long Run / Stress,1,30,29.995,33.338,33.498,33.529,33.533,33.34,25.694,33.306,N/A,56954,78,146.119,277.793,10.949,14.039,40,36,21,0,4,63,303,node_420_720,10.567,51,36,13.85,early,15,N/A,N/A,11,-1,0,Very Low,N/A,1
oppo_full_01_20260809,534,546.053,506.018,GameplayMeasurement,Long Run / Stress,1,31,30,33.333,33.502,33.515,33.517,33.317,26.007,33.277,N/A,61914,78,146.108,277.793,10.949,14.039,39,36,33,0,4,73,293,node_420_720,10.573,51,36,13.86,early,15,N/A,N/A,11,-1,0,Very Low,N/A,1
oppo_full_01_20260809,535,547.086,507.051,GameplayMeasurement,Long Run / Stress,1,31,30.001,33.333,33.452,33.467,33.472,33.346,25.915,33.274,N/A,64622,78,146.122,277.793,10.949,14.039,39,36,26,0,4,67,299,node_420_720,10.58,51,36,13.871,early,15,N/A,N/A,11,-1,0,Very Low,N/A,1
oppo_full_01_20260809,536,548.103,508.067,GameplayMeasurement,Long Run / Stress,1,30,29.513,33.883,33.484,45.145,49.903,33.323,25.795,33.867,N/A,58182,78,146.13,277.793,10.949,14.039,40,37,23,0,4,64,302,node_420_720,10.587,52,36,13.881,early,15,N/A,N/A,11,-1,0,Very Low,N/A,1
oppo_full_01_20260809,537,549.103,509.068,GameplayMeasurement,Long Run / Stress,1,30,29.991,33.343,33.488,33.501,33.506,33.899,22.239,33.244,N/A,59606,78,146.117,277.793,10.953,14.039,39,36,26,0,4,67,299,node_420_720,10.594,52,36,13.891,early,15,N/A,N/A,11,-1,0,Very Low,N/A,1
oppo_full_01_20260809,538,550.136,510.101,GameplayMeasurement,Long Run / Stress,1,31,30.001,33.333,33.425,33.508,33.54,33.355,21.851,33.291,N/A,62410,78,146.116,277.793,10.957,14.039,39,36,24,0,4,65,301,node_420_720,10.601,52,36,13.901,early,15,N/A,N/A,11,-1,0,Very Low,N/A,1
oppo_full_01_20260809,539,551.169,511.134,GameplayMeasurement,Long Run / Stress,1,31,30.002,33.331,33.52,33.526,33.528,33.313,22.269,33.262,N/A,64166,78,146.146,277.793,10.961,14.039,41,37,22,0,4,64,302,node_420_720,10.608,52,36,13.911,early,15,N/A,N/A,11,-1,0,Very Low,N/A,1
oppo_full_01_20260809,540,552.203,512.168,GameplayMeasurement,Long Run / Stress,1,31,30.001,33.332,33.425,33.439,33.441,33.33,22.518,33.307,N/A,61502,78,146.111,277.793,10.961,14.039,40,36,13,0,4,54,312,node_420_720,10.614,52,36,13.922,early,15,N/A,N/A,11,-1,0,Very Low,N/A,1
oppo_full_01_20260809,541,553.236,513.201,GameplayMeasurement,Long Run / Stress,1,31,30.002,33.331,33.484,33.502,33.51,33.331,25.346,33.282,N/A,63546,78,146.122,277.793,10.961,14.039,40,36,27,0,4,68,298,node_420_720,10.621,52,36,13.932,early,15,N/A,N/A,11,-1,0,Very Low,N/A,1
oppo_full_01_20260809,542,554.253,514.218,GameplayMeasurement,Long Run / Stress,1,30,29.506,33.891,33.48,45.227,50.009,33.887,25.585,33.797,N/A,57630,78,146.153,277.793,10.961,14.039,40,37,24,0,4,66,300,node_420_720,10.628,52,37,13.942,early,15,N/A,N/A,11,-1,0,Very Low,N/A,1
oppo_full_01_20260809,543,555.253,515.218,GameplayMeasurement,Long Run / Stress,1,30,29.998,33.335,33.476,33.543,33.557,33.358,26.059,33.291,N/A,58126,78,146.167,277.793,10.961,14.039,41,38,35,0,4,78,288,node_420_720,10.635,52,37,13.952,early,15,N/A,N/A,11,-1,0,Very Low,N/A,1
oppo_full_01_20260809,544,556.286,516.251,GameplayMeasurement,Long Run / Stress,1,31,30.003,33.331,33.545,33.588,33.599,33.317,26.216,33.304,N/A,64586,78,146.146,277.793,10.961,14.039,41,38,29,0,4,71,295,node_420_720,10.642,52,37,13.963,early,15,N/A,N/A,11,-1,0,Very Low,N/A,1
oppo_full_01_20260809,545,557.319,517.284,GameplayMeasurement,Long Run / Stress,1,31,30.002,33.331,33.414,33.451,33.467,33.323,26.004,33.255,N/A,56130,78,146.149,277.793,10.977,14.039,41,37,26,0,4,68,298,node_420_720,10.649,52,37,13.973,early,15,N/A,N/A,11,-1,0,Very Low,N/A,1
oppo_full_01_20260809,546,558.352,518.317,GameplayMeasurement,Long Run / Stress,1,31,30.001,33.332,33.415,33.493,33.524,33.342,25.763,33.278,N/A,69254,78,146.17,277.793,11.023,14.039,41,37,20,0,4,63,303,node_420_720,10.655,52,37,13.983,early,15,N/A,N/A,11,-1,0,Very Low,N/A,1
oppo_full_01_20260809,547,559.352,519.317,GameplayMeasurement,Long Run / Stress,1,30,29.998,33.336,33.493,33.499,33.501,33.326,24.331,33.287,N/A,54442,78,146.141,277.793,11.059,14.039,41,37,20,0,4,62,304,node_420_720,10.662,52,37,13.993,early,15,N/A,N/A,11,-1,0,Very Low,N/A,1
oppo_full_01_20260809,548,560.386,520.351,GameplayMeasurement,Long Run / Stress,1,31,30.001,33.332,33.49,33.562,33.589,33.33,22.667,33.272,N/A,61734,78,146.135,277.793,11.105,14.039,41,37,20,0,4,62,304,node_420_720,10.669,52,37,14.004,early,15,N/A,N/A,11,-1,0,Very Low,N/A,1
oppo_full_01_20260809,549,561.386,521.351,GameplayMeasurement,Long Run / Stress,1,30,29.996,33.337,33.459,33.506,33.523,33.339,22.421,33.305,N/A,57478,78,146.154,277.793,11.141,14.039,41,38,24,0,4,66,300,node_420_720,10.676,52,37,14.014,early,15,N/A,N/A,11,-1,0,Very Low,N/A,1
oppo_full_01_20260809,550,562.419,522.384,GameplayMeasurement,Long Run / Stress,1,31,30.002,33.331,33.451,33.477,33.478,33.335,22.214,33.267,N/A,67694,78,146.13,277.793,11.191,14.039,40,37,26,0,4,67,299,node_420_720,10.683,52,37,14.024,early,15,N/A,N/A,11,-1,0,Very Low,N/A,1
oppo_full_01_20260809,551,563.419,523.384,GameplayMeasurement,Long Run / Stress,1,30,29.999,33.334,33.484,33.502,33.509,33.32,22.224,33.272,N/A,63770,78,146.156,277.793,11.242,14.039,40,37,31,0,4,73,293,node_420_720,10.689,52,37,14.034,early,15,N/A,N/A,11,-1,0,Very Low,N/A,1
oppo_full_01_20260809,552,564.436,524.401,GameplayMeasurement,Long Run / Stress,1,30,29.505,33.893,33.554,45.2,49.934,33.908,22.009,33.839,N/A,54234,78,146.145,277.793,11.289,14.039,40,37,27,0,4,69,297,node_420_720,10.696,52,37,14.044,early,15,N/A,N/A,11,-1,0,Very Low,N/A,1
oppo_full_01_20260809,553,565.469,525.434,GameplayMeasurement,Long Run / Stress,1,31,30.004,33.329,33.492,33.507,33.51,33.324,22.698,33.317,N/A,62830,78,146.12,277.793,11.348,14.039,40,37,27,0,4,68,298,node_420_720,10.703,52,37,14.054,early,15,N/A,N/A,11,-1,0,Very Low,N/A,1
oppo_full_01_20260809,554,566.502,526.467,GameplayMeasurement,Long Run / Stress,1,31,30.001,33.332,33.456,33.486,33.499,33.336,22.672,33.25,N/A,61670,81,146.105,277.793,11.078,11.609,40,37,23,0,4,63,303,node_420_720,10.71,52,37,14.065,early,15,N/A,N/A,11,-1,0,Very Low,N/A,1
oppo_full_01_20260809,555,567.503,527.467,GameplayMeasurement,Long Run / Stress,1,30,30,33.333,33.499,33.535,33.536,33.332,22.69,33.274,N/A,49918,81,146.146,277.793,11.078,11.609,42,39,25,0,4,67,299,node_420_720,10.716,52,37,14.075,early,15,N/A,N/A,11,-1,0,Very Low,N/A,1
oppo_full_01_20260809,556,568.503,528.467,GameplayMeasurement,Long Run / Stress,1,30,30,33.333,33.482,33.489,33.489,33.339,22.401,33.266,N/A,59078,81,146.121,277.793,11.078,11.609,41,37,25,0,4,66,300,node_420_720,10.723,52,37,14.085,early,15,N/A,N/A,11,-1,0,Very Low,N/A,1
oppo_full_01_20260809,557,569.536,529.501,GameplayMeasurement,Long Run / Stress,1,31,30.004,33.329,33.418,33.433,33.438,33.335,22.405,33.277,N/A,60390,81,146.128,277.793,11.078,11.609,41,37,24,0,4,65,301,node_420_720,10.73,52,37,14.095,early,15,N/A,N/A,11,-1,0,Very Low,N/A,1
oppo_full_01_20260809,558,570.553,530.517,GameplayMeasurement,Long Run / Stress,1,30,29.505,33.892,33.452,45.273,50.1,33.875,25.463,33.844,N/A,57238,81,146.137,277.793,11.078,11.609,41,37,18,0,4,60,306,node_420_720,10.737,52,37,14.105,early,15,N/A,N/A,11,-1,0,Very Low,N/A,1
oppo_full_01_20260809,559,571.586,531.551,GameplayMeasurement,Long Run / Stress,1,31,30.002,33.331,33.513,33.526,33.527,33.337,25.615,33.267,N/A,58834,81,146.123,277.793,11.078,11.609,41,37,20,0,4,61,305,node_420_720,10.744,52,37,14.116,early,15,N/A,N/A,11,-1,0,Very Low,N/A,1
oppo_full_01_20260809,560,572.586,532.551,GameplayMeasurement,Long Run / Stress,1,30,29.996,33.338,33.473,33.557,33.581,33.33,25.635,33.3,N/A,65810,81,146.13,277.793,11.078,11.609,41,38,18,0,4,59,307,node_420_720,10.75,53,37,14.126,early,15,N/A,N/A,11,-1,0,Very Low,N/A,1
oppo_full_01_20260809,561,573.619,533.584,GameplayMeasurement,Long Run / Stress,1,31,30.005,33.328,33.46,33.498,33.511,33.338,25.997,33.3,N/A,59510,81,146.139,277.793,11.078,11.609,40,37,30,0,4,71,295,node_420_720,10.757,53,37,14.136,early,15,N/A,N/A,11,-1,0,Very Low,N/A,1
oppo_full_01_20260809,562,574.619,534.584,GameplayMeasurement,Long Run / Stress,1,30,29.993,33.341,33.531,33.549,33.554,33.337,25.627,33.272,N/A,64846,81,146.154,277.793,11.078,11.609,40,37,29,0,4,71,295,node_420_720,10.764,53,37,14.146,early,15,N/A,N/A,11,-1,0,Very Low,N/A,1
oppo_full_01_20260809,563,575.636,535.601,GameplayMeasurement,Long Run / Stress,1,30,29.509,33.888,33.507,45.123,49.856,33.903,25.923,33.84,N/A,54670,81,146.134,277.793,11.082,11.609,40,37,33,0,4,74,292,node_420_720,10.771,53,37,14.156,early,15,N/A,N/A,11,-1,0,Very Low,N/A,1
oppo_full_01_20260809,564,576.669,536.634,GameplayMeasurement,Long Run / Stress,1,31,30,33.334,33.442,33.529,33.566,33.327,26.325,33.292,N/A,61878,81,146.149,277.793,11.082,11.609,41,38,26,0,4,68,298,node_420_720,10.778,53,37,14.166,early,15,N/A,N/A,11,-1,0,Very Low,N/A,1
oppo_full_01_20260809,565,577.703,537.668,GameplayMeasurement,Long Run / Stress,1,31,30.001,33.332,33.476,33.529,33.546,33.318,26.33,33.257,N/A,55754,81,146.116,277.793,11.082,11.609,40,37,23,0,4,63,303,node_420_720,10.784,53,37,14.177,early,15,N/A,N/A,11,-1,0,Very Low,N/A,1
oppo_full_01_20260809,566,578.736,538.701,GameplayMeasurement,Long Run / Stress,1,31,29.999,33.335,33.447,33.503,33.52,33.343,26.294,33.3,N/A,54822,81,146.132,277.793,11.082,11.609,41,37,23,0,4,65,301,node_420_720,10.791,53,37,14.187,early,15,N/A,N/A,11,-1,0,Very Low,N/A,1
oppo_full_01_20260809,567,579.736,539.701,GameplayMeasurement,Long Run / Stress,1,30,30,33.333,33.46,33.501,33.514,33.347,25.83,33.27,N/A,60326,81,146.111,277.793,11.082,11.609,40,37,22,0,4,62,304,node_420_720,10.798,53,37,14.197,early,15,N/A,N/A,11,-1,0,Very Low,N/A,1
oppo_full_01_20260809,568,580.753,540.718,GameplayMeasurement,Long Run / Stress,1,30,29.51,33.887,33.48,45.197,49.964,33.889,25.567,33.849,N/A,71098,81,146.128,277.793,11.086,11.609,40,37,18,0,4,59,307,node_420_720,10.805,53,37,14.207,early,15,N/A,N/A,11,-1,0,Very Low,N/A,1
oppo_full_01_20260809,569,581.753,541.718,GameplayMeasurement,Long Run / Stress,1,30,29.997,33.337,33.512,33.535,33.54,33.32,25.41,33.26,N/A,55570,81,146.135,277.793,11.086,11.609,40,37,31,0,4,72,294,node_420_720,10.811,53,37,14.217,early,15,N/A,N/A,11,-1,0,Very Low,N/A,1
oppo_full_01_20260809,570,582.786,542.751,GameplayMeasurement,Long Run / Stress,1,31,30,33.333,33.517,33.565,33.575,33.329,25.691,33.293,N/A,60406,81,146.147,277.793,11.086,11.609,41,38,24,0,4,66,300,node_420_720,10.818,53,37,14.228,early,15,N/A,N/A,11,-1,0,Very Low,N/A,1
oppo_full_01_20260809,571,583.819,543.784,GameplayMeasurement,Long Run / Stress,1,31,30.002,33.331,33.443,33.465,33.468,33.349,26.258,33.293,N/A,65254,81,146.148,277.793,11.086,11.609,41,37,27,0,4,69,297,node_420_720,10.825,53,37,14.238,early,15,N/A,N/A,11,-1,0,Very Low,N/A,1
oppo_full_01_20260809,572,584.853,544.818,GameplayMeasurement,Long Run / Stress,1,31,30,33.333,33.543,33.564,33.569,33.335,26.091,33.256,N/A,53642,81,146.151,277.793,11.094,11.609,41,37,26,0,4,68,298,node_420_720,10.832,53,37,14.248,early,15,N/A,N/A,11,-1,0,Very Low,N/A,1
oppo_full_01_20260809,573,585.869,545.834,GameplayMeasurement,Long Run / Stress,1,30,29.51,33.887,33.507,45.256,50.051,33.881,25.453,33.839,N/A,57282,81,146.133,277.793,11.129,11.609,41,37,28,0,4,69,297,node_420_720,10.839,53,37,14.258,early,15,N/A,N/A,11,-1,0,Very Low,N/A,1
oppo_full_01_20260809,574,586.87,546.835,GameplayMeasurement,Long Run / Stress,1,30,29.997,33.337,33.437,33.505,33.532,33.336,21.927,33.285,N/A,56370,81,146.13,277.793,11.168,11.609,41,37,23,0,4,64,302,node_420_720,10.846,53,37,14.268,early,15,N/A,N/A,11,-1,0,Very Low,N/A,1
oppo_full_01_20260809,575,587.903,547.868,GameplayMeasurement,Long Run / Stress,1,31,30.003,33.33,33.472,33.57,33.603,33.314,22.003,33.273,N/A,57906,81,146.107,277.793,11.207,11.609,40,37,24,0,4,64,302,node_420_720,10.852,53,37,14.279,early,15,N/A,N/A,11,-1,0,Very Low,N/A,1
oppo_full_01_20260809,576,588.903,548.868,GameplayMeasurement,Long Run / Stress,1,30,29.999,33.335,33.458,33.49,33.492,33.343,21.767,33.286,N/A,63358,81,146.13,277.793,11.25,11.609,41,37,22,0,4,64,302,node_420_720,10.859,53,37,14.289,early,15,N/A,N/A,11,-1,0,Very Low,N/A,1
oppo_full_01_20260809,577,589.936,549.901,GameplayMeasurement,Long Run / Stress,1,31,30.001,33.333,33.479,33.496,33.498,33.339,22.058,33.287,N/A,56870,81,146.178,277.793,11.285,11.609,41,38,24,0,4,67,299,node_420_720,10.866,53,37,14.299,early,15,N/A,N/A,11,-1,0,Very Low,N/A,1
oppo_full_01_20260809,578,590.936,550.901,GameplayMeasurement,Long Run / Stress,1,30,29.996,33.338,33.473,33.478,33.479,33.33,21.83,33.265,N/A,67430,81,146.158,277.793,11.336,11.609,41,37,25,0,4,68,298,node_420_720,10.873,53,37,14.309,early,15,N/A,N/A,11,-1,0,Very Low,N/A,1
oppo_full_01_20260809,579,591.953,551.917,GameplayMeasurement,Long Run / Stress,1,30,29.51,33.887,33.55,45.185,49.935,33.896,24.744,33.837,N/A,61570,81,146.207,277.793,11.383,11.609,43,40,24,0,4,69,297,node_420_720,10.879,53,38,14.319,early,15,N/A,N/A,11,-1,0,Very Low,N/A,1
oppo_full_01_20260809,580,592.986,552.951,GameplayMeasurement,Long Run / Stress,1,31,30.006,33.327,33.512,33.578,33.593,33.318,25.618,33.273,N/A,64758,81,146.183,277.793,11.441,11.609,42,39,19,0,4,62,304,node_420_720,10.886,53,38,14.33,early,15,N/A,N/A,11,-1,0,Very Low,N/A,1
oppo_full_01_20260809,581,593.986,553.951,GameplayMeasurement,Long Run / Stress,1,30,29.997,33.336,33.45,33.463,33.467,33.342,22.13,33.29,N/A,59330,84,146.196,277.793,11.191,11.477,42,39,21,0,4,65,301,node_420_720,10.893,53,38,14.34,early,15,N/A,N/A,11,-1,0,Very Low,N/A,1
oppo_full_01_20260809,582,594.986,554.951,GameplayMeasurement,Long Run / Stress,1,30,29.999,33.334,33.463,33.538,33.562,33.329,22.579,33.281,N/A,61806,84,146.191,277.793,11.191,11.477,42,39,20,0,4,64,302,node_420_720,10.9,53,38,14.35,early,15,N/A,N/A,11,-1,0,Very Low,N/A,1
oppo_full_01_20260809,583,596.019,555.984,GameplayMeasurement,Long Run / Stress,1,31,30.005,33.328,33.476,33.497,33.499,33.329,22.739,33.269,N/A,66626,84,146.177,277.793,11.199,11.477,41,38,37,0,4,80,286,node_420_720,10.907,53,38,14.36,early,15,N/A,N/A,11,-1,0,Very Low,N/A,1
oppo_full_01_20260809,584,597.036,557.001,GameplayMeasurement,Long Run / Stress,1,30,29.505,33.892,33.477,45.253,50.053,33.891,22.126,33.841,N/A,94174,84,146.167,277.793,11.234,11.477,41,38,36,0,4,79,287,node_420_720,10.913,53,38,14.37,early,15,N/A,N/A,11,-1,0,Very Low,N/A,1
oppo_full_01_20260809,585,598.036,558.001,GameplayMeasurement,Long Run / Stress,1,30,29.999,33.335,33.451,33.507,33.527,33.335,22.162,33.282,N/A,60226,84,146.178,277.793,11.234,11.477,42,39,36,0,4,79,287,node_420_720,10.92,54,38,14.38,early,15,N/A,N/A,11,-1,0,Very Low,N/A,1
oppo_full_01_20260809,586,599.069,559.034,GameplayMeasurement,Long Run / Stress,1,31,29.998,33.336,33.49,33.525,33.531,33.337,22.627,33.277,N/A,60250,84,146.179,277.793,11.234,11.477,42,39,26,0,4,69,297,node_420_720,10.927,54,38,14.39,early,15,N/A,N/A,11,-1,0,Very Low,N/A,1
oppo_full_01_20260809,587,600.103,560.067,GameplayMeasurement,Long Run / Stress,1,31,30.002,33.331,33.471,33.567,33.603,33.33,22.549,33.29,N/A,66814,84,146.169,277.793,11.234,11.477,42,38,25,0,4,68,298,node_420_720,10.934,54,38,14.401,early,15,N/A,N/A,11,-1,0,Very Low,N/A,1
oppo_full_01_20260809,588,601.136,561.101,GameplayMeasurement,Long Run / Stress,1,31,30.001,33.332,33.458,33.489,33.501,33.342,22.924,33.287,N/A,54454,84,146.189,277.793,11.234,11.477,42,39,25,0,4,68,298,node_420_720,10.941,54,38,14.411,early,15,N/A,N/A,11,-1,0,Very Low,N/A,1
oppo_full_01_20260809,589,602.153,562.118,GameplayMeasurement,Long Run / Stress,1,30,29.503,33.895,33.508,45.17,49.92,33.877,22.839,33.839,N/A,59298,84,146.199,277.793,11.234,11.477,42,39,21,0,4,64,302,node_420_720,10.947,54,38,14.421,early,15,N/A,N/A,11,-1,0,Very Low,N/A,1
oppo_full_01_20260809,590,777.598,737.563,GameplayMeasurement,Warm-up,0,24,0.137,7310.206,33.484,134509.96,174678.25,33.33,24.385,7310.437,N/A,43450,84,146.157,277.793,11.395,11.477,41,38,31,0,4,72,294,node_720_plus,10.953,54,38,14.429,early,15,N/A,N/A,22,-1,0,Very Low,N/A,1
