level,damage,fireRate,maxHp,projectileCount,squadSize,cost,effectiveDps,durability,cumulativeCost,runsAt2Min,runsAt5Min,runsAt10Min
0,1.0,4.0,10.0,5,1,0,20.0,10.0,0,0,0,0
1,1.100000023841858,4.400000095367432,11.5,6,2,100,36.213348388671875,14.375,100,2,1,1
2,1.2000000476837158,4.800000190734863,13.0,8,3,250,51.315731048583984,19.5,350,4,2,1
3,1.2999999523162842,5.199999809265137,15.0,10,5,550,73.14217376708984,30.0,900,10,3,1
4,1.4199999570846558,5.800000190734863,17.5,13,8,1100,108.73925018310547,48.125,2000,21,6,3
5,1.5499999523162842,6.400000095367432,20.0,16,12,2200,156.02232360839844,75.0,4200,43,13,5
